/usr/lib/python3.12/site-packages/authlib/integrations/httpx_client/assertion_client.py:5: AuthlibDeprecationWarning: The httpx module is deprecated; please use httpx2 instead.
  from ._compat import httpx2
INFO:     Will watch for changes in these directories: ['/public/eclipseid']
INFO:     Uvicorn running on http://0.0.0.0:8000 (Press CTRL+C to quit)
INFO:     Started reloader process [32016] using WatchFiles
/usr/lib/python3.12/site-packages/authlib/integrations/httpx_client/assertion_client.py:5: AuthlibDeprecationWarning: The httpx module is deprecated; please use httpx2 instead.
  from ._compat import httpx2
INFO:     Started server process [32032]
INFO:     Waiting for application startup.
2026-09-18 11:41:11,587 INFO sqlalchemy.engine.Engine select pg_catalog.version()
2026-09-18 11:41:11,587 INFO sqlalchemy.engine.Engine [raw sql] ()
2026-09-18 11:41:11,593 INFO sqlalchemy.engine.Engine select current_schema()
2026-09-18 11:41:11,593 INFO sqlalchemy.engine.Engine [raw sql] ()
2026-09-18 11:41:11,597 INFO sqlalchemy.engine.Engine show standard_conforming_strings
2026-09-18 11:41:11,597 INFO sqlalchemy.engine.Engine [raw sql] ()
2026-09-18 11:41:11,600 INFO sqlalchemy.engine.Engine BEGIN (implicit)
2026-09-18 11:41:11,613 INFO sqlalchemy.engine.Engine SELECT pg_catalog.pg_class.relname 
FROM pg_catalog.pg_class JOIN pg_catalog.pg_namespace ON pg_catalog.pg_namespace.oid = pg_catalog.pg_class.relnamespace 
WHERE pg_catalog.pg_class.relname = $1::VARCHAR AND pg_catalog.pg_class.relkind = ANY (ARRAY[$2::VARCHAR, $3::VARCHAR, $4::VARCHAR, $5::VARCHAR, $6::VARCHAR]) AND pg_catalog.pg_table_is_visible(pg_catalog.pg_class.oid) AND pg_catalog.pg_namespace.nspname != $7::VARCHAR
2026-09-18 11:41:11,613 INFO sqlalchemy.engine.Engine [generated in 0.00076s] ('role_permissions', 'r', 'p', 'f', 'v', 'm', 'pg_catalog')
2026-09-18 11:41:11,625 INFO sqlalchemy.engine.Engine SELECT pg_catalog.pg_class.relname 
FROM pg_catalog.pg_class JOIN pg_catalog.pg_namespace ON pg_catalog.pg_namespace.oid = pg_catalog.pg_class.relnamespace 
WHERE pg_catalog.pg_class.relname = $1::VARCHAR AND pg_catalog.pg_class.relkind = ANY (ARRAY[$2::VARCHAR, $3::VARCHAR, $4::VARCHAR, $5::VARCHAR, $6::VARCHAR]) AND pg_catalog.pg_table_is_visible(pg_catalog.pg_class.oid) AND pg_catalog.pg_namespace.nspname != $7::VARCHAR
2026-09-18 11:41:11,625 INFO sqlalchemy.engine.Engine [cached since 0.01302s ago] ('roles', 'r', 'p', 'f', 'v', 'm', 'pg_catalog')
2026-09-18 11:41:11,628 INFO sqlalchemy.engine.Engine SELECT pg_catalog.pg_class.relname 
FROM pg_catalog.pg_class JOIN pg_catalog.pg_namespace ON pg_catalog.pg_namespace.oid = pg_catalog.pg_class.relnamespace 
WHERE pg_catalog.pg_class.relname = $1::VARCHAR AND pg_catalog.pg_class.relkind = ANY (ARRAY[$2::VARCHAR, $3::VARCHAR, $4::VARCHAR, $5::VARCHAR, $6::VARCHAR]) AND pg_catalog.pg_table_is_visible(pg_catalog.pg_class.oid) AND pg_catalog.pg_namespace.nspname != $7::VARCHAR
2026-09-18 11:41:11,628 INFO sqlalchemy.engine.Engine [cached since 0.01583s ago] ('permissions', 'r', 'p', 'f', 'v', 'm', 'pg_catalog')
2026-09-18 11:41:11,630 INFO sqlalchemy.engine.Engine SELECT pg_catalog.pg_class.relname 
FROM pg_catalog.pg_class JOIN pg_catalog.pg_namespace ON pg_catalog.pg_namespace.oid = pg_catalog.pg_class.relnamespace 
WHERE pg_catalog.pg_class.relname = $1::VARCHAR AND pg_catalog.pg_class.relkind = ANY (ARRAY[$2::VARCHAR, $3::VARCHAR, $4::VARCHAR, $5::VARCHAR, $6::VARCHAR]) AND pg_catalog.pg_table_is_visible(pg_catalog.pg_class.oid) AND pg_catalog.pg_namespace.nspname != $7::VARCHAR
2026-09-18 11:41:11,631 INFO sqlalchemy.engine.Engine [cached since 0.01838s ago] ('citizens', 'r', 'p', 'f', 'v', 'm', 'pg_catalog')
2026-09-18 11:41:11,633 INFO sqlalchemy.engine.Engine SELECT pg_catalog.pg_class.relname 
FROM pg_catalog.pg_class JOIN pg_catalog.pg_namespace ON pg_catalog.pg_namespace.oid = pg_catalog.pg_class.relnamespace 
WHERE pg_catalog.pg_class.relname = $1::VARCHAR AND pg_catalog.pg_class.relkind = ANY (ARRAY[$2::VARCHAR, $3::VARCHAR, $4::VARCHAR, $5::VARCHAR, $6::VARCHAR]) AND pg_catalog.pg_table_is_visible(pg_catalog.pg_class.oid) AND pg_catalog.pg_namespace.nspname != $7::VARCHAR
2026-09-18 11:41:11,633 INFO sqlalchemy.engine.Engine [cached since 0.02095s ago] ('isb_employees', 'r', 'p', 'f', 'v', 'm', 'pg_catalog')
2026-09-18 11:41:11,636 INFO sqlalchemy.engine.Engine SELECT pg_catalog.pg_class.relname 
FROM pg_catalog.pg_class JOIN pg_catalog.pg_namespace ON pg_catalog.pg_namespace.oid = pg_catalog.pg_class.relnamespace 
WHERE pg_catalog.pg_class.relname = $1::VARCHAR AND pg_catalog.pg_class.relkind = ANY (ARRAY[$2::VARCHAR, $3::VARCHAR, $4::VARCHAR, $5::VARCHAR, $6::VARCHAR]) AND pg_catalog.pg_table_is_visible(pg_catalog.pg_class.oid) AND pg_catalog.pg_namespace.nspname != $7::VARCHAR
2026-09-18 11:41:11,636 INFO sqlalchemy.engine.Engine [cached since 0.02415s ago] ('isb_awards', 'r', 'p', 'f', 'v', 'm', 'pg_catalog')
2026-09-18 11:41:11,639 INFO sqlalchemy.engine.Engine SELECT pg_catalog.pg_class.relname 
FROM pg_catalog.pg_class JOIN pg_catalog.pg_namespace ON pg_catalog.pg_namespace.oid = pg_catalog.pg_class.relnamespace 
WHERE pg_catalog.pg_class.relname = $1::VARCHAR AND pg_catalog.pg_class.relkind = ANY (ARRAY[$2::VARCHAR, $3::VARCHAR, $4::VARCHAR, $5::VARCHAR, $6::VARCHAR]) AND pg_catalog.pg_table_is_visible(pg_catalog.pg_class.oid) AND pg_catalog.pg_namespace.nspname != $7::VARCHAR
2026-09-18 11:41:11,639 INFO sqlalchemy.engine.Engine [cached since 0.02691s ago] ('isb_award_grants', 'r', 'p', 'f', 'v', 'm', 'pg_catalog')
2026-09-18 11:41:11,641 INFO sqlalchemy.engine.Engine SELECT pg_catalog.pg_class.relname 
FROM pg_catalog.pg_class JOIN pg_catalog.pg_namespace ON pg_catalog.pg_namespace.oid = pg_catalog.pg_class.relnamespace 
WHERE pg_catalog.pg_class.relname = $1::VARCHAR AND pg_catalog.pg_class.relkind = ANY (ARRAY[$2::VARCHAR, $3::VARCHAR, $4::VARCHAR, $5::VARCHAR, $6::VARCHAR]) AND pg_catalog.pg_table_is_visible(pg_catalog.pg_class.oid) AND pg_catalog.pg_namespace.nspname != $7::VARCHAR
2026-09-18 11:41:11,641 INFO sqlalchemy.engine.Engine [cached since 0.02905s ago] ('stats_history', 'r', 'p', 'f', 'v', 'm', 'pg_catalog')
2026-09-18 11:41:11,643 INFO sqlalchemy.engine.Engine SELECT pg_catalog.pg_class.relname 
FROM pg_catalog.pg_class JOIN pg_catalog.pg_namespace ON pg_catalog.pg_namespace.oid = pg_catalog.pg_class.relnamespace 
WHERE pg_catalog.pg_class.relname = $1::VARCHAR AND pg_catalog.pg_class.relkind = ANY (ARRAY[$2::VARCHAR, $3::VARCHAR, $4::VARCHAR, $5::VARCHAR, $6::VARCHAR]) AND pg_catalog.pg_table_is_visible(pg_catalog.pg_class.oid) AND pg_catalog.pg_namespace.nspname != $7::VARCHAR
2026-09-18 11:41:11,643 INFO sqlalchemy.engine.Engine [cached since 0.03122s ago] ('algorithms', 'r', 'p', 'f', 'v', 'm', 'pg_catalog')
2026-09-18 11:41:11,645 INFO sqlalchemy.engine.Engine SELECT pg_catalog.pg_class.relname 
FROM pg_catalog.pg_class JOIN pg_catalog.pg_namespace ON pg_catalog.pg_namespace.oid = pg_catalog.pg_class.relnamespace 
WHERE pg_catalog.pg_class.relname = $1::VARCHAR AND pg_catalog.pg_class.relkind = ANY (ARRAY[$2::VARCHAR, $3::VARCHAR, $4::VARCHAR, $5::VARCHAR, $6::VARCHAR]) AND pg_catalog.pg_table_is_visible(pg_catalog.pg_class.oid) AND pg_catalog.pg_namespace.nspname != $7::VARCHAR
2026-09-18 11:41:11,645 INFO sqlalchemy.engine.Engine [cached since 0.03304s ago] ('algorithm_participants', 'r', 'p', 'f', 'v', 'm', 'pg_catalog')
2026-09-18 11:41:11,647 INFO sqlalchemy.engine.Engine SELECT pg_catalog.pg_class.relname 
FROM pg_catalog.pg_class JOIN pg_catalog.pg_namespace ON pg_catalog.pg_namespace.oid = pg_catalog.pg_class.relnamespace 
WHERE pg_catalog.pg_class.relname = $1::VARCHAR AND pg_catalog.pg_class.relkind = ANY (ARRAY[$2::VARCHAR, $3::VARCHAR, $4::VARCHAR, $5::VARCHAR, $6::VARCHAR]) AND pg_catalog.pg_table_is_visible(pg_catalog.pg_class.oid) AND pg_catalog.pg_namespace.nspname != $7::VARCHAR
2026-09-18 11:41:11,647 INFO sqlalchemy.engine.Engine [cached since 0.03482s ago] ('algorithm_attachments', 'r', 'p', 'f', 'v', 'm', 'pg_catalog')
2026-09-18 11:41:11,648 INFO sqlalchemy.engine.Engine SELECT pg_catalog.pg_class.relname 
FROM pg_catalog.pg_class JOIN pg_catalog.pg_namespace ON pg_catalog.pg_namespace.oid = pg_catalog.pg_class.relnamespace 
WHERE pg_catalog.pg_class.relname = $1::VARCHAR AND pg_catalog.pg_class.relkind = ANY (ARRAY[$2::VARCHAR, $3::VARCHAR, $4::VARCHAR, $5::VARCHAR, $6::VARCHAR]) AND pg_catalog.pg_table_is_visible(pg_catalog.pg_class.oid) AND pg_catalog.pg_namespace.nspname != $7::VARCHAR
2026-09-18 11:41:11,649 INFO sqlalchemy.engine.Engine [cached since 0.03656s ago] ('algorithm_report_attachments', 'r', 'p', 'f', 'v', 'm', 'pg_catalog')
2026-09-18 11:41:11,650 INFO sqlalchemy.engine.Engine SELECT pg_catalog.pg_class.relname 
FROM pg_catalog.pg_class JOIN pg_catalog.pg_namespace ON pg_catalog.pg_namespace.oid = pg_catalog.pg_class.relnamespace 
WHERE pg_catalog.pg_class.relname = $1::VARCHAR AND pg_catalog.pg_class.relkind = ANY (ARRAY[$2::VARCHAR, $3::VARCHAR, $4::VARCHAR, $5::VARCHAR, $6::VARCHAR]) AND pg_catalog.pg_table_is_visible(pg_catalog.pg_class.oid) AND pg_catalog.pg_namespace.nspname != $7::VARCHAR
2026-09-18 11:41:11,651 INFO sqlalchemy.engine.Engine [cached since 0.03837s ago] ('isb_sectors', 'r', 'p', 'f', 'v', 'm', 'pg_catalog')
2026-09-18 11:41:11,653 INFO sqlalchemy.engine.Engine SELECT pg_catalog.pg_class.relname 
FROM pg_catalog.pg_class JOIN pg_catalog.pg_namespace ON pg_catalog.pg_namespace.oid = pg_catalog.pg_class.relnamespace 
WHERE pg_catalog.pg_class.relname = $1::VARCHAR AND pg_catalog.pg_class.relkind = ANY (ARRAY[$2::VARCHAR, $3::VARCHAR, $4::VARCHAR, $5::VARCHAR, $6::VARCHAR]) AND pg_catalog.pg_table_is_visible(pg_catalog.pg_class.oid) AND pg_catalog.pg_namespace.nspname != $7::VARCHAR
2026-09-18 11:41:11,653 INFO sqlalchemy.engine.Engine [cached since 0.04079s ago] ('isb_sector_assignments', 'r', 'p', 'f', 'v', 'm', 'pg_catalog')
2026-09-18 11:41:11,654 INFO sqlalchemy.engine.Engine SELECT pg_catalog.pg_class.relname 
FROM pg_catalog.pg_class JOIN pg_catalog.pg_namespace ON pg_catalog.pg_namespace.oid = pg_catalog.pg_class.relnamespace 
WHERE pg_catalog.pg_class.relname = $1::VARCHAR AND pg_catalog.pg_class.relkind = ANY (ARRAY[$2::VARCHAR, $3::VARCHAR, $4::VARCHAR, $5::VARCHAR, $6::VARCHAR]) AND pg_catalog.pg_table_is_visible(pg_catalog.pg_class.oid) AND pg_catalog.pg_namespace.nspname != $7::VARCHAR
2026-09-18 11:41:11,655 INFO sqlalchemy.engine.Engine [cached since 0.04261s ago] ('isb_logs', 'r', 'p', 'f', 'v', 'm', 'pg_catalog')
2026-09-18 11:41:11,656 INFO sqlalchemy.engine.Engine COMMIT
⚠️ Не удалось записать стартовый лог: name 'AsyncSessionLocal' is not defined
2026-09-18 11:41:11,664 INFO sqlalchemy.engine.Engine BEGIN (implicit)
2026-09-18 11:41:11,758 INFO sqlalchemy.engine.Engine SELECT count(citizens.id) AS count_1 
FROM citizens
2026-09-18 11:41:11,758 INFO sqlalchemy.engine.Engine [generated in 0.00054s] ()
INFO:     Application startup complete.
2026-09-18 11:41:11,769 INFO sqlalchemy.engine.Engine SELECT count(isb_employees.id) AS count_1 
FROM isb_employees 
WHERE isb_employees.is_active = true
2026-09-18 11:41:11,770 INFO sqlalchemy.engine.Engine [generated in 0.00054s] ()
2026-09-18 11:41:11,776 INFO sqlalchemy.engine.Engine SELECT count(isb_award_grants.id) AS count_1 
FROM isb_award_grants
2026-09-18 11:41:11,776 INFO sqlalchemy.engine.Engine [generated in 0.00053s] ()
2026-09-18 11:41:11,784 INFO sqlalchemy.engine.Engine SELECT sum(citizens.reputation) AS sum_1 
FROM citizens
2026-09-18 11:41:11,784 INFO sqlalchemy.engine.Engine [generated in 0.00050s] ()
2026-09-18 11:41:11,794 INFO sqlalchemy.engine.Engine INSERT INTO stats_history (citizens_count, isb_employees_count, awards_granted_count, total_reputation, api_requests) VALUES ($1::INTEGER, $2::INTEGER, $3::INTEGER, $4::INTEGER, $5::INTEGER) RETURNING stats_history.id, stats_history.snapshot_at
2026-09-18 11:41:11,795 INFO sqlalchemy.engine.Engine [generated in 0.00063s] (4, 2, 4, 4080, 0)
2026-09-18 11:41:11,801 INFO sqlalchemy.engine.Engine COMMIT
2026-09-18 11:41:11,807 INFO sqlalchemy.engine.Engine BEGIN (implicit)
2026-09-18 11:41:11,811 INFO sqlalchemy.engine.Engine SELECT stats_history.id, stats_history.snapshot_at, stats_history.citizens_count, stats_history.isb_employees_count, stats_history.awards_granted_count, stats_history.total_reputation, stats_history.api_requests 
FROM stats_history 
WHERE stats_history.id = $1::INTEGER
2026-09-18 11:41:11,812 INFO sqlalchemy.engine.Engine [generated in 0.00059s] (90,)
📊 Снимок статистики создан
2026-09-18 11:41:11,816 INFO sqlalchemy.engine.Engine ROLLBACK
2026-09-18 11:41:14,916 INFO sqlalchemy.engine.Engine BEGIN (implicit)
2026-09-18 11:41:14,922 INFO sqlalchemy.engine.Engine SELECT citizens.id, citizens.discord_id, citizens.username, citizens.minecraft_uuid, citizens.role_ids, citizens.main_role_id, citizens.reputation, citizens.citizenship_date, citizens.last_login, citizens.created_at, citizens.updated_at, citizens.is_active, citizens.is_verified 
FROM citizens 
WHERE citizens.discord_id = $1::BIGINT
2026-09-18 11:41:14,922 INFO sqlalchemy.engine.Engine [generated in 0.00067s] (436507782263603200,)
2026-09-18 11:41:14,987 INFO sqlalchemy.engine.Engine SELECT isb_employees.id, isb_employees.citizen_id, isb_employees.service_number, isb_employees.rank_name, isb_employees.rank_short, isb_employees.branch, isb_employees.level, isb_employees.access_level, isb_employees.position, isb_employees.enlisted_at, isb_employees.promoted_at, isb_employees.discharged_at, isb_employees.is_active, isb_employees.can_arrest, isb_employees.can_conduct_searches, isb_employees.can_issue_warrants, isb_employees.can_command, isb_employees.notes, isb_employees.created_at, isb_employees.updated_at 
FROM isb_employees 
WHERE isb_employees.citizen_id = $1::INTEGER
2026-09-18 11:41:14,988 INFO sqlalchemy.engine.Engine [generated in 0.00099s] (2,)
2026-09-18 11:41:15,000 INFO sqlalchemy.engine.Engine SELECT roles.id, roles.name, roles.display_name, roles.level, roles.is_active, roles.created_at, roles.updated_at 
FROM roles 
WHERE roles.id IN ($1::INTEGER, $2::INTEGER, $3::INTEGER)
2026-09-18 11:41:15,000 INFO sqlalchemy.engine.Engine [generated in 0.00086s] (2, 19, 7)
2026-09-18 11:41:15,015 INFO sqlalchemy.engine.Engine SELECT permissions.id, permissions.name, permissions.display_name, permissions.category, permissions.is_active, permissions.created_at, permissions.updated_at 
FROM permissions JOIN role_permissions ON permissions.id = role_permissions.permission_id 
WHERE role_permissions.role_id = $1::INTEGER
2026-09-18 11:41:15,016 INFO sqlalchemy.engine.Engine [generated in 0.00071s] (2,)
2026-09-18 11:41:15,033 INFO sqlalchemy.engine.Engine SELECT permissions.id, permissions.name, permissions.display_name, permissions.category, permissions.is_active, permissions.created_at, permissions.updated_at 
FROM permissions JOIN role_permissions ON permissions.id = role_permissions.permission_id 
WHERE role_permissions.role_id = $1::INTEGER
2026-09-18 11:41:15,033 INFO sqlalchemy.engine.Engine [cached since 0.01864s ago] (7,)
2026-09-18 11:41:15,038 INFO sqlalchemy.engine.Engine SELECT permissions.id, permissions.name, permissions.display_name, permissions.category, permissions.is_active, permissions.created_at, permissions.updated_at 
FROM permissions JOIN role_permissions ON permissions.id = role_permissions.permission_id 
WHERE role_permissions.role_id = $1::INTEGER
2026-09-18 11:41:15,039 INFO sqlalchemy.engine.Engine [cached since 0.02426s ago] (19,)
🔍 DEBUG /isb/panel: user=PRISTORoff0, isb_emp=True, has_manage=True
INFO:     127.0.0.1:57300 - "GET /isb/panel HTTP/1.1" 200 OK
2026-09-18 11:41:15,068 INFO sqlalchemy.engine.Engine ROLLBACK
INFO:     127.0.0.1:57300 - "GET /static/css/isb_panel.css HTTP/1.1" 304 Not Modified
INFO:     127.0.0.1:57304 - "GET /static/js/isb_panel.js HTTP/1.1" 304 Not Modified
2026-09-18 11:41:15,342 INFO sqlalchemy.engine.Engine BEGIN (implicit)
2026-09-18 11:41:15,344 INFO sqlalchemy.engine.Engine SELECT citizens.id, citizens.discord_id, citizens.username, citizens.minecraft_uuid, citizens.role_ids, citizens.main_role_id, citizens.reputation, citizens.citizenship_date, citizens.last_login, citizens.created_at, citizens.updated_at, citizens.is_active, citizens.is_verified 
FROM citizens 
WHERE citizens.discord_id = $1::BIGINT
2026-09-18 11:41:15,345 INFO sqlalchemy.engine.Engine [cached since 0.4233s ago] (436507782263603200,)
INFO:     127.0.0.1:57312 - "GET /health HTTP/1.1" 200 OK
2026-09-18 11:41:15,383 INFO sqlalchemy.engine.Engine SELECT roles.id, roles.name, roles.display_name, roles.level, roles.is_active, roles.created_at, roles.updated_at 
FROM roles 
WHERE roles.id IN ($1::INTEGER, $2::INTEGER, $3::INTEGER)
2026-09-18 11:41:15,383 INFO sqlalchemy.engine.Engine [cached since 0.3835s ago] (2, 19, 7)
2026-09-18 11:41:15,397 INFO sqlalchemy.engine.Engine SELECT permissions.id, permissions.name, permissions.display_name, permissions.category, permissions.is_active, permissions.created_at, permissions.updated_at 
FROM permissions JOIN role_permissions ON permissions.id = role_permissions.permission_id 
WHERE role_permissions.role_id = $1::INTEGER
2026-09-18 11:41:15,397 INFO sqlalchemy.engine.Engine [cached since 0.3824s ago] (2,)
2026-09-18 11:41:15,403 INFO sqlalchemy.engine.Engine SELECT permissions.id, permissions.name, permissions.display_name, permissions.category, permissions.is_active, permissions.created_at, permissions.updated_at 
FROM permissions JOIN role_permissions ON permissions.id = role_permissions.permission_id 
WHERE role_permissions.role_id = $1::INTEGER
2026-09-18 11:41:15,404 INFO sqlalchemy.engine.Engine [cached since 0.389s ago] (7,)
2026-09-18 11:41:15,409 INFO sqlalchemy.engine.Engine SELECT permissions.id, permissions.name, permissions.display_name, permissions.category, permissions.is_active, permissions.created_at, permissions.updated_at 
FROM permissions JOIN role_permissions ON permissions.id = role_permissions.permission_id 
WHERE role_permissions.role_id = $1::INTEGER
2026-09-18 11:41:15,410 INFO sqlalchemy.engine.Engine [cached since 0.395s ago] (19,)
2026-09-18 11:41:15,413 INFO sqlalchemy.engine.Engine BEGIN (implicit)
2026-09-18 11:41:15,413 INFO sqlalchemy.engine.Engine SELECT citizens.id, citizens.discord_id, citizens.username, citizens.minecraft_uuid, citizens.role_ids, citizens.main_role_id, citizens.reputation, citizens.citizenship_date, citizens.last_login, citizens.created_at, citizens.updated_at, citizens.is_active, citizens.is_verified 
FROM citizens 
WHERE citizens.discord_id = $1::BIGINT
2026-09-18 11:41:15,413 INFO sqlalchemy.engine.Engine [cached since 0.4918s ago] (436507782263603200,)
2026-09-18 11:41:15,415 INFO sqlalchemy.engine.Engine BEGIN (implicit)
2026-09-18 11:41:15,415 INFO sqlalchemy.engine.Engine SELECT citizens.id, citizens.discord_id, citizens.username, citizens.minecraft_uuid, citizens.role_ids, citizens.main_role_id, citizens.reputation, citizens.citizenship_date, citizens.last_login, citizens.created_at, citizens.updated_at, citizens.is_active, citizens.is_verified 
FROM citizens 
WHERE citizens.discord_id = $1::BIGINT
2026-09-18 11:41:15,416 INFO sqlalchemy.engine.Engine [cached since 0.4941s ago] (436507782263603200,)
2026-09-18 11:41:15,422 INFO sqlalchemy.engine.Engine SELECT isb_employees.id, isb_employees.citizen_id, isb_employees.service_number, isb_employees.rank_name, isb_employees.rank_short, isb_employees.branch, isb_employees.level, isb_employees.access_level, isb_employees.position, isb_employees.enlisted_at, isb_employees.promoted_at, isb_employees.discharged_at, isb_employees.is_active, isb_employees.can_arrest, isb_employees.can_conduct_searches, isb_employees.can_issue_warrants, isb_employees.can_command, isb_employees.notes, isb_employees.created_at, isb_employees.updated_at 
FROM isb_employees ORDER BY isb_employees.level DESC
2026-09-18 11:41:15,423 INFO sqlalchemy.engine.Engine [generated in 0.00074s] ()
2026-09-18 11:41:15,426 INFO sqlalchemy.engine.Engine BEGIN (implicit)
2026-09-18 11:41:15,427 INFO sqlalchemy.engine.Engine SELECT citizens.id, citizens.discord_id, citizens.username, citizens.minecraft_uuid, citizens.role_ids, citizens.main_role_id, citizens.reputation, citizens.citizenship_date, citizens.last_login, citizens.created_at, citizens.updated_at, citizens.is_active, citizens.is_verified 
FROM citizens 
WHERE citizens.discord_id = $1::BIGINT
2026-09-18 11:41:15,428 INFO sqlalchemy.engine.Engine [cached since 0.5059s ago] (436507782263603200,)
2026-09-18 11:41:15,455 INFO sqlalchemy.engine.Engine SELECT citizens.id, citizens.discord_id, citizens.username, citizens.minecraft_uuid, citizens.role_ids, citizens.main_role_id, citizens.reputation, citizens.citizenship_date, citizens.last_login, citizens.created_at, citizens.updated_at, citizens.is_active, citizens.is_verified 
FROM citizens 
WHERE citizens.id IN ($1::INTEGER, $2::INTEGER)
2026-09-18 11:41:15,455 INFO sqlalchemy.engine.Engine [generated in 0.00062s] (2, 4)
INFO:     127.0.0.1:57300 - "GET /api/admin/isb/employees HTTP/1.1" 200 OK
2026-09-18 11:41:15,464 INFO sqlalchemy.engine.Engine ROLLBACK
2026-09-18 11:41:15,468 INFO sqlalchemy.engine.Engine BEGIN (implicit)
2026-09-18 11:41:15,469 INFO sqlalchemy.engine.Engine SELECT count(citizens.id) AS count_1 
FROM citizens
2026-09-18 11:41:15,469 INFO sqlalchemy.engine.Engine [cached since 3.712s ago] ()
2026-09-18 11:41:15,486 INFO sqlalchemy.engine.Engine SELECT roles.id, roles.name, roles.display_name, roles.level, roles.is_active, roles.created_at, roles.updated_at 
FROM roles ORDER BY roles.level DESC
2026-09-18 11:41:15,486 INFO sqlalchemy.engine.Engine [generated in 0.00069s] ()
2026-09-18 11:41:15,497 INFO sqlalchemy.engine.Engine BEGIN (implicit)
2026-09-18 11:41:15,503 INFO sqlalchemy.engine.Engine SELECT isb_awards.id, isb_awards.name, isb_awards.display_name, isb_awards.description, isb_awards.icon, isb_awards.rarity, isb_awards.category, isb_awards.is_active, isb_awards.created_at 
FROM isb_awards 
WHERE isb_awards.is_active = true ORDER BY isb_awards.rarity, isb_awards.display_name
2026-09-18 11:41:15,503 INFO sqlalchemy.engine.Engine [generated in 0.00078s] ()
2026-09-18 11:41:15,523 INFO sqlalchemy.engine.Engine SELECT roles_1.id AS roles_1_id, permissions.id AS permissions_id, permissions.name AS permissions_name, permissions.display_name AS permissions_display_name, permissions.category AS permissions_category, permissions.is_active AS permissions_is_active, permissions.created_at AS permissions_created_at, permissions.updated_at AS permissions_updated_at 
FROM roles AS roles_1 JOIN role_permissions AS role_permissions_1 ON roles_1.id = role_permissions_1.role_id JOIN permissions ON permissions.id = role_permissions_1.permission_id 
WHERE roles_1.id IN ($1::INTEGER, $2::INTEGER, $3::INTEGER, $4::INTEGER, $5::INTEGER, $6::INTEGER, $7::INTEGER)
2026-09-18 11:41:15,524 INFO sqlalchemy.engine.Engine [generated in 0.00116s] (2, 15, 16, 17, 18, 19, 7)
2026-09-18 11:41:15,533 INFO sqlalchemy.engine.Engine SELECT roles.id, roles.name, roles.display_name, roles.level, roles.is_active, roles.created_at, roles.updated_at 
FROM roles 
WHERE roles.id IN ($1::INTEGER, $2::INTEGER, $3::INTEGER)
2026-09-18 11:41:15,534 INFO sqlalchemy.engine.Engine [cached since 0.5339s ago] (2, 19, 7)
2026-09-18 11:41:15,540 INFO sqlalchemy.engine.Engine SELECT count(isb_award_grants.id) AS count_1 
FROM isb_award_grants 
WHERE isb_award_grants.award_id = $1::INTEGER
2026-09-18 11:41:15,540 INFO sqlalchemy.engine.Engine [generated in 0.00076s] (3,)
2026-09-18 11:41:15,544 INFO sqlalchemy.engine.Engine SELECT roles.id, roles.name, roles.display_name, roles.level, roles.is_active, roles.created_at, roles.updated_at 
FROM roles 
WHERE roles.id IN ($1::INTEGER, $2::INTEGER, $3::INTEGER)
2026-09-18 11:41:15,544 INFO sqlalchemy.engine.Engine [cached since 0.5448s ago] (2, 19, 7)
2026-09-18 11:41:15,557 INFO sqlalchemy.engine.Engine SELECT citizens.id, citizens.discord_id, citizens.username, citizens.minecraft_uuid, citizens.role_ids, citizens.main_role_id, citizens.reputation, citizens.citizenship_date, citizens.last_login, citizens.created_at, citizens.updated_at, citizens.is_active, citizens.is_verified 
FROM citizens ORDER BY citizens.citizenship_date DESC 
 LIMIT $1::INTEGER OFFSET $2::INTEGER
2026-09-18 11:41:15,558 INFO sqlalchemy.engine.Engine [generated in 0.00085s] (10000, 0)
2026-09-18 11:41:15,568 INFO sqlalchemy.engine.Engine SELECT isb_employees.id, isb_employees.citizen_id, isb_employees.service_number, isb_employees.rank_name, isb_employees.rank_short, isb_employees.branch, isb_employees.level, isb_employees.access_level, isb_employees.position, isb_employees.enlisted_at, isb_employees.promoted_at, isb_employees.discharged_at, isb_employees.is_active, isb_employees.can_arrest, isb_employees.can_conduct_searches, isb_employees.can_issue_warrants, isb_employees.can_command, isb_employees.notes, isb_employees.created_at, isb_employees.updated_at 
FROM isb_employees 
WHERE isb_employees.citizen_id = $1::INTEGER
2026-09-18 11:41:15,569 INFO sqlalchemy.engine.Engine [cached since 0.5812s ago] (2,)
2026-09-18 11:41:15,577 INFO sqlalchemy.engine.Engine SELECT count(isb_award_grants.id) AS count_1 
FROM isb_award_grants 
WHERE isb_award_grants.award_id = $1::INTEGER
2026-09-18 11:41:15,578 INFO sqlalchemy.engine.Engine [cached since 0.03813s ago] (1,)
2026-09-18 11:41:15,581 INFO sqlalchemy.engine.Engine SELECT permissions.id, permissions.name, permissions.display_name, permissions.category, permissions.is_active, permissions.created_at, permissions.updated_at 
FROM permissions JOIN role_permissions ON permissions.id = role_permissions.permission_id 
WHERE role_permissions.role_id = $1::INTEGER
2026-09-18 11:41:15,582 INFO sqlalchemy.engine.Engine [cached since 0.567s ago] (2,)
2026-09-18 11:41:15,586 INFO sqlalchemy.engine.Engine SELECT permissions.id, permissions.name, permissions.display_name, permissions.category, permissions.is_active, permissions.created_at, permissions.updated_at 
FROM permissions JOIN role_permissions ON permissions.id = role_permissions.permission_id 
WHERE role_permissions.role_id = $1::INTEGER
2026-09-18 11:41:15,586 INFO sqlalchemy.engine.Engine [cached since 0.5715s ago] (2,)
2026-09-18 11:41:15,592 INFO sqlalchemy.engine.Engine SELECT count(isb_award_grants.id) AS count_1 
FROM isb_award_grants 
WHERE isb_award_grants.award_id = $1::INTEGER
2026-09-18 11:41:15,593 INFO sqlalchemy.engine.Engine [cached since 0.05321s ago] (2,)
INFO:     127.0.0.1:57316 - "GET /api/isb/me/access HTTP/1.1" 200 OK
2026-09-18 11:41:15,597 INFO sqlalchemy.engine.Engine ROLLBACK
2026-09-18 11:41:15,601 INFO sqlalchemy.engine.Engine SELECT count(isb_award_grants.id) AS count_1 
FROM isb_award_grants 
WHERE isb_award_grants.award_id = $1::INTEGER
2026-09-18 11:41:15,602 INFO sqlalchemy.engine.Engine [cached since 0.06212s ago] (11,)
2026-09-18 11:41:15,604 INFO sqlalchemy.engine.Engine SELECT permissions.id, permissions.name, permissions.display_name, permissions.category, permissions.is_active, permissions.created_at, permissions.updated_at 
FROM permissions JOIN role_permissions ON permissions.id = role_permissions.permission_id 
WHERE role_permissions.role_id = $1::INTEGER
2026-09-18 11:41:15,604 INFO sqlalchemy.engine.Engine [cached since 0.5894s ago] (7,)
2026-09-18 11:41:15,606 INFO sqlalchemy.engine.Engine SELECT permissions.id, permissions.name, permissions.display_name, permissions.category, permissions.is_active, permissions.created_at, permissions.updated_at 
FROM permissions JOIN role_permissions ON permissions.id = role_permissions.permission_id 
WHERE role_permissions.role_id = $1::INTEGER
2026-09-18 11:41:15,606 INFO sqlalchemy.engine.Engine [cached since 0.5917s ago] (7,)
2026-09-18 11:41:15,609 INFO sqlalchemy.engine.Engine SELECT permissions.id, permissions.name, permissions.display_name, permissions.category, permissions.is_active, permissions.created_at, permissions.updated_at 
FROM permissions JOIN role_permissions ON permissions.id = role_permissions.permission_id 
WHERE role_permissions.role_id = $1::INTEGER
2026-09-18 11:41:15,610 INFO sqlalchemy.engine.Engine [cached since 0.5949s ago] (19,)
2026-09-18 11:41:15,612 INFO sqlalchemy.engine.Engine SELECT count(isb_award_grants.id) AS count_1 
FROM isb_award_grants 
WHERE isb_award_grants.award_id = $1::INTEGER
2026-09-18 11:41:15,612 INFO sqlalchemy.engine.Engine [cached since 0.07254s ago] (10,)
2026-09-18 11:41:15,614 INFO sqlalchemy.engine.Engine SELECT permissions.id, permissions.name, permissions.display_name, permissions.category, permissions.is_active, permissions.created_at, permissions.updated_at 
FROM permissions JOIN role_permissions ON permissions.id = role_permissions.permission_id 
WHERE role_permissions.role_id = $1::INTEGER
2026-09-18 11:41:15,614 INFO sqlalchemy.engine.Engine [cached since 0.5997s ago] (19,)
2026-09-18 11:41:15,620 INFO sqlalchemy.engine.Engine SELECT isb_logs.id, isb_logs.created_at, isb_logs.severity, isb_logs.category, isb_logs.message, isb_logs.actor_id, isb_logs.sector_id, isb_logs.meta 
FROM isb_logs ORDER BY isb_logs.created_at DESC 
 LIMIT $1::INTEGER
2026-09-18 11:41:15,620 INFO sqlalchemy.engine.Engine [generated in 0.00053s] (30,)
2026-09-18 11:41:15,623 INFO sqlalchemy.engine.Engine SELECT count(isb_award_grants.id) AS count_1 
FROM isb_award_grants 
WHERE isb_award_grants.award_id = $1::INTEGER
2026-09-18 11:41:15,623 INFO sqlalchemy.engine.Engine [cached since 0.08363s ago] (12,)
2026-09-18 11:41:15,628 INFO sqlalchemy.engine.Engine SELECT isb_sectors.id, isb_sectors.number, isb_sectors.name, isb_sectors.description, isb_sectors.center_x, isb_sectors.center_z, isb_sectors.threat_level, isb_sectors.is_active, isb_sectors.created_at 
FROM isb_sectors ORDER BY isb_sectors.number
2026-09-18 11:41:15,628 INFO sqlalchemy.engine.Engine [generated in 0.00043s] ()
2026-09-18 11:41:15,631 INFO sqlalchemy.engine.Engine SELECT count(isb_award_grants.id) AS count_1 
FROM isb_award_grants 
WHERE isb_award_grants.award_id = $1::INTEGER
2026-09-18 11:41:15,632 INFO sqlalchemy.engine.Engine [cached since 0.09201s ago] (8,)
2026-09-18 11:41:15,636 INFO sqlalchemy.engine.Engine SELECT citizens.id, citizens.discord_id, citizens.username, citizens.minecraft_uuid, citizens.role_ids, citizens.main_role_id, citizens.reputation, citizens.citizenship_date, citizens.last_login, citizens.created_at, citizens.updated_at, citizens.is_active, citizens.is_verified 
FROM citizens 
WHERE citizens.id = $1::INTEGER
2026-09-18 11:41:15,636 INFO sqlalchemy.engine.Engine [generated in 0.00042s] (2,)
2026-09-18 11:41:15,638 INFO sqlalchemy.engine.Engine SELECT count(isb_award_grants.id) AS count_1 
FROM isb_award_grants 
WHERE isb_award_grants.award_id = $1::INTEGER
2026-09-18 11:41:15,638 INFO sqlalchemy.engine.Engine [cached since 0.09882s ago] (9,)
2026-09-18 11:41:15,644 INFO sqlalchemy.engine.Engine SELECT isb_sector_assignments.id, isb_sector_assignments.sector_id, isb_sector_assignments.employee_id, isb_sector_assignments.assigned_at, isb_sector_assignments.is_leader, isb_sector_assignments.notes 
FROM isb_sector_assignments 
WHERE isb_sector_assignments.sector_id = $1::INTEGER
2026-09-18 11:41:15,644 INFO sqlalchemy.engine.Engine [generated in 0.00043s] (1,)
2026-09-18 11:41:15,646 INFO sqlalchemy.engine.Engine SELECT count(isb_award_grants.id) AS count_1 
FROM isb_award_grants 
WHERE isb_award_grants.award_id = $1::INTEGER
2026-09-18 11:41:15,646 INFO sqlalchemy.engine.Engine [cached since 0.1065s ago] (7,)
2026-09-18 11:41:15,650 INFO sqlalchemy.engine.Engine SELECT isb_sectors.id, isb_sectors.number, isb_sectors.name, isb_sectors.description, isb_sectors.center_x, isb_sectors.center_z, isb_sectors.threat_level, isb_sectors.is_active, isb_sectors.created_at 
FROM isb_sectors 
WHERE isb_sectors.id = $1::INTEGER
2026-09-18 11:41:15,650 INFO sqlalchemy.engine.Engine [generated in 0.00051s] (1,)
2026-09-18 11:41:15,652 INFO sqlalchemy.engine.Engine SELECT count(isb_award_grants.id) AS count_1 
FROM isb_award_grants 
WHERE isb_award_grants.award_id = $1::INTEGER
2026-09-18 11:41:15,652 INFO sqlalchemy.engine.Engine [cached since 0.1126s ago] (5,)
2026-09-18 11:41:15,656 INFO sqlalchemy.engine.Engine SELECT isb_employees.id, isb_employees.citizen_id, isb_employees.service_number, isb_employees.rank_name, isb_employees.rank_short, isb_employees.branch, isb_employees.level, isb_employees.access_level, isb_employees.position, isb_employees.enlisted_at, isb_employees.promoted_at, isb_employees.discharged_at, isb_employees.is_active, isb_employees.can_arrest, isb_employees.can_conduct_searches, isb_employees.can_issue_warrants, isb_employees.can_command, isb_employees.notes, isb_employees.created_at, isb_employees.updated_at 
FROM isb_employees 
WHERE isb_employees.id = $1::INTEGER
2026-09-18 11:41:15,657 INFO sqlalchemy.engine.Engine [generated in 0.00041s] (2,)
2026-09-18 11:41:15,658 INFO sqlalchemy.engine.Engine SELECT count(isb_award_grants.id) AS count_1 
FROM isb_award_grants 
WHERE isb_award_grants.award_id = $1::INTEGER
2026-09-18 11:41:15,659 INFO sqlalchemy.engine.Engine [cached since 0.1191s ago] (4,)
2026-09-18 11:41:15,661 INFO sqlalchemy.engine.Engine SELECT citizens.id, citizens.discord_id, citizens.username, citizens.minecraft_uuid, citizens.role_ids, citizens.main_role_id, citizens.reputation, citizens.citizenship_date, citizens.last_login, citizens.created_at, citizens.updated_at, citizens.is_active, citizens.is_verified 
FROM citizens 
WHERE citizens.id = $1::INTEGER
2026-09-18 11:41:15,661 INFO sqlalchemy.engine.Engine [cached since 0.0256s ago] (2,)
2026-09-18 11:41:15,663 INFO sqlalchemy.engine.Engine SELECT count(isb_award_grants.id) AS count_1 
FROM isb_award_grants 
WHERE isb_award_grants.award_id = $1::INTEGER
2026-09-18 11:41:15,663 INFO sqlalchemy.engine.Engine [cached since 0.1238s ago] (6,)
2026-09-18 11:41:15,665 INFO sqlalchemy.engine.Engine SELECT isb_sectors.id, isb_sectors.number, isb_sectors.name, isb_sectors.description, isb_sectors.center_x, isb_sectors.center_z, isb_sectors.threat_level, isb_sectors.is_active, isb_sectors.created_at 
FROM isb_sectors 
WHERE isb_sectors.id = $1::INTEGER
2026-09-18 11:41:15,666 INFO sqlalchemy.engine.Engine [cached since 0.01629s ago] (1,)
INFO:     127.0.0.1:57312 - "GET /api/stats HTTP/1.1" 200 OK
2026-09-18 11:41:15,668 INFO sqlalchemy.engine.Engine ROLLBACK
INFO:     127.0.0.1:57300 - "GET /api/admin/isb/awards/public HTTP/1.1" 200 OK
2026-09-18 11:41:15,671 INFO sqlalchemy.engine.Engine ROLLBACK
2026-09-18 11:41:15,673 INFO sqlalchemy.engine.Engine SELECT citizens.id, citizens.discord_id, citizens.username, citizens.minecraft_uuid, citizens.role_ids, citizens.main_role_id, citizens.reputation, citizens.citizenship_date, citizens.last_login, citizens.created_at, citizens.updated_at, citizens.is_active, citizens.is_verified 
FROM citizens 
WHERE citizens.id = $1::INTEGER
2026-09-18 11:41:15,673 INFO sqlalchemy.engine.Engine [cached since 0.03726s ago] (4,)
2026-09-18 11:41:15,675 INFO sqlalchemy.engine.Engine SELECT citizens.id, citizens.discord_id, citizens.username, citizens.minecraft_uuid, citizens.role_ids, citizens.main_role_id, citizens.reputation, citizens.citizenship_date, citizens.last_login, citizens.created_at, citizens.updated_at, citizens.is_active, citizens.is_verified 
FROM citizens 
WHERE citizens.id = $1::INTEGER
2026-09-18 11:41:15,675 INFO sqlalchemy.engine.Engine [cached since 0.0397s ago] (2,)
2026-09-18 11:41:15,684 INFO sqlalchemy.engine.Engine BEGIN (implicit)
2026-09-18 11:41:15,684 INFO sqlalchemy.engine.Engine SELECT citizens.id, citizens.discord_id, citizens.username, citizens.minecraft_uuid, citizens.role_ids, citizens.main_role_id, citizens.reputation, citizens.citizenship_date, citizens.last_login, citizens.created_at, citizens.updated_at, citizens.is_active, citizens.is_verified 
FROM citizens 
WHERE citizens.discord_id = $1::BIGINT
2026-09-18 11:41:15,685 INFO sqlalchemy.engine.Engine [cached since 0.7638s ago] (436507782263603200,)
2026-09-18 11:41:15,687 INFO sqlalchemy.engine.Engine SELECT isb_sectors.id, isb_sectors.number, isb_sectors.name, isb_sectors.description, isb_sectors.center_x, isb_sectors.center_z, isb_sectors.threat_level, isb_sectors.is_active, isb_sectors.created_at 
FROM isb_sectors 
WHERE isb_sectors.id = $1::INTEGER
2026-09-18 11:41:15,687 INFO sqlalchemy.engine.Engine [cached since 0.03784s ago] (10,)
2026-09-18 11:41:15,689 INFO sqlalchemy.engine.Engine SELECT isb_employees.id, isb_employees.citizen_id, isb_employees.service_number, isb_employees.rank_name, isb_employees.rank_short, isb_employees.branch, isb_employees.level, isb_employees.access_level, isb_employees.position, isb_employees.enlisted_at, isb_employees.promoted_at, isb_employees.discharged_at, isb_employees.is_active, isb_employees.can_arrest, isb_employees.can_conduct_searches, isb_employees.can_issue_warrants, isb_employees.can_command, isb_employees.notes, isb_employees.created_at, isb_employees.updated_at 
FROM isb_employees 
WHERE isb_employees.id = $1::INTEGER
2026-09-18 11:41:15,689 INFO sqlalchemy.engine.Engine [cached since 0.0326s ago] (1,)
INFO:     127.0.0.1:57308 - "GET /api/isb/logs?limit=30 HTTP/1.1" 200 OK
2026-09-18 11:41:15,691 INFO sqlalchemy.engine.Engine ROLLBACK
2026-09-18 11:41:15,693 INFO sqlalchemy.engine.Engine SELECT citizens.id, citizens.discord_id, citizens.username, citizens.minecraft_uuid, citizens.role_ids, citizens.main_role_id, citizens.reputation, citizens.citizenship_date, citizens.last_login, citizens.created_at, citizens.updated_at, citizens.is_active, citizens.is_verified 
FROM citizens 
WHERE citizens.id = $1::INTEGER
2026-09-18 11:41:15,693 INFO sqlalchemy.engine.Engine [cached since 0.05751s ago] (2,)
2026-09-18 11:41:15,695 INFO sqlalchemy.engine.Engine SELECT roles.id, roles.name, roles.display_name, roles.level, roles.is_active, roles.created_at, roles.updated_at 
FROM roles 
WHERE roles.id IN ($1::INTEGER, $2::INTEGER, $3::INTEGER)
2026-09-18 11:41:15,696 INFO sqlalchemy.engine.Engine [cached since 0.6962s ago] (2, 19, 7)
2026-09-18 11:41:15,697 INFO sqlalchemy.engine.Engine SELECT isb_sector_assignments.id, isb_sector_assignments.sector_id, isb_sector_assignments.employee_id, isb_sector_assignments.assigned_at, isb_sector_assignments.is_leader, isb_sector_assignments.notes 
FROM isb_sector_assignments 
WHERE isb_sector_assignments.sector_id = $1::INTEGER
2026-09-18 11:41:15,698 INFO sqlalchemy.engine.Engine [cached since 0.05431s ago] (2,)
2026-09-18 11:41:15,700 INFO sqlalchemy.engine.Engine SELECT isb_sector_assignments.id, isb_sector_assignments.sector_id, isb_sector_assignments.employee_id, isb_sector_assignments.assigned_at, isb_sector_assignments.is_leader, isb_sector_assignments.notes 
FROM isb_sector_assignments 
WHERE isb_sector_assignments.sector_id = $1::INTEGER
2026-09-18 11:41:15,700 INFO sqlalchemy.engine.Engine [cached since 0.05671s ago] (3,)
2026-09-18 11:41:15,702 INFO sqlalchemy.engine.Engine SELECT permissions.id, permissions.name, permissions.display_name, permissions.category, permissions.is_active, permissions.created_at, permissions.updated_at 
FROM permissions JOIN role_permissions ON permissions.id = role_permissions.permission_id 
WHERE role_permissions.role_id = $1::INTEGER
2026-09-18 11:41:15,702 INFO sqlalchemy.engine.Engine [cached since 0.6875s ago] (2,)
2026-09-18 11:41:15,704 INFO sqlalchemy.engine.Engine SELECT isb_sector_assignments.id, isb_sector_assignments.sector_id, isb_sector_assignments.employee_id, isb_sector_assignments.assigned_at, isb_sector_assignments.is_leader, isb_sector_assignments.notes 
FROM isb_sector_assignments 
WHERE isb_sector_assignments.sector_id = $1::INTEGER
2026-09-18 11:41:15,704 INFO sqlalchemy.engine.Engine [cached since 0.06036s ago] (4,)
2026-09-18 11:41:15,706 INFO sqlalchemy.engine.Engine SELECT isb_sector_assignments.id, isb_sector_assignments.sector_id, isb_sector_assignments.employee_id, isb_sector_assignments.assigned_at, isb_sector_assignments.is_leader, isb_sector_assignments.notes 
FROM isb_sector_assignments 
WHERE isb_sector_assignments.sector_id = $1::INTEGER
2026-09-18 11:41:15,706 INFO sqlalchemy.engine.Engine [cached since 0.06267s ago] (5,)
2026-09-18 11:41:15,708 INFO sqlalchemy.engine.Engine SELECT permissions.id, permissions.name, permissions.display_name, permissions.category, permissions.is_active, permissions.created_at, permissions.updated_at 
FROM permissions JOIN role_permissions ON permissions.id = role_permissions.permission_id 
WHERE role_permissions.role_id = $1::INTEGER
2026-09-18 11:41:15,708 INFO sqlalchemy.engine.Engine [cached since 0.6939s ago] (7,)
2026-09-18 11:41:15,710 INFO sqlalchemy.engine.Engine SELECT isb_sector_assignments.id, isb_sector_assignments.sector_id, isb_sector_assignments.employee_id, isb_sector_assignments.assigned_at, isb_sector_assignments.is_leader, isb_sector_assignments.notes 
FROM isb_sector_assignments 
WHERE isb_sector_assignments.sector_id = $1::INTEGER
2026-09-18 11:41:15,710 INFO sqlalchemy.engine.Engine [cached since 0.06691s ago] (6,)
2026-09-18 11:41:15,712 INFO sqlalchemy.engine.Engine SELECT permissions.id, permissions.name, permissions.display_name, permissions.category, permissions.is_active, permissions.created_at, permissions.updated_at 
FROM permissions JOIN role_permissions ON permissions.id = role_permissions.permission_id 
WHERE role_permissions.role_id = $1::INTEGER
2026-09-18 11:41:15,712 INFO sqlalchemy.engine.Engine [cached since 0.6978s ago] (19,)
2026-09-18 11:41:15,714 INFO sqlalchemy.engine.Engine SELECT isb_sector_assignments.id, isb_sector_assignments.sector_id, isb_sector_assignments.employee_id, isb_sector_assignments.assigned_at, isb_sector_assignments.is_leader, isb_sector_assignments.notes 
FROM isb_sector_assignments 
WHERE isb_sector_assignments.sector_id = $1::INTEGER
2026-09-18 11:41:15,714 INFO sqlalchemy.engine.Engine [cached since 0.0708s ago] (7,)
2026-09-18 11:41:15,717 INFO sqlalchemy.engine.Engine SELECT roles.id, roles.name, roles.display_name, roles.level, roles.is_active, roles.created_at, roles.updated_at 
FROM roles 
WHERE roles.id IN ($1::INTEGER, $2::INTEGER, $3::INTEGER)
2026-09-18 11:41:15,717 INFO sqlalchemy.engine.Engine [cached since 0.7172s ago] (2, 19, 7)
2026-09-18 11:41:15,718 INFO sqlalchemy.engine.Engine SELECT isb_sector_assignments.id, isb_sector_assignments.sector_id, isb_sector_assignments.employee_id, isb_sector_assignments.assigned_at, isb_sector_assignments.is_leader, isb_sector_assignments.notes 
FROM isb_sector_assignments 
WHERE isb_sector_assignments.sector_id = $1::INTEGER
2026-09-18 11:41:15,719 INFO sqlalchemy.engine.Engine [cached since 0.07521s ago] (8,)
2026-09-18 11:41:15,720 INFO sqlalchemy.engine.Engine SELECT permissions.id, permissions.name, permissions.display_name, permissions.category, permissions.is_active, permissions.created_at, permissions.updated_at 
FROM permissions JOIN role_permissions ON permissions.id = role_permissions.permission_id 
WHERE role_permissions.role_id = $1::INTEGER
2026-09-18 11:41:15,721 INFO sqlalchemy.engine.Engine [cached since 0.706s ago] (2,)
2026-09-18 11:41:15,722 INFO sqlalchemy.engine.Engine SELECT isb_sector_assignments.id, isb_sector_assignments.sector_id, isb_sector_assignments.employee_id, isb_sector_assignments.assigned_at, isb_sector_assignments.is_leader, isb_sector_assignments.notes 
FROM isb_sector_assignments 
WHERE isb_sector_assignments.sector_id = $1::INTEGER
2026-09-18 11:41:15,723 INFO sqlalchemy.engine.Engine [cached since 0.07916s ago] (9,)
2026-09-18 11:41:15,725 INFO sqlalchemy.engine.Engine SELECT permissions.id, permissions.name, permissions.display_name, permissions.category, permissions.is_active, permissions.created_at, permissions.updated_at 
FROM permissions JOIN role_permissions ON permissions.id = role_permissions.permission_id 
WHERE role_permissions.role_id = $1::INTEGER
2026-09-18 11:41:15,725 INFO sqlalchemy.engine.Engine [cached since 0.7102s ago] (7,)
2026-09-18 11:41:15,726 INFO sqlalchemy.engine.Engine SELECT isb_sector_assignments.id, isb_sector_assignments.sector_id, isb_sector_assignments.employee_id, isb_sector_assignments.assigned_at, isb_sector_assignments.is_leader, isb_sector_assignments.notes 
FROM isb_sector_assignments 
WHERE isb_sector_assignments.sector_id = $1::INTEGER
2026-09-18 11:41:15,727 INFO sqlalchemy.engine.Engine [cached since 0.08323s ago] (10,)
2026-09-18 11:41:15,729 INFO sqlalchemy.engine.Engine SELECT permissions.id, permissions.name, permissions.display_name, permissions.category, permissions.is_active, permissions.created_at, permissions.updated_at 
FROM permissions JOIN role_permissions ON permissions.id = role_permissions.permission_id 
WHERE role_permissions.role_id = $1::INTEGER
2026-09-18 11:41:15,729 INFO sqlalchemy.engine.Engine [cached since 0.7142s ago] (19,)
2026-09-18 11:41:15,730 INFO sqlalchemy.engine.Engine SELECT isb_employees.id, isb_employees.citizen_id, isb_employees.service_number, isb_employees.rank_name, isb_employees.rank_short, isb_employees.branch, isb_employees.level, isb_employees.access_level, isb_employees.position, isb_employees.enlisted_at, isb_employees.promoted_at, isb_employees.discharged_at, isb_employees.is_active, isb_employees.can_arrest, isb_employees.can_conduct_searches, isb_employees.can_issue_warrants, isb_employees.can_command, isb_employees.notes, isb_employees.created_at, isb_employees.updated_at 
FROM isb_employees 
WHERE isb_employees.id = $1::INTEGER
2026-09-18 11:41:15,731 INFO sqlalchemy.engine.Engine [cached since 0.07434s ago] (2,)
2026-09-18 11:41:15,736 INFO sqlalchemy.engine.Engine SELECT algorithms.id, algorithms.number, algorithms.title, algorithms.description, algorithms.task_type, algorithms.scope, algorithms.status, algorithms.deadline, algorithms.reward_reputation, algorithms.created_by, algorithms.max_participants, algorithms.created_at, algorithms.updated_at 
FROM algorithms ORDER BY algorithms.created_at DESC 
 LIMIT $1::INTEGER OFFSET $2::INTEGER
2026-09-18 11:41:15,737 INFO sqlalchemy.engine.Engine [generated in 0.00039s] (200, 0)
2026-09-18 11:41:15,738 INFO sqlalchemy.engine.Engine SELECT citizens.id, citizens.discord_id, citizens.username, citizens.minecraft_uuid, citizens.role_ids, citizens.main_role_id, citizens.reputation, citizens.citizenship_date, citizens.last_login, citizens.created_at, citizens.updated_at, citizens.is_active, citizens.is_verified 
FROM citizens 
WHERE citizens.id = $1::INTEGER
2026-09-18 11:41:15,739 INFO sqlalchemy.engine.Engine [cached since 0.103s ago] (4,)
INFO:     127.0.0.1:57304 - "GET /api/isb/sectors HTTP/1.1" 200 OK
2026-09-18 11:41:15,742 INFO sqlalchemy.engine.Engine ROLLBACK
INFO:     127.0.0.1:57312 - "GET /api/algorithms HTTP/1.1" 200 OK
2026-09-18 11:41:15,745 INFO sqlalchemy.engine.Engine ROLLBACK
2026-09-18 11:41:15,763 INFO sqlalchemy.engine.Engine BEGIN (implicit)
2026-09-18 11:41:15,765 INFO sqlalchemy.engine.Engine SELECT citizens.id, citizens.discord_id, citizens.username, citizens.minecraft_uuid, citizens.role_ids, citizens.main_role_id, citizens.reputation, citizens.citizenship_date, citizens.last_login, citizens.created_at, citizens.updated_at, citizens.is_active, citizens.is_verified 
FROM citizens 
WHERE citizens.username ILIKE $1::VARCHAR OR citizens.minecraft_uuid ILIKE $2::VARCHAR 
 LIMIT $3::INTEGER
2026-09-18 11:41:15,765 INFO sqlalchemy.engine.Engine [generated in 0.00042s] ('%test%', '%test%', 10)
2026-09-18 11:41:15,773 INFO sqlalchemy.engine.Engine SELECT roles.id, roles.name, roles.display_name, roles.level, roles.is_active, roles.created_at, roles.updated_at 
FROM roles 
WHERE roles.name ILIKE $1::VARCHAR OR roles.display_name ILIKE $2::VARCHAR 
 LIMIT $3::INTEGER
2026-09-18 11:41:15,773 INFO sqlalchemy.engine.Engine [generated in 0.00044s] ('%test%', '%test%', 5)
2026-09-18 11:41:15,812 INFO sqlalchemy.engine.Engine SELECT isb_awards.id, isb_awards.name, isb_awards.display_name, isb_awards.description, isb_awards.icon, isb_awards.rarity, isb_awards.category, isb_awards.is_active, isb_awards.created_at 
FROM isb_awards 
WHERE isb_awards.name ILIKE $1::VARCHAR OR isb_awards.display_name ILIKE $2::VARCHAR OR isb_awards.description ILIKE $3::VARCHAR 
 LIMIT $4::INTEGER
2026-09-18 11:41:15,812 INFO sqlalchemy.engine.Engine [generated in 0.00046s] ('%test%', '%test%', '%test%', 5)
2026-09-18 11:41:15,818 INFO sqlalchemy.engine.Engine SELECT isb_employees.id, isb_employees.citizen_id, isb_employees.service_number, isb_employees.rank_name, isb_employees.rank_short, isb_employees.branch, isb_employees.level, isb_employees.access_level, isb_employees.position, isb_employees.enlisted_at, isb_employees.promoted_at, isb_employees.discharged_at, isb_employees.is_active, isb_employees.can_arrest, isb_employees.can_conduct_searches, isb_employees.can_issue_warrants, isb_employees.can_command, isb_employees.notes, isb_employees.created_at, isb_employees.updated_at 
FROM isb_employees 
WHERE isb_employees.service_number ILIKE $1::VARCHAR OR isb_employees.rank_name ILIKE $2::VARCHAR OR isb_employees.position ILIKE $3::VARCHAR 
 LIMIT $4::INTEGER
2026-09-18 11:41:15,819 INFO sqlalchemy.engine.Engine [generated in 0.00065s] ('%test%', '%test%', '%test%', 10)
INFO:     127.0.0.1:57312 - "GET /api/search?q=test HTTP/1.1" 200 OK
2026-09-18 11:41:15,826 INFO sqlalchemy.engine.Engine ROLLBACK
2026-09-18 11:41:15,843 INFO sqlalchemy.engine.Engine BEGIN (implicit)
2026-09-18 11:41:15,844 INFO sqlalchemy.engine.Engine SELECT citizens.id, citizens.discord_id, citizens.username, citizens.minecraft_uuid, citizens.role_ids, citizens.main_role_id, citizens.reputation, citizens.citizenship_date, citizens.last_login, citizens.created_at, citizens.updated_at, citizens.is_active, citizens.is_verified 
FROM citizens 
WHERE citizens.discord_id = $1::BIGINT
2026-09-18 11:41:15,844 INFO sqlalchemy.engine.Engine [cached since 0.9228s ago] (436507782263603200,)
2026-09-18 11:41:15,848 INFO sqlalchemy.engine.Engine SELECT roles.id, roles.name, roles.display_name, roles.level, roles.is_active, roles.created_at, roles.updated_at 
FROM roles 
WHERE roles.id IN ($1::INTEGER, $2::INTEGER, $3::INTEGER)
2026-09-18 11:41:15,848 INFO sqlalchemy.engine.Engine [cached since 0.8484s ago] (2, 19, 7)
2026-09-18 11:41:15,851 INFO sqlalchemy.engine.Engine SELECT permissions.id, permissions.name, permissions.display_name, permissions.category, permissions.is_active, permissions.created_at, permissions.updated_at 
FROM permissions JOIN role_permissions ON permissions.id = role_permissions.permission_id 
WHERE role_permissions.role_id = $1::INTEGER
2026-09-18 11:41:15,851 INFO sqlalchemy.engine.Engine [cached since 0.8362s ago] (2,)
2026-09-18 11:41:15,855 INFO sqlalchemy.engine.Engine SELECT permissions.id, permissions.name, permissions.display_name, permissions.category, permissions.is_active, permissions.created_at, permissions.updated_at 
FROM permissions JOIN role_permissions ON permissions.id = role_permissions.permission_id 
WHERE role_permissions.role_id = $1::INTEGER
2026-09-18 11:41:15,855 INFO sqlalchemy.engine.Engine [cached since 0.8403s ago] (7,)
2026-09-18 11:41:15,857 INFO sqlalchemy.engine.Engine SELECT permissions.id, permissions.name, permissions.display_name, permissions.category, permissions.is_active, permissions.created_at, permissions.updated_at 
FROM permissions JOIN role_permissions ON permissions.id = role_permissions.permission_id 
WHERE role_permissions.role_id = $1::INTEGER
2026-09-18 11:41:15,857 INFO sqlalchemy.engine.Engine [cached since 0.8424s ago] (19,)
2026-09-18 11:41:15,861 INFO sqlalchemy.engine.Engine SELECT roles.id, roles.name, roles.display_name, roles.level, roles.is_active, roles.created_at, roles.updated_at 
FROM roles 
WHERE roles.id IN ($1::INTEGER, $2::INTEGER, $3::INTEGER)
2026-09-18 11:41:15,861 INFO sqlalchemy.engine.Engine [cached since 0.8614s ago] (2, 19, 7)
2026-09-18 11:41:15,864 INFO sqlalchemy.engine.Engine SELECT permissions.id, permissions.name, permissions.display_name, permissions.category, permissions.is_active, permissions.created_at, permissions.updated_at 
FROM permissions JOIN role_permissions ON permissions.id = role_permissions.permission_id 
WHERE role_permissions.role_id = $1::INTEGER
2026-09-18 11:41:15,865 INFO sqlalchemy.engine.Engine [cached since 0.85s ago] (2,)
2026-09-18 11:41:15,868 INFO sqlalchemy.engine.Engine SELECT permissions.id, permissions.name, permissions.display_name, permissions.category, permissions.is_active, permissions.created_at, permissions.updated_at 
FROM permissions JOIN role_permissions ON permissions.id = role_permissions.permission_id 
WHERE role_permissions.role_id = $1::INTEGER
2026-09-18 11:41:15,868 INFO sqlalchemy.engine.Engine [cached since 0.8534s ago] (7,)
2026-09-18 11:41:15,871 INFO sqlalchemy.engine.Engine SELECT permissions.id, permissions.name, permissions.display_name, permissions.category, permissions.is_active, permissions.created_at, permissions.updated_at 
FROM permissions JOIN role_permissions ON permissions.id = role_permissions.permission_id 
WHERE role_permissions.role_id = $1::INTEGER
2026-09-18 11:41:15,871 INFO sqlalchemy.engine.Engine [cached since 0.8563s ago] (19,)
2026-09-18 11:41:15,874 INFO sqlalchemy.engine.Engine SELECT algorithms.id, algorithms.number, algorithms.title, algorithms.description, algorithms.task_type, algorithms.scope, algorithms.status, algorithms.deadline, algorithms.reward_reputation, algorithms.created_by, algorithms.max_participants, algorithms.created_at, algorithms.updated_at 
FROM algorithms ORDER BY algorithms.created_at DESC 
 LIMIT $1::INTEGER OFFSET $2::INTEGER
2026-09-18 11:41:15,874 INFO sqlalchemy.engine.Engine [cached since 0.138s ago] (200, 0)
INFO:     127.0.0.1:57312 - "GET /api/algorithms HTTP/1.1" 200 OK
2026-09-18 11:41:15,881 INFO sqlalchemy.engine.Engine ROLLBACK
2026-09-18 11:41:16,851 INFO sqlalchemy.engine.Engine BEGIN (implicit)
2026-09-18 11:41:16,852 INFO sqlalchemy.engine.Engine SELECT citizens.id, citizens.discord_id, citizens.username, citizens.minecraft_uuid, citizens.role_ids, citizens.main_role_id, citizens.reputation, citizens.citizenship_date, citizens.last_login, citizens.created_at, citizens.updated_at, citizens.is_active, citizens.is_verified 
FROM citizens 
WHERE citizens.discord_id = $1::BIGINT
2026-09-18 11:41:16,852 INFO sqlalchemy.engine.Engine [cached since 1.931s ago] (436507782263603200,)
2026-09-18 11:41:16,856 INFO sqlalchemy.engine.Engine BEGIN (implicit)
2026-09-18 11:41:16,857 INFO sqlalchemy.engine.Engine SELECT citizens.id, citizens.discord_id, citizens.username, citizens.minecraft_uuid, citizens.role_ids, citizens.main_role_id, citizens.reputation, citizens.citizenship_date, citizens.last_login, citizens.created_at, citizens.updated_at, citizens.is_active, citizens.is_verified 
FROM citizens 
WHERE citizens.discord_id = $1::BIGINT
2026-09-18 11:41:16,858 INFO sqlalchemy.engine.Engine [cached since 1.936s ago] (436507782263603200,)
2026-09-18 11:41:16,861 INFO sqlalchemy.engine.Engine SELECT roles.id, roles.name, roles.display_name, roles.level, roles.is_active, roles.created_at, roles.updated_at 
FROM roles 
WHERE roles.id IN ($1::INTEGER, $2::INTEGER, $3::INTEGER)
2026-09-18 11:41:16,861 INFO sqlalchemy.engine.Engine [cached since 1.861s ago] (2, 19, 7)
2026-09-18 11:41:16,863 INFO sqlalchemy.engine.Engine SELECT roles.id, roles.name, roles.display_name, roles.level, roles.is_active, roles.created_at, roles.updated_at 
FROM roles 
WHERE roles.id IN ($1::INTEGER, $2::INTEGER, $3::INTEGER)
2026-09-18 11:41:16,863 INFO sqlalchemy.engine.Engine [cached since 1.863s ago] (2, 19, 7)
2026-09-18 11:41:16,866 INFO sqlalchemy.engine.Engine SELECT permissions.id, permissions.name, permissions.display_name, permissions.category, permissions.is_active, permissions.created_at, permissions.updated_at 
FROM permissions JOIN role_permissions ON permissions.id = role_permissions.permission_id 
WHERE role_permissions.role_id = $1::INTEGER
2026-09-18 11:41:16,866 INFO sqlalchemy.engine.Engine [cached since 1.851s ago] (2,)
2026-09-18 11:41:16,868 INFO sqlalchemy.engine.Engine SELECT permissions.id, permissions.name, permissions.display_name, permissions.category, permissions.is_active, permissions.created_at, permissions.updated_at 
FROM permissions JOIN role_permissions ON permissions.id = role_permissions.permission_id 
WHERE role_permissions.role_id = $1::INTEGER
2026-09-18 11:41:16,868 INFO sqlalchemy.engine.Engine [cached since 1.853s ago] (2,)
2026-09-18 11:41:16,872 INFO sqlalchemy.engine.Engine SELECT permissions.id, permissions.name, permissions.display_name, permissions.category, permissions.is_active, permissions.created_at, permissions.updated_at 
FROM permissions JOIN role_permissions ON permissions.id = role_permissions.permission_id 
WHERE role_permissions.role_id = $1::INTEGER
2026-09-18 11:41:16,872 INFO sqlalchemy.engine.Engine [cached since 1.857s ago] (7,)
2026-09-18 11:41:16,874 INFO sqlalchemy.engine.Engine SELECT permissions.id, permissions.name, permissions.display_name, permissions.category, permissions.is_active, permissions.created_at, permissions.updated_at 
FROM permissions JOIN role_permissions ON permissions.id = role_permissions.permission_id 
WHERE role_permissions.role_id = $1::INTEGER
2026-09-18 11:41:16,874 INFO sqlalchemy.engine.Engine [cached since 1.859s ago] (7,)
2026-09-18 11:41:16,876 INFO sqlalchemy.engine.Engine SELECT permissions.id, permissions.name, permissions.display_name, permissions.category, permissions.is_active, permissions.created_at, permissions.updated_at 
FROM permissions JOIN role_permissions ON permissions.id = role_permissions.permission_id 
WHERE role_permissions.role_id = $1::INTEGER
2026-09-18 11:41:16,877 INFO sqlalchemy.engine.Engine [cached since 1.862s ago] (19,)
2026-09-18 11:41:16,879 INFO sqlalchemy.engine.Engine SELECT permissions.id, permissions.name, permissions.display_name, permissions.category, permissions.is_active, permissions.created_at, permissions.updated_at 
FROM permissions JOIN role_permissions ON permissions.id = role_permissions.permission_id 
WHERE role_permissions.role_id = $1::INTEGER
2026-09-18 11:41:16,879 INFO sqlalchemy.engine.Engine [cached since 1.864s ago] (19,)
2026-09-18 11:41:16,881 INFO sqlalchemy.engine.Engine SELECT isb_sectors.id, isb_sectors.number, isb_sectors.name, isb_sectors.description, isb_sectors.center_x, isb_sectors.center_z, isb_sectors.threat_level, isb_sectors.is_active, isb_sectors.created_at 
FROM isb_sectors ORDER BY isb_sectors.number
2026-09-18 11:41:16,881 INFO sqlalchemy.engine.Engine [cached since 1.253s ago] ()
2026-09-18 11:41:16,883 INFO sqlalchemy.engine.Engine SELECT isb_employees.id, isb_employees.citizen_id, isb_employees.service_number, isb_employees.rank_name, isb_employees.rank_short, isb_employees.branch, isb_employees.level, isb_employees.access_level, isb_employees.position, isb_employees.enlisted_at, isb_employees.promoted_at, isb_employees.discharged_at, isb_employees.is_active, isb_employees.can_arrest, isb_employees.can_conduct_searches, isb_employees.can_issue_warrants, isb_employees.can_command, isb_employees.notes, isb_employees.created_at, isb_employees.updated_at 
FROM isb_employees ORDER BY isb_employees.level DESC
2026-09-18 11:41:16,883 INFO sqlalchemy.engine.Engine [cached since 1.461s ago] ()
2026-09-18 11:41:16,887 INFO sqlalchemy.engine.Engine SELECT count(isb_sector_assignments.id) AS count_1 
FROM isb_sector_assignments 
WHERE isb_sector_assignments.sector_id = $1::INTEGER
2026-09-18 11:41:16,887 INFO sqlalchemy.engine.Engine [generated in 0.00034s] (1,)
2026-09-18 11:41:16,888 INFO sqlalchemy.engine.Engine SELECT citizens.id, citizens.discord_id, citizens.username, citizens.minecraft_uuid, citizens.role_ids, citizens.main_role_id, citizens.reputation, citizens.citizenship_date, citizens.last_login, citizens.created_at, citizens.updated_at, citizens.is_active, citizens.is_verified 
FROM citizens 
WHERE citizens.id IN ($1::INTEGER, $2::INTEGER)
2026-09-18 11:41:16,889 INFO sqlalchemy.engine.Engine [cached since 1.434s ago] (2, 4)
2026-09-18 11:41:16,892 INFO sqlalchemy.engine.Engine SELECT count(isb_sector_assignments.id) AS count_1 
FROM isb_sector_assignments 
WHERE isb_sector_assignments.sector_id = $1::INTEGER
2026-09-18 11:41:16,892 INFO sqlalchemy.engine.Engine [cached since 0.005955s ago] (2,)
INFO:     127.0.0.1:57304 - "GET /api/admin/isb/employees HTTP/1.1" 200 OK
2026-09-18 11:41:16,894 INFO sqlalchemy.engine.Engine ROLLBACK
2026-09-18 11:41:16,898 INFO sqlalchemy.engine.Engine SELECT count(isb_sector_assignments.id) AS count_1 
FROM isb_sector_assignments 
WHERE isb_sector_assignments.sector_id = $1::INTEGER
2026-09-18 11:41:16,898 INFO sqlalchemy.engine.Engine [cached since 0.01176s ago] (3,)
2026-09-18 11:41:16,901 INFO sqlalchemy.engine.Engine SELECT count(isb_sector_assignments.id) AS count_1 
FROM isb_sector_assignments 
WHERE isb_sector_assignments.sector_id = $1::INTEGER
2026-09-18 11:41:16,901 INFO sqlalchemy.engine.Engine [cached since 0.01443s ago] (4,)
2026-09-18 11:41:16,904 INFO sqlalchemy.engine.Engine SELECT count(isb_sector_assignments.id) AS count_1 
FROM isb_sector_assignments 
WHERE isb_sector_assignments.sector_id = $1::INTEGER
2026-09-18 11:41:16,904 INFO sqlalchemy.engine.Engine [cached since 0.01741s ago] (5,)
2026-09-18 11:41:16,906 INFO sqlalchemy.engine.Engine SELECT count(isb_sector_assignments.id) AS count_1 
FROM isb_sector_assignments 
WHERE isb_sector_assignments.sector_id = $1::INTEGER
2026-09-18 11:41:16,907 INFO sqlalchemy.engine.Engine [cached since 0.02058s ago] (6,)
2026-09-18 11:41:16,910 INFO sqlalchemy.engine.Engine SELECT count(isb_sector_assignments.id) AS count_1 
FROM isb_sector_assignments 
WHERE isb_sector_assignments.sector_id = $1::INTEGER
2026-09-18 11:41:16,910 INFO sqlalchemy.engine.Engine [cached since 0.02381s ago] (7,)
2026-09-18 11:41:16,912 INFO sqlalchemy.engine.Engine SELECT count(isb_sector_assignments.id) AS count_1 
FROM isb_sector_assignments 
WHERE isb_sector_assignments.sector_id = $1::INTEGER
2026-09-18 11:41:16,913 INFO sqlalchemy.engine.Engine [cached since 0.02617s ago] (8,)
2026-09-18 11:41:16,915 INFO sqlalchemy.engine.Engine SELECT count(isb_sector_assignments.id) AS count_1 
FROM isb_sector_assignments 
WHERE isb_sector_assignments.sector_id = $1::INTEGER
2026-09-18 11:41:16,916 INFO sqlalchemy.engine.Engine [cached since 0.02898s ago] (9,)
2026-09-18 11:41:16,919 INFO sqlalchemy.engine.Engine SELECT count(isb_sector_assignments.id) AS count_1 
FROM isb_sector_assignments 
WHERE isb_sector_assignments.sector_id = $1::INTEGER
2026-09-18 11:41:16,919 INFO sqlalchemy.engine.Engine [cached since 0.03251s ago] (10,)
INFO:     127.0.0.1:57312 - "GET /api/isb/graphs/sectors HTTP/1.1" 200 OK
2026-09-18 11:41:16,922 INFO sqlalchemy.engine.Engine ROLLBACK
2026-09-18 11:41:17,010 INFO sqlalchemy.engine.Engine BEGIN (implicit)
2026-09-18 11:41:17,011 INFO sqlalchemy.engine.Engine SELECT citizens.id, citizens.discord_id, citizens.username, citizens.minecraft_uuid, citizens.role_ids, citizens.main_role_id, citizens.reputation, citizens.citizenship_date, citizens.last_login, citizens.created_at, citizens.updated_at, citizens.is_active, citizens.is_verified 
FROM citizens 
WHERE citizens.discord_id = $1::BIGINT
2026-09-18 11:41:17,012 INFO sqlalchemy.engine.Engine [cached since 2.09s ago] (436507782263603200,)
2026-09-18 11:41:17,016 INFO sqlalchemy.engine.Engine SELECT roles.id, roles.name, roles.display_name, roles.level, roles.is_active, roles.created_at, roles.updated_at 
FROM roles 
WHERE roles.id IN ($1::INTEGER, $2::INTEGER, $3::INTEGER)
2026-09-18 11:41:17,016 INFO sqlalchemy.engine.Engine [cached since 2.017s ago] (2, 19, 7)
2026-09-18 11:41:17,020 INFO sqlalchemy.engine.Engine SELECT permissions.id, permissions.name, permissions.display_name, permissions.category, permissions.is_active, permissions.created_at, permissions.updated_at 
FROM permissions JOIN role_permissions ON permissions.id = role_permissions.permission_id 
WHERE role_permissions.role_id = $1::INTEGER
2026-09-18 11:41:17,020 INFO sqlalchemy.engine.Engine [cached since 2.006s ago] (2,)
2026-09-18 11:41:17,024 INFO sqlalchemy.engine.Engine SELECT permissions.id, permissions.name, permissions.display_name, permissions.category, permissions.is_active, permissions.created_at, permissions.updated_at 
FROM permissions JOIN role_permissions ON permissions.id = role_permissions.permission_id 
WHERE role_permissions.role_id = $1::INTEGER
2026-09-18 11:41:17,024 INFO sqlalchemy.engine.Engine [cached since 2.01s ago] (7,)
2026-09-18 11:41:17,028 INFO sqlalchemy.engine.Engine SELECT permissions.id, permissions.name, permissions.display_name, permissions.category, permissions.is_active, permissions.created_at, permissions.updated_at 
FROM permissions JOIN role_permissions ON permissions.id = role_permissions.permission_id 
WHERE role_permissions.role_id = $1::INTEGER
2026-09-18 11:41:17,028 INFO sqlalchemy.engine.Engine [cached since 2.014s ago] (19,)
2026-09-18 11:41:17,036 INFO sqlalchemy.engine.Engine SELECT date_trunc($1::VARCHAR, isb_logs.created_at) AS hour, count(isb_logs.id) AS count 
FROM isb_logs 
WHERE isb_logs.created_at >= $2::TIMESTAMP WITHOUT TIME ZONE GROUP BY hour ORDER BY hour
2026-09-18 11:41:17,036 INFO sqlalchemy.engine.Engine [generated in 0.00057s] ('hour', datetime.datetime(2026, 9, 17, 8, 41, 17, 31312))
INFO:     127.0.0.1:57312 - "GET /api/isb/graphs/logs-24h HTTP/1.1" 200 OK
2026-09-18 11:41:17,041 INFO sqlalchemy.engine.Engine ROLLBACK
2026-09-18 11:41:17,087 INFO sqlalchemy.engine.Engine BEGIN (implicit)
2026-09-18 11:41:17,088 INFO sqlalchemy.engine.Engine SELECT citizens.id, citizens.discord_id, citizens.username, citizens.minecraft_uuid, citizens.role_ids, citizens.main_role_id, citizens.reputation, citizens.citizenship_date, citizens.last_login, citizens.created_at, citizens.updated_at, citizens.is_active, citizens.is_verified 
FROM citizens 
WHERE citizens.discord_id = $1::BIGINT
2026-09-18 11:41:17,089 INFO sqlalchemy.engine.Engine [cached since 2.167s ago] (436507782263603200,)
2026-09-18 11:41:17,097 INFO sqlalchemy.engine.Engine SELECT roles.id, roles.name, roles.display_name, roles.level, roles.is_active, roles.created_at, roles.updated_at 
FROM roles 
WHERE roles.id IN ($1::INTEGER, $2::INTEGER, $3::INTEGER)
2026-09-18 11:41:17,098 INFO sqlalchemy.engine.Engine [cached since 2.098s ago] (2, 19, 7)
2026-09-18 11:41:17,105 INFO sqlalchemy.engine.Engine SELECT permissions.id, permissions.name, permissions.display_name, permissions.category, permissions.is_active, permissions.created_at, permissions.updated_at 
FROM permissions JOIN role_permissions ON permissions.id = role_permissions.permission_id 
WHERE role_permissions.role_id = $1::INTEGER
2026-09-18 11:41:17,106 INFO sqlalchemy.engine.Engine [cached since 2.091s ago] (2,)
2026-09-18 11:41:17,118 INFO sqlalchemy.engine.Engine SELECT permissions.id, permissions.name, permissions.display_name, permissions.category, permissions.is_active, permissions.created_at, permissions.updated_at 
FROM permissions JOIN role_permissions ON permissions.id = role_permissions.permission_id 
WHERE role_permissions.role_id = $1::INTEGER
2026-09-18 11:41:17,118 INFO sqlalchemy.engine.Engine [cached since 2.104s ago] (7,)
2026-09-18 11:41:17,125 INFO sqlalchemy.engine.Engine SELECT permissions.id, permissions.name, permissions.display_name, permissions.category, permissions.is_active, permissions.created_at, permissions.updated_at 
FROM permissions JOIN role_permissions ON permissions.id = role_permissions.permission_id 
WHERE role_permissions.role_id = $1::INTEGER
2026-09-18 11:41:17,126 INFO sqlalchemy.engine.Engine [cached since 2.112s ago] (19,)
2026-09-18 11:41:17,132 INFO sqlalchemy.engine.Engine SELECT isb_sectors.id, isb_sectors.number, isb_sectors.name, isb_sectors.description, isb_sectors.center_x, isb_sectors.center_z, isb_sectors.threat_level, isb_sectors.is_active, isb_sectors.created_at 
FROM isb_sectors ORDER BY isb_sectors.threat_level DESC 
 LIMIT $1::INTEGER
2026-09-18 11:41:17,132 INFO sqlalchemy.engine.Engine [generated in 0.00045s] (5,)
INFO:     127.0.0.1:57312 - "GET /api/isb/graphs/threat HTTP/1.1" 200 OK
2026-09-18 11:41:17,143 INFO sqlalchemy.engine.Engine ROLLBACK
2026-09-18 11:41:20,082 INFO sqlalchemy.engine.Engine BEGIN (implicit)
2026-09-18 11:41:20,083 INFO sqlalchemy.engine.Engine SELECT citizens.id, citizens.discord_id, citizens.username, citizens.minecraft_uuid, citizens.role_ids, citizens.main_role_id, citizens.reputation, citizens.citizenship_date, citizens.last_login, citizens.created_at, citizens.updated_at, citizens.is_active, citizens.is_verified 
FROM citizens 
WHERE citizens.discord_id = $1::BIGINT
2026-09-18 11:41:20,084 INFO sqlalchemy.engine.Engine [cached since 5.162s ago] (436507782263603200,)
2026-09-18 11:41:20,090 INFO sqlalchemy.engine.Engine SELECT isb_employees.id, isb_employees.citizen_id, isb_employees.service_number, isb_employees.rank_name, isb_employees.rank_short, isb_employees.branch, isb_employees.level, isb_employees.access_level, isb_employees.position, isb_employees.enlisted_at, isb_employees.promoted_at, isb_employees.discharged_at, isb_employees.is_active, isb_employees.can_arrest, isb_employees.can_conduct_searches, isb_employees.can_issue_warrants, isb_employees.can_command, isb_employees.notes, isb_employees.created_at, isb_employees.updated_at 
FROM isb_employees 
WHERE isb_employees.citizen_id = $1::INTEGER
2026-09-18 11:41:20,090 INFO sqlalchemy.engine.Engine [cached since 5.103s ago] (2,)
2026-09-18 11:41:20,095 INFO sqlalchemy.engine.Engine SELECT roles.id, roles.name, roles.display_name, roles.level, roles.is_active, roles.created_at, roles.updated_at 
FROM roles 
WHERE roles.id IN ($1::INTEGER, $2::INTEGER, $3::INTEGER)
2026-09-18 11:41:20,095 INFO sqlalchemy.engine.Engine [cached since 5.095s ago] (2, 19, 7)
2026-09-18 11:41:20,098 INFO sqlalchemy.engine.Engine SELECT permissions.id, permissions.name, permissions.display_name, permissions.category, permissions.is_active, permissions.created_at, permissions.updated_at 
FROM permissions JOIN role_permissions ON permissions.id = role_permissions.permission_id 
WHERE role_permissions.role_id = $1::INTEGER
2026-09-18 11:41:20,098 INFO sqlalchemy.engine.Engine [cached since 5.084s ago] (2,)
2026-09-18 11:41:20,102 INFO sqlalchemy.engine.Engine SELECT permissions.id, permissions.name, permissions.display_name, permissions.category, permissions.is_active, permissions.created_at, permissions.updated_at 
FROM permissions JOIN role_permissions ON permissions.id = role_permissions.permission_id 
WHERE role_permissions.role_id = $1::INTEGER
2026-09-18 11:41:20,103 INFO sqlalchemy.engine.Engine [cached since 5.088s ago] (7,)
2026-09-18 11:41:20,106 INFO sqlalchemy.engine.Engine SELECT permissions.id, permissions.name, permissions.display_name, permissions.category, permissions.is_active, permissions.created_at, permissions.updated_at 
FROM permissions JOIN role_permissions ON permissions.id = role_permissions.permission_id 
WHERE role_permissions.role_id = $1::INTEGER
2026-09-18 11:41:20,107 INFO sqlalchemy.engine.Engine [cached since 5.092s ago] (19,)
🔍 DEBUG /isb/panel: user=PRISTORoff0, isb_emp=True, has_manage=True
INFO:     127.0.0.1:57312 - "GET /isb/panel HTTP/1.1" 200 OK
2026-09-18 11:41:20,111 INFO sqlalchemy.engine.Engine ROLLBACK
2026-09-18 11:41:20,163 INFO sqlalchemy.engine.Engine BEGIN (implicit)
2026-09-18 11:41:20,165 INFO sqlalchemy.engine.Engine SELECT citizens.id, citizens.discord_id, citizens.username, citizens.minecraft_uuid, citizens.role_ids, citizens.main_role_id, citizens.reputation, citizens.citizenship_date, citizens.last_login, citizens.created_at, citizens.updated_at, citizens.is_active, citizens.is_verified 
FROM citizens 
WHERE citizens.discord_id = $1::BIGINT
2026-09-18 11:41:20,165 INFO sqlalchemy.engine.Engine [cached since 5.244s ago] (436507782263603200,)
2026-09-18 11:41:20,168 INFO sqlalchemy.engine.Engine BEGIN (implicit)
2026-09-18 11:41:20,168 INFO sqlalchemy.engine.Engine SELECT citizens.id, citizens.discord_id, citizens.username, citizens.minecraft_uuid, citizens.role_ids, citizens.main_role_id, citizens.reputation, citizens.citizenship_date, citizens.last_login, citizens.created_at, citizens.updated_at, citizens.is_active, citizens.is_verified 
FROM citizens 
WHERE citizens.discord_id = $1::BIGINT
2026-09-18 11:41:20,168 INFO sqlalchemy.engine.Engine [cached since 5.247s ago] (436507782263603200,)
2026-09-18 11:41:20,171 INFO sqlalchemy.engine.Engine BEGIN (implicit)
2026-09-18 11:41:20,172 INFO sqlalchemy.engine.Engine SELECT citizens.id, citizens.discord_id, citizens.username, citizens.minecraft_uuid, citizens.role_ids, citizens.main_role_id, citizens.reputation, citizens.citizenship_date, citizens.last_login, citizens.created_at, citizens.updated_at, citizens.is_active, citizens.is_verified 
FROM citizens 
WHERE citizens.discord_id = $1::BIGINT
2026-09-18 11:41:20,172 INFO sqlalchemy.engine.Engine [cached since 5.25s ago] (436507782263603200,)
INFO:     127.0.0.1:57300 - "GET /health HTTP/1.1" 200 OK
2026-09-18 11:41:20,175 INFO sqlalchemy.engine.Engine BEGIN (implicit)
2026-09-18 11:41:20,175 INFO sqlalchemy.engine.Engine SELECT citizens.id, citizens.discord_id, citizens.username, citizens.minecraft_uuid, citizens.role_ids, citizens.main_role_id, citizens.reputation, citizens.citizenship_date, citizens.last_login, citizens.created_at, citizens.updated_at, citizens.is_active, citizens.is_verified 
FROM citizens 
WHERE citizens.discord_id = $1::BIGINT
2026-09-18 11:41:20,175 INFO sqlalchemy.engine.Engine [cached since 5.254s ago] (436507782263603200,)
2026-09-18 11:41:20,180 INFO sqlalchemy.engine.Engine SELECT roles.id, roles.name, roles.display_name, roles.level, roles.is_active, roles.created_at, roles.updated_at 
FROM roles 
WHERE roles.id IN ($1::INTEGER, $2::INTEGER, $3::INTEGER)
2026-09-18 11:41:20,181 INFO sqlalchemy.engine.Engine [cached since 5.181s ago] (2, 19, 7)
2026-09-18 11:41:20,183 INFO sqlalchemy.engine.Engine SELECT roles.id, roles.name, roles.display_name, roles.level, roles.is_active, roles.created_at, roles.updated_at 
FROM roles 
WHERE roles.id IN ($1::INTEGER, $2::INTEGER, $3::INTEGER)
2026-09-18 11:41:20,183 INFO sqlalchemy.engine.Engine [cached since 5.184s ago] (2, 19, 7)
2026-09-18 11:41:20,185 INFO sqlalchemy.engine.Engine SELECT isb_employees.id, isb_employees.citizen_id, isb_employees.service_number, isb_employees.rank_name, isb_employees.rank_short, isb_employees.branch, isb_employees.level, isb_employees.access_level, isb_employees.position, isb_employees.enlisted_at, isb_employees.promoted_at, isb_employees.discharged_at, isb_employees.is_active, isb_employees.can_arrest, isb_employees.can_conduct_searches, isb_employees.can_issue_warrants, isb_employees.can_command, isb_employees.notes, isb_employees.created_at, isb_employees.updated_at 
FROM isb_employees 
WHERE isb_employees.citizen_id = $1::INTEGER
2026-09-18 11:41:20,185 INFO sqlalchemy.engine.Engine [cached since 5.198s ago] (2,)
2026-09-18 11:41:20,187 INFO sqlalchemy.engine.Engine SELECT roles.id, roles.name, roles.display_name, roles.level, roles.is_active, roles.created_at, roles.updated_at 
FROM roles 
WHERE roles.id IN ($1::INTEGER, $2::INTEGER, $3::INTEGER)
2026-09-18 11:41:20,188 INFO sqlalchemy.engine.Engine [cached since 5.188s ago] (2, 19, 7)
2026-09-18 11:41:20,190 INFO sqlalchemy.engine.Engine SELECT permissions.id, permissions.name, permissions.display_name, permissions.category, permissions.is_active, permissions.created_at, permissions.updated_at 
FROM permissions JOIN role_permissions ON permissions.id = role_permissions.permission_id 
WHERE role_permissions.role_id = $1::INTEGER
2026-09-18 11:41:20,190 INFO sqlalchemy.engine.Engine [cached since 5.175s ago] (2,)
2026-09-18 11:41:20,193 INFO sqlalchemy.engine.Engine SELECT permissions.id, permissions.name, permissions.display_name, permissions.category, permissions.is_active, permissions.created_at, permissions.updated_at 
FROM permissions JOIN role_permissions ON permissions.id = role_permissions.permission_id 
WHERE role_permissions.role_id = $1::INTEGER
2026-09-18 11:41:20,193 INFO sqlalchemy.engine.Engine [cached since 5.179s ago] (2,)
2026-09-18 11:41:20,197 INFO sqlalchemy.engine.Engine SELECT permissions.id, permissions.name, permissions.display_name, permissions.category, permissions.is_active, permissions.created_at, permissions.updated_at 
FROM permissions JOIN role_permissions ON permissions.id = role_permissions.permission_id 
WHERE role_permissions.role_id = $1::INTEGER
2026-09-18 11:41:20,198 INFO sqlalchemy.engine.Engine [cached since 5.183s ago] (2,)
2026-09-18 11:41:20,202 INFO sqlalchemy.engine.Engine BEGIN (implicit)
2026-09-18 11:41:20,203 INFO sqlalchemy.engine.Engine SELECT count(citizens.id) AS count_1 
FROM citizens
2026-09-18 11:41:20,203 INFO sqlalchemy.engine.Engine [cached since 8.446s ago] ()
2026-09-18 11:41:20,205 INFO sqlalchemy.engine.Engine SELECT permissions.id, permissions.name, permissions.display_name, permissions.category, permissions.is_active, permissions.created_at, permissions.updated_at 
FROM permissions JOIN role_permissions ON permissions.id = role_permissions.permission_id 
WHERE role_permissions.role_id = $1::INTEGER
2026-09-18 11:41:20,205 INFO sqlalchemy.engine.Engine [cached since 5.191s ago] (7,)
INFO:     127.0.0.1:57316 - "GET /api/isb/me/access HTTP/1.1" 200 OK
2026-09-18 11:41:20,207 INFO sqlalchemy.engine.Engine ROLLBACK
2026-09-18 11:41:20,209 INFO sqlalchemy.engine.Engine SELECT permissions.id, permissions.name, permissions.display_name, permissions.category, permissions.is_active, permissions.created_at, permissions.updated_at 
FROM permissions JOIN role_permissions ON permissions.id = role_permissions.permission_id 
WHERE role_permissions.role_id = $1::INTEGER
2026-09-18 11:41:20,209 INFO sqlalchemy.engine.Engine [cached since 5.195s ago] (7,)
2026-09-18 11:41:20,211 INFO sqlalchemy.engine.Engine SELECT permissions.id, permissions.name, permissions.display_name, permissions.category, permissions.is_active, permissions.created_at, permissions.updated_at 
FROM permissions JOIN role_permissions ON permissions.id = role_permissions.permission_id 
WHERE role_permissions.role_id = $1::INTEGER
2026-09-18 11:41:20,211 INFO sqlalchemy.engine.Engine [cached since 5.197s ago] (7,)
2026-09-18 11:41:20,214 INFO sqlalchemy.engine.Engine SELECT permissions.id, permissions.name, permissions.display_name, permissions.category, permissions.is_active, permissions.created_at, permissions.updated_at 
FROM permissions JOIN role_permissions ON permissions.id = role_permissions.permission_id 
WHERE role_permissions.role_id = $1::INTEGER
2026-09-18 11:41:20,215 INFO sqlalchemy.engine.Engine [cached since 5.2s ago] (19,)
2026-09-18 11:41:20,217 INFO sqlalchemy.engine.Engine SELECT permissions.id, permissions.name, permissions.display_name, permissions.category, permissions.is_active, permissions.created_at, permissions.updated_at 
FROM permissions JOIN role_permissions ON permissions.id = role_permissions.permission_id 
WHERE role_permissions.role_id = $1::INTEGER
2026-09-18 11:41:20,217 INFO sqlalchemy.engine.Engine [cached since 5.202s ago] (19,)
2026-09-18 11:41:20,219 INFO sqlalchemy.engine.Engine SELECT permissions.id, permissions.name, permissions.display_name, permissions.category, permissions.is_active, permissions.created_at, permissions.updated_at 
FROM permissions JOIN role_permissions ON permissions.id = role_permissions.permission_id 
WHERE role_permissions.role_id = $1::INTEGER
2026-09-18 11:41:20,219 INFO sqlalchemy.engine.Engine [cached since 5.204s ago] (19,)
2026-09-18 11:41:20,221 INFO sqlalchemy.engine.Engine SELECT roles.id, roles.name, roles.display_name, roles.level, roles.is_active, roles.created_at, roles.updated_at 
FROM roles ORDER BY roles.level DESC
2026-09-18 11:41:20,221 INFO sqlalchemy.engine.Engine [cached since 4.735s ago] ()
2026-09-18 11:41:20,222 INFO sqlalchemy.engine.Engine SELECT isb_employees.id, isb_employees.citizen_id, isb_employees.service_number, isb_employees.rank_name, isb_employees.rank_short, isb_employees.branch, isb_employees.level, isb_employees.access_level, isb_employees.position, isb_employees.enlisted_at, isb_employees.promoted_at, isb_employees.discharged_at, isb_employees.is_active, isb_employees.can_arrest, isb_employees.can_conduct_searches, isb_employees.can_issue_warrants, isb_employees.can_command, isb_employees.notes, isb_employees.created_at, isb_employees.updated_at 
FROM isb_employees ORDER BY isb_employees.level DESC
2026-09-18 11:41:20,222 INFO sqlalchemy.engine.Engine [cached since 4.801s ago] ()
2026-09-18 11:41:20,224 INFO sqlalchemy.engine.Engine SELECT isb_sectors.id, isb_sectors.number, isb_sectors.name, isb_sectors.description, isb_sectors.center_x, isb_sectors.center_z, isb_sectors.threat_level, isb_sectors.is_active, isb_sectors.created_at 
FROM isb_sectors ORDER BY isb_sectors.number
2026-09-18 11:41:20,224 INFO sqlalchemy.engine.Engine [cached since 4.597s ago] ()
2026-09-18 11:41:20,226 INFO sqlalchemy.engine.Engine SELECT isb_logs.id, isb_logs.created_at, isb_logs.severity, isb_logs.category, isb_logs.message, isb_logs.actor_id, isb_logs.sector_id, isb_logs.meta 
FROM isb_logs ORDER BY isb_logs.created_at DESC 
 LIMIT $1::INTEGER
2026-09-18 11:41:20,226 INFO sqlalchemy.engine.Engine [cached since 4.606s ago] (30,)
2026-09-18 11:41:20,228 INFO sqlalchemy.engine.Engine SELECT citizens.id, citizens.discord_id, citizens.username, citizens.minecraft_uuid, citizens.role_ids, citizens.main_role_id, citizens.reputation, citizens.citizenship_date, citizens.last_login, citizens.created_at, citizens.updated_at, citizens.is_active, citizens.is_verified 
FROM citizens 
WHERE citizens.id IN ($1::INTEGER, $2::INTEGER)
2026-09-18 11:41:20,229 INFO sqlalchemy.engine.Engine [cached since 4.774s ago] (2, 4)
2026-09-18 11:41:20,231 INFO sqlalchemy.engine.Engine SELECT isb_sector_assignments.id, isb_sector_assignments.sector_id, isb_sector_assignments.employee_id, isb_sector_assignments.assigned_at, isb_sector_assignments.is_leader, isb_sector_assignments.notes 
FROM isb_sector_assignments 
WHERE isb_sector_assignments.sector_id = $1::INTEGER
2026-09-18 11:41:20,231 INFO sqlalchemy.engine.Engine [cached since 4.587s ago] (1,)
2026-09-18 11:41:20,233 INFO sqlalchemy.engine.Engine SELECT roles_1.id AS roles_1_id, permissions.id AS permissions_id, permissions.name AS permissions_name, permissions.display_name AS permissions_display_name, permissions.category AS permissions_category, permissions.is_active AS permissions_is_active, permissions.created_at AS permissions_created_at, permissions.updated_at AS permissions_updated_at 
FROM roles AS roles_1 JOIN role_permissions AS role_permissions_1 ON roles_1.id = role_permissions_1.role_id JOIN permissions ON permissions.id = role_permissions_1.permission_id 
WHERE roles_1.id IN ($1::INTEGER, $2::INTEGER, $3::INTEGER, $4::INTEGER, $5::INTEGER, $6::INTEGER, $7::INTEGER)
2026-09-18 11:41:20,234 INFO sqlalchemy.engine.Engine [cached since 4.711s ago] (2, 15, 16, 17, 18, 19, 7)
INFO:     127.0.0.1:57312 - "GET /api/admin/isb/employees HTTP/1.1" 200 OK
2026-09-18 11:41:20,236 INFO sqlalchemy.engine.Engine ROLLBACK
2026-09-18 11:41:20,238 INFO sqlalchemy.engine.Engine SELECT citizens.id, citizens.discord_id, citizens.username, citizens.minecraft_uuid, citizens.role_ids, citizens.main_role_id, citizens.reputation, citizens.citizenship_date, citizens.last_login, citizens.created_at, citizens.updated_at, citizens.is_active, citizens.is_verified 
FROM citizens 
WHERE citizens.id = $1::INTEGER
2026-09-18 11:41:20,238 INFO sqlalchemy.engine.Engine [cached since 4.602s ago] (2,)
2026-09-18 11:41:20,241 INFO sqlalchemy.engine.Engine SELECT isb_employees.id, isb_employees.citizen_id, isb_employees.service_number, isb_employees.rank_name, isb_employees.rank_short, isb_employees.branch, isb_employees.level, isb_employees.access_level, isb_employees.position, isb_employees.enlisted_at, isb_employees.promoted_at, isb_employees.discharged_at, isb_employees.is_active, isb_employees.can_arrest, isb_employees.can_conduct_searches, isb_employees.can_issue_warrants, isb_employees.can_command, isb_employees.notes, isb_employees.created_at, isb_employees.updated_at 
FROM isb_employees 
WHERE isb_employees.id = $1::INTEGER
2026-09-18 11:41:20,241 INFO sqlalchemy.engine.Engine [cached since 4.584s ago] (2,)
2026-09-18 11:41:20,245 INFO sqlalchemy.engine.Engine SELECT citizens.id, citizens.discord_id, citizens.username, citizens.minecraft_uuid, citizens.role_ids, citizens.main_role_id, citizens.reputation, citizens.citizenship_date, citizens.last_login, citizens.created_at, citizens.updated_at, citizens.is_active, citizens.is_verified 
FROM citizens ORDER BY citizens.citizenship_date DESC 
 LIMIT $1::INTEGER OFFSET $2::INTEGER
2026-09-18 11:41:20,245 INFO sqlalchemy.engine.Engine [cached since 4.688s ago] (10000, 0)
2026-09-18 11:41:20,247 INFO sqlalchemy.engine.Engine SELECT isb_sectors.id, isb_sectors.number, isb_sectors.name, isb_sectors.description, isb_sectors.center_x, isb_sectors.center_z, isb_sectors.threat_level, isb_sectors.is_active, isb_sectors.created_at 
FROM isb_sectors 
WHERE isb_sectors.id = $1::INTEGER
2026-09-18 11:41:20,247 INFO sqlalchemy.engine.Engine [cached since 4.598s ago] (1,)
2026-09-18 11:41:20,249 INFO sqlalchemy.engine.Engine BEGIN (implicit)
2026-09-18 11:41:20,250 INFO sqlalchemy.engine.Engine SELECT isb_awards.id, isb_awards.name, isb_awards.display_name, isb_awards.description, isb_awards.icon, isb_awards.rarity, isb_awards.category, isb_awards.is_active, isb_awards.created_at 
FROM isb_awards 
WHERE isb_awards.is_active = true ORDER BY isb_awards.rarity, isb_awards.display_name
2026-09-18 11:41:20,250 INFO sqlalchemy.engine.Engine [cached since 4.747s ago] ()
2026-09-18 11:41:20,252 INFO sqlalchemy.engine.Engine SELECT citizens.id, citizens.discord_id, citizens.username, citizens.minecraft_uuid, citizens.role_ids, citizens.main_role_id, citizens.reputation, citizens.citizenship_date, citizens.last_login, citizens.created_at, citizens.updated_at, citizens.is_active, citizens.is_verified 
FROM citizens 
WHERE citizens.id = $1::INTEGER
2026-09-18 11:41:20,252 INFO sqlalchemy.engine.Engine [cached since 4.616s ago] (4,)
2026-09-18 11:41:20,255 INFO sqlalchemy.engine.Engine SELECT isb_employees.id, isb_employees.citizen_id, isb_employees.service_number, isb_employees.rank_name, isb_employees.rank_short, isb_employees.branch, isb_employees.level, isb_employees.access_level, isb_employees.position, isb_employees.enlisted_at, isb_employees.promoted_at, isb_employees.discharged_at, isb_employees.is_active, isb_employees.can_arrest, isb_employees.can_conduct_searches, isb_employees.can_issue_warrants, isb_employees.can_command, isb_employees.notes, isb_employees.created_at, isb_employees.updated_at 
FROM isb_employees 
WHERE isb_employees.id = $1::INTEGER
2026-09-18 11:41:20,255 INFO sqlalchemy.engine.Engine [cached since 4.598s ago] (1,)
INFO:     127.0.0.1:57300 - "GET /api/stats HTTP/1.1" 200 OK
2026-09-18 11:41:20,257 INFO sqlalchemy.engine.Engine ROLLBACK
2026-09-18 11:41:20,258 INFO sqlalchemy.engine.Engine SELECT citizens.id, citizens.discord_id, citizens.username, citizens.minecraft_uuid, citizens.role_ids, citizens.main_role_id, citizens.reputation, citizens.citizenship_date, citizens.last_login, citizens.created_at, citizens.updated_at, citizens.is_active, citizens.is_verified 
FROM citizens 
WHERE citizens.id = $1::INTEGER
2026-09-18 11:41:20,258 INFO sqlalchemy.engine.Engine [cached since 4.623s ago] (2,)
2026-09-18 11:41:20,260 INFO sqlalchemy.engine.Engine SELECT citizens.id, citizens.discord_id, citizens.username, citizens.minecraft_uuid, citizens.role_ids, citizens.main_role_id, citizens.reputation, citizens.citizenship_date, citizens.last_login, citizens.created_at, citizens.updated_at, citizens.is_active, citizens.is_verified 
FROM citizens 
WHERE citizens.id = $1::INTEGER
2026-09-18 11:41:20,260 INFO sqlalchemy.engine.Engine [cached since 4.625s ago] (2,)
2026-09-18 11:41:20,263 INFO sqlalchemy.engine.Engine SELECT count(isb_award_grants.id) AS count_1 
FROM isb_award_grants 
WHERE isb_award_grants.award_id = $1::INTEGER
2026-09-18 11:41:20,263 INFO sqlalchemy.engine.Engine [cached since 4.723s ago] (3,)
2026-09-18 11:41:20,264 INFO sqlalchemy.engine.Engine SELECT isb_sectors.id, isb_sectors.number, isb_sectors.name, isb_sectors.description, isb_sectors.center_x, isb_sectors.center_z, isb_sectors.threat_level, isb_sectors.is_active, isb_sectors.created_at 
FROM isb_sectors 
WHERE isb_sectors.id = $1::INTEGER
2026-09-18 11:41:20,264 INFO sqlalchemy.engine.Engine [cached since 4.615s ago] (1,)
2026-09-18 11:41:20,266 INFO sqlalchemy.engine.Engine SELECT isb_sector_assignments.id, isb_sector_assignments.sector_id, isb_sector_assignments.employee_id, isb_sector_assignments.assigned_at, isb_sector_assignments.is_leader, isb_sector_assignments.notes 
FROM isb_sector_assignments 
WHERE isb_sector_assignments.sector_id = $1::INTEGER
2026-09-18 11:41:20,266 INFO sqlalchemy.engine.Engine [cached since 4.623s ago] (2,)
2026-09-18 11:41:20,268 INFO sqlalchemy.engine.Engine BEGIN (implicit)
2026-09-18 11:41:20,268 INFO sqlalchemy.engine.Engine SELECT citizens.id, citizens.discord_id, citizens.username, citizens.minecraft_uuid, citizens.role_ids, citizens.main_role_id, citizens.reputation, citizens.citizenship_date, citizens.last_login, citizens.created_at, citizens.updated_at, citizens.is_active, citizens.is_verified 
FROM citizens 
WHERE citizens.discord_id = $1::BIGINT
2026-09-18 11:41:20,268 INFO sqlalchemy.engine.Engine [cached since 5.347s ago] (436507782263603200,)
2026-09-18 11:41:20,270 INFO sqlalchemy.engine.Engine SELECT citizens.id, citizens.discord_id, citizens.username, citizens.minecraft_uuid, citizens.role_ids, citizens.main_role_id, citizens.reputation, citizens.citizenship_date, citizens.last_login, citizens.created_at, citizens.updated_at, citizens.is_active, citizens.is_verified 
FROM citizens 
WHERE citizens.id = $1::INTEGER
2026-09-18 11:41:20,270 INFO sqlalchemy.engine.Engine [cached since 4.635s ago] (2,)
2026-09-18 11:41:20,272 INFO sqlalchemy.engine.Engine SELECT isb_sector_assignments.id, isb_sector_assignments.sector_id, isb_sector_assignments.employee_id, isb_sector_assignments.assigned_at, isb_sector_assignments.is_leader, isb_sector_assignments.notes 
FROM isb_sector_assignments 
WHERE isb_sector_assignments.sector_id = $1::INTEGER
2026-09-18 11:41:20,272 INFO sqlalchemy.engine.Engine [cached since 4.629s ago] (3,)
2026-09-18 11:41:20,273 INFO sqlalchemy.engine.Engine SELECT isb_sectors.id, isb_sectors.number, isb_sectors.name, isb_sectors.description, isb_sectors.center_x, isb_sectors.center_z, isb_sectors.threat_level, isb_sectors.is_active, isb_sectors.created_at 
FROM isb_sectors 
WHERE isb_sectors.id = $1::INTEGER
2026-09-18 11:41:20,274 INFO sqlalchemy.engine.Engine [cached since 4.624s ago] (10,)
2026-09-18 11:41:20,275 INFO sqlalchemy.engine.Engine SELECT count(isb_award_grants.id) AS count_1 
FROM isb_award_grants 
WHERE isb_award_grants.award_id = $1::INTEGER
2026-09-18 11:41:20,275 INFO sqlalchemy.engine.Engine [cached since 4.735s ago] (1,)
2026-09-18 11:41:20,276 INFO sqlalchemy.engine.Engine SELECT roles.id, roles.name, roles.display_name, roles.level, roles.is_active, roles.created_at, roles.updated_at 
FROM roles 
WHERE roles.id IN ($1::INTEGER, $2::INTEGER, $3::INTEGER)
2026-09-18 11:41:20,277 INFO sqlalchemy.engine.Engine [cached since 5.277s ago] (2, 19, 7)
2026-09-18 11:41:20,278 INFO sqlalchemy.engine.Engine SELECT isb_sector_assignments.id, isb_sector_assignments.sector_id, isb_sector_assignments.employee_id, isb_sector_assignments.assigned_at, isb_sector_assignments.is_leader, isb_sector_assignments.notes 
FROM isb_sector_assignments 
WHERE isb_sector_assignments.sector_id = $1::INTEGER
2026-09-18 11:41:20,278 INFO sqlalchemy.engine.Engine [cached since 4.635s ago] (4,)
2026-09-18 11:41:20,280 INFO sqlalchemy.engine.Engine SELECT count(isb_award_grants.id) AS count_1 
FROM isb_award_grants 
WHERE isb_award_grants.award_id = $1::INTEGER
2026-09-18 11:41:20,280 INFO sqlalchemy.engine.Engine [cached since 4.74s ago] (2,)
INFO:     127.0.0.1:57308 - "GET /api/isb/logs?limit=30 HTTP/1.1" 200 OK
2026-09-18 11:41:20,281 INFO sqlalchemy.engine.Engine ROLLBACK
2026-09-18 11:41:20,283 INFO sqlalchemy.engine.Engine SELECT permissions.id, permissions.name, permissions.display_name, permissions.category, permissions.is_active, permissions.created_at, permissions.updated_at 
FROM permissions JOIN role_permissions ON permissions.id = role_permissions.permission_id 
WHERE role_permissions.role_id = $1::INTEGER
2026-09-18 11:41:20,283 INFO sqlalchemy.engine.Engine [cached since 5.269s ago] (2,)
2026-09-18 11:41:20,284 INFO sqlalchemy.engine.Engine SELECT isb_sector_assignments.id, isb_sector_assignments.sector_id, isb_sector_assignments.employee_id, isb_sector_assignments.assigned_at, isb_sector_assignments.is_leader, isb_sector_assignments.notes 
FROM isb_sector_assignments 
WHERE isb_sector_assignments.sector_id = $1::INTEGER
2026-09-18 11:41:20,285 INFO sqlalchemy.engine.Engine [cached since 4.641s ago] (5,)
2026-09-18 11:41:20,286 INFO sqlalchemy.engine.Engine SELECT count(isb_award_grants.id) AS count_1 
FROM isb_award_grants 
WHERE isb_award_grants.award_id = $1::INTEGER
2026-09-18 11:41:20,286 INFO sqlalchemy.engine.Engine [cached since 4.747s ago] (11,)
2026-09-18 11:41:20,289 INFO sqlalchemy.engine.Engine SELECT permissions.id, permissions.name, permissions.display_name, permissions.category, permissions.is_active, permissions.created_at, permissions.updated_at 
FROM permissions JOIN role_permissions ON permissions.id = role_permissions.permission_id 
WHERE role_permissions.role_id = $1::INTEGER
2026-09-18 11:41:20,289 INFO sqlalchemy.engine.Engine [cached since 5.274s ago] (7,)
2026-09-18 11:41:20,290 INFO sqlalchemy.engine.Engine SELECT isb_sector_assignments.id, isb_sector_assignments.sector_id, isb_sector_assignments.employee_id, isb_sector_assignments.assigned_at, isb_sector_assignments.is_leader, isb_sector_assignments.notes 
FROM isb_sector_assignments 
WHERE isb_sector_assignments.sector_id = $1::INTEGER
2026-09-18 11:41:20,290 INFO sqlalchemy.engine.Engine [cached since 4.647s ago] (6,)
2026-09-18 11:41:20,292 INFO sqlalchemy.engine.Engine SELECT count(isb_award_grants.id) AS count_1 
FROM isb_award_grants 
WHERE isb_award_grants.award_id = $1::INTEGER
2026-09-18 11:41:20,292 INFO sqlalchemy.engine.Engine [cached since 4.752s ago] (10,)
2026-09-18 11:41:20,293 INFO sqlalchemy.engine.Engine SELECT permissions.id, permissions.name, permissions.display_name, permissions.category, permissions.is_active, permissions.created_at, permissions.updated_at 
FROM permissions JOIN role_permissions ON permissions.id = role_permissions.permission_id 
WHERE role_permissions.role_id = $1::INTEGER
2026-09-18 11:41:20,294 INFO sqlalchemy.engine.Engine [cached since 5.279s ago] (19,)
2026-09-18 11:41:20,295 INFO sqlalchemy.engine.Engine SELECT isb_sector_assignments.id, isb_sector_assignments.sector_id, isb_sector_assignments.employee_id, isb_sector_assignments.assigned_at, isb_sector_assignments.is_leader, isb_sector_assignments.notes 
FROM isb_sector_assignments 
WHERE isb_sector_assignments.sector_id = $1::INTEGER
2026-09-18 11:41:20,295 INFO sqlalchemy.engine.Engine [cached since 4.652s ago] (7,)
2026-09-18 11:41:20,297 INFO sqlalchemy.engine.Engine SELECT count(isb_award_grants.id) AS count_1 
FROM isb_award_grants 
WHERE isb_award_grants.award_id = $1::INTEGER
2026-09-18 11:41:20,297 INFO sqlalchemy.engine.Engine [cached since 4.757s ago] (12,)
2026-09-18 11:41:20,298 INFO sqlalchemy.engine.Engine SELECT isb_sector_assignments.id, isb_sector_assignments.sector_id, isb_sector_assignments.employee_id, isb_sector_assignments.assigned_at, isb_sector_assignments.is_leader, isb_sector_assignments.notes 
FROM isb_sector_assignments 
WHERE isb_sector_assignments.sector_id = $1::INTEGER
2026-09-18 11:41:20,298 INFO sqlalchemy.engine.Engine [cached since 4.655s ago] (8,)
2026-09-18 11:41:20,300 INFO sqlalchemy.engine.Engine SELECT roles.id, roles.name, roles.display_name, roles.level, roles.is_active, roles.created_at, roles.updated_at 
FROM roles 
WHERE roles.id IN ($1::INTEGER, $2::INTEGER, $3::INTEGER)
2026-09-18 11:41:20,300 INFO sqlalchemy.engine.Engine [cached since 5.301s ago] (2, 19, 7)
2026-09-18 11:41:20,302 INFO sqlalchemy.engine.Engine SELECT count(isb_award_grants.id) AS count_1 
FROM isb_award_grants 
WHERE isb_award_grants.award_id = $1::INTEGER
2026-09-18 11:41:20,303 INFO sqlalchemy.engine.Engine [cached since 4.763s ago] (8,)
2026-09-18 11:41:20,304 INFO sqlalchemy.engine.Engine SELECT isb_sector_assignments.id, isb_sector_assignments.sector_id, isb_sector_assignments.employee_id, isb_sector_assignments.assigned_at, isb_sector_assignments.is_leader, isb_sector_assignments.notes 
FROM isb_sector_assignments 
WHERE isb_sector_assignments.sector_id = $1::INTEGER
2026-09-18 11:41:20,304 INFO sqlalchemy.engine.Engine [cached since 4.661s ago] (9,)
2026-09-18 11:41:20,305 INFO sqlalchemy.engine.Engine SELECT permissions.id, permissions.name, permissions.display_name, permissions.category, permissions.is_active, permissions.created_at, permissions.updated_at 
FROM permissions JOIN role_permissions ON permissions.id = role_permissions.permission_id 
WHERE role_permissions.role_id = $1::INTEGER
2026-09-18 11:41:20,305 INFO sqlalchemy.engine.Engine [cached since 5.291s ago] (2,)
2026-09-18 11:41:20,307 INFO sqlalchemy.engine.Engine SELECT count(isb_award_grants.id) AS count_1 
FROM isb_award_grants 
WHERE isb_award_grants.award_id = $1::INTEGER
2026-09-18 11:41:20,307 INFO sqlalchemy.engine.Engine [cached since 4.767s ago] (9,)
2026-09-18 11:41:20,308 INFO sqlalchemy.engine.Engine SELECT isb_sector_assignments.id, isb_sector_assignments.sector_id, isb_sector_assignments.employee_id, isb_sector_assignments.assigned_at, isb_sector_assignments.is_leader, isb_sector_assignments.notes 
FROM isb_sector_assignments 
WHERE isb_sector_assignments.sector_id = $1::INTEGER
2026-09-18 11:41:20,308 INFO sqlalchemy.engine.Engine [cached since 4.665s ago] (10,)
2026-09-18 11:41:20,310 INFO sqlalchemy.engine.Engine SELECT permissions.id, permissions.name, permissions.display_name, permissions.category, permissions.is_active, permissions.created_at, permissions.updated_at 
FROM permissions JOIN role_permissions ON permissions.id = role_permissions.permission_id 
WHERE role_permissions.role_id = $1::INTEGER
2026-09-18 11:41:20,310 INFO sqlalchemy.engine.Engine [cached since 5.295s ago] (7,)
2026-09-18 11:41:20,311 INFO sqlalchemy.engine.Engine SELECT count(isb_award_grants.id) AS count_1 
FROM isb_award_grants 
WHERE isb_award_grants.award_id = $1::INTEGER
2026-09-18 11:41:20,312 INFO sqlalchemy.engine.Engine [cached since 4.772s ago] (7,)
2026-09-18 11:41:20,313 INFO sqlalchemy.engine.Engine SELECT permissions.id, permissions.name, permissions.display_name, permissions.category, permissions.is_active, permissions.created_at, permissions.updated_at 
FROM permissions JOIN role_permissions ON permissions.id = role_permissions.permission_id 
WHERE role_permissions.role_id = $1::INTEGER
2026-09-18 11:41:20,313 INFO sqlalchemy.engine.Engine [cached since 5.299s ago] (19,)
2026-09-18 11:41:20,314 INFO sqlalchemy.engine.Engine SELECT isb_employees.id, isb_employees.citizen_id, isb_employees.service_number, isb_employees.rank_name, isb_employees.rank_short, isb_employees.branch, isb_employees.level, isb_employees.access_level, isb_employees.position, isb_employees.enlisted_at, isb_employees.promoted_at, isb_employees.discharged_at, isb_employees.is_active, isb_employees.can_arrest, isb_employees.can_conduct_searches, isb_employees.can_issue_warrants, isb_employees.can_command, isb_employees.notes, isb_employees.created_at, isb_employees.updated_at 
FROM isb_employees 
WHERE isb_employees.id = $1::INTEGER
2026-09-18 11:41:20,315 INFO sqlalchemy.engine.Engine [cached since 4.658s ago] (2,)
2026-09-18 11:41:20,316 INFO sqlalchemy.engine.Engine SELECT count(isb_award_grants.id) AS count_1 
FROM isb_award_grants 
WHERE isb_award_grants.award_id = $1::INTEGER
2026-09-18 11:41:20,316 INFO sqlalchemy.engine.Engine [cached since 4.777s ago] (5,)
2026-09-18 11:41:20,318 INFO sqlalchemy.engine.Engine SELECT algorithms.id, algorithms.number, algorithms.title, algorithms.description, algorithms.task_type, algorithms.scope, algorithms.status, algorithms.deadline, algorithms.reward_reputation, algorithms.created_by, algorithms.max_participants, algorithms.created_at, algorithms.updated_at 
FROM algorithms ORDER BY algorithms.created_at DESC 
 LIMIT $1::INTEGER OFFSET $2::INTEGER
2026-09-18 11:41:20,318 INFO sqlalchemy.engine.Engine [cached since 4.582s ago] (200, 0)
2026-09-18 11:41:20,320 INFO sqlalchemy.engine.Engine SELECT citizens.id, citizens.discord_id, citizens.username, citizens.minecraft_uuid, citizens.role_ids, citizens.main_role_id, citizens.reputation, citizens.citizenship_date, citizens.last_login, citizens.created_at, citizens.updated_at, citizens.is_active, citizens.is_verified 
FROM citizens 
WHERE citizens.id = $1::INTEGER
2026-09-18 11:41:20,320 INFO sqlalchemy.engine.Engine [cached since 4.684s ago] (4,)
2026-09-18 11:41:20,321 INFO sqlalchemy.engine.Engine SELECT count(isb_award_grants.id) AS count_1 
FROM isb_award_grants 
WHERE isb_award_grants.award_id = $1::INTEGER
2026-09-18 11:41:20,322 INFO sqlalchemy.engine.Engine [cached since 4.782s ago] (4,)
INFO:     127.0.0.1:57304 - "GET /api/isb/sectors HTTP/1.1" 200 OK
2026-09-18 11:41:20,324 INFO sqlalchemy.engine.Engine ROLLBACK
2026-09-18 11:41:20,326 INFO sqlalchemy.engine.Engine SELECT count(isb_award_grants.id) AS count_1 
FROM isb_award_grants 
WHERE isb_award_grants.award_id = $1::INTEGER
2026-09-18 11:41:20,326 INFO sqlalchemy.engine.Engine [cached since 4.786s ago] (6,)
INFO:     127.0.0.1:57312 - "GET /api/admin/isb/awards/public HTTP/1.1" 200 OK
2026-09-18 11:41:20,329 INFO sqlalchemy.engine.Engine ROLLBACK
INFO:     127.0.0.1:57300 - "GET /api/algorithms HTTP/1.1" 200 OK
2026-09-18 11:41:20,330 INFO sqlalchemy.engine.Engine ROLLBACK
2026-09-18 11:41:20,340 INFO sqlalchemy.engine.Engine BEGIN (implicit)
2026-09-18 11:41:20,341 INFO sqlalchemy.engine.Engine SELECT citizens.id, citizens.discord_id, citizens.username, citizens.minecraft_uuid, citizens.role_ids, citizens.main_role_id, citizens.reputation, citizens.citizenship_date, citizens.last_login, citizens.created_at, citizens.updated_at, citizens.is_active, citizens.is_verified 
FROM citizens 
WHERE citizens.username ILIKE $1::VARCHAR OR citizens.minecraft_uuid ILIKE $2::VARCHAR 
 LIMIT $3::INTEGER
2026-09-18 11:41:20,341 INFO sqlalchemy.engine.Engine [cached since 4.576s ago] ('%test%', '%test%', 10)
2026-09-18 11:41:20,344 INFO sqlalchemy.engine.Engine SELECT roles.id, roles.name, roles.display_name, roles.level, roles.is_active, roles.created_at, roles.updated_at 
FROM roles 
WHERE roles.name ILIKE $1::VARCHAR OR roles.display_name ILIKE $2::VARCHAR 
 LIMIT $3::INTEGER
2026-09-18 11:41:20,345 INFO sqlalchemy.engine.Engine [cached since 4.572s ago] ('%test%', '%test%', 5)
2026-09-18 11:41:20,357 INFO sqlalchemy.engine.Engine SELECT isb_awards.id, isb_awards.name, isb_awards.display_name, isb_awards.description, isb_awards.icon, isb_awards.rarity, isb_awards.category, isb_awards.is_active, isb_awards.created_at 
FROM isb_awards 
WHERE isb_awards.name ILIKE $1::VARCHAR OR isb_awards.display_name ILIKE $2::VARCHAR OR isb_awards.description ILIKE $3::VARCHAR 
 LIMIT $4::INTEGER
2026-09-18 11:41:20,357 INFO sqlalchemy.engine.Engine [cached since 4.545s ago] ('%test%', '%test%', '%test%', 5)
2026-09-18 11:41:20,361 INFO sqlalchemy.engine.Engine SELECT isb_employees.id, isb_employees.citizen_id, isb_employees.service_number, isb_employees.rank_name, isb_employees.rank_short, isb_employees.branch, isb_employees.level, isb_employees.access_level, isb_employees.position, isb_employees.enlisted_at, isb_employees.promoted_at, isb_employees.discharged_at, isb_employees.is_active, isb_employees.can_arrest, isb_employees.can_conduct_searches, isb_employees.can_issue_warrants, isb_employees.can_command, isb_employees.notes, isb_employees.created_at, isb_employees.updated_at 
FROM isb_employees 
WHERE isb_employees.service_number ILIKE $1::VARCHAR OR isb_employees.rank_name ILIKE $2::VARCHAR OR isb_employees.position ILIKE $3::VARCHAR 
 LIMIT $4::INTEGER
2026-09-18 11:41:20,361 INFO sqlalchemy.engine.Engine [cached since 4.543s ago] ('%test%', '%test%', '%test%', 10)
INFO:     127.0.0.1:57300 - "GET /api/search?q=test HTTP/1.1" 200 OK
2026-09-18 11:41:20,365 INFO sqlalchemy.engine.Engine ROLLBACK
2026-09-18 11:41:20,383 INFO sqlalchemy.engine.Engine BEGIN (implicit)
2026-09-18 11:41:20,384 INFO sqlalchemy.engine.Engine SELECT citizens.id, citizens.discord_id, citizens.username, citizens.minecraft_uuid, citizens.role_ids, citizens.main_role_id, citizens.reputation, citizens.citizenship_date, citizens.last_login, citizens.created_at, citizens.updated_at, citizens.is_active, citizens.is_verified 
FROM citizens 
WHERE citizens.discord_id = $1::BIGINT
2026-09-18 11:41:20,384 INFO sqlalchemy.engine.Engine [cached since 5.463s ago] (436507782263603200,)
2026-09-18 11:41:20,388 INFO sqlalchemy.engine.Engine SELECT roles.id, roles.name, roles.display_name, roles.level, roles.is_active, roles.created_at, roles.updated_at 
FROM roles 
WHERE roles.id IN ($1::INTEGER, $2::INTEGER, $3::INTEGER)
2026-09-18 11:41:20,388 INFO sqlalchemy.engine.Engine [cached since 5.388s ago] (2, 19, 7)
2026-09-18 11:41:20,391 INFO sqlalchemy.engine.Engine SELECT permissions.id, permissions.name, permissions.display_name, permissions.category, permissions.is_active, permissions.created_at, permissions.updated_at 
FROM permissions JOIN role_permissions ON permissions.id = role_permissions.permission_id 
WHERE role_permissions.role_id = $1::INTEGER
2026-09-18 11:41:20,391 INFO sqlalchemy.engine.Engine [cached since 5.376s ago] (2,)
2026-09-18 11:41:20,394 INFO sqlalchemy.engine.Engine SELECT permissions.id, permissions.name, permissions.display_name, permissions.category, permissions.is_active, permissions.created_at, permissions.updated_at 
FROM permissions JOIN role_permissions ON permissions.id = role_permissions.permission_id 
WHERE role_permissions.role_id = $1::INTEGER
2026-09-18 11:41:20,394 INFO sqlalchemy.engine.Engine [cached since 5.38s ago] (7,)
2026-09-18 11:41:20,398 INFO sqlalchemy.engine.Engine SELECT permissions.id, permissions.name, permissions.display_name, permissions.category, permissions.is_active, permissions.created_at, permissions.updated_at 
FROM permissions JOIN role_permissions ON permissions.id = role_permissions.permission_id 
WHERE role_permissions.role_id = $1::INTEGER
2026-09-18 11:41:20,398 INFO sqlalchemy.engine.Engine [cached since 5.383s ago] (19,)
2026-09-18 11:41:20,400 INFO sqlalchemy.engine.Engine SELECT roles.id, roles.name, roles.display_name, roles.level, roles.is_active, roles.created_at, roles.updated_at 
FROM roles 
WHERE roles.id IN ($1::INTEGER, $2::INTEGER, $3::INTEGER)
2026-09-18 11:41:20,400 INFO sqlalchemy.engine.Engine [cached since 5.401s ago] (2, 19, 7)
2026-09-18 11:41:20,403 INFO sqlalchemy.engine.Engine SELECT permissions.id, permissions.name, permissions.display_name, permissions.category, permissions.is_active, permissions.created_at, permissions.updated_at 
FROM permissions JOIN role_permissions ON permissions.id = role_permissions.permission_id 
WHERE role_permissions.role_id = $1::INTEGER
2026-09-18 11:41:20,403 INFO sqlalchemy.engine.Engine [cached since 5.389s ago] (2,)
2026-09-18 11:41:20,406 INFO sqlalchemy.engine.Engine SELECT permissions.id, permissions.name, permissions.display_name, permissions.category, permissions.is_active, permissions.created_at, permissions.updated_at 
FROM permissions JOIN role_permissions ON permissions.id = role_permissions.permission_id 
WHERE role_permissions.role_id = $1::INTEGER
2026-09-18 11:41:20,406 INFO sqlalchemy.engine.Engine [cached since 5.391s ago] (7,)
2026-09-18 11:41:20,408 INFO sqlalchemy.engine.Engine SELECT permissions.id, permissions.name, permissions.display_name, permissions.category, permissions.is_active, permissions.created_at, permissions.updated_at 
FROM permissions JOIN role_permissions ON permissions.id = role_permissions.permission_id 
WHERE role_permissions.role_id = $1::INTEGER
2026-09-18 11:41:20,408 INFO sqlalchemy.engine.Engine [cached since 5.394s ago] (19,)
2026-09-18 11:41:20,411 INFO sqlalchemy.engine.Engine SELECT algorithms.id, algorithms.number, algorithms.title, algorithms.description, algorithms.task_type, algorithms.scope, algorithms.status, algorithms.deadline, algorithms.reward_reputation, algorithms.created_by, algorithms.max_participants, algorithms.created_at, algorithms.updated_at 
FROM algorithms ORDER BY algorithms.created_at DESC 
 LIMIT $1::INTEGER OFFSET $2::INTEGER
2026-09-18 11:41:20,411 INFO sqlalchemy.engine.Engine [cached since 4.675s ago] (200, 0)
INFO:     127.0.0.1:57300 - "GET /api/algorithms HTTP/1.1" 200 OK
2026-09-18 11:41:20,414 INFO sqlalchemy.engine.Engine ROLLBACK
2026-09-18 11:41:20,993 INFO sqlalchemy.engine.Engine BEGIN (implicit)
2026-09-18 11:41:20,994 INFO sqlalchemy.engine.Engine SELECT citizens.id, citizens.discord_id, citizens.username, citizens.minecraft_uuid, citizens.role_ids, citizens.main_role_id, citizens.reputation, citizens.citizenship_date, citizens.last_login, citizens.created_at, citizens.updated_at, citizens.is_active, citizens.is_verified 
FROM citizens 
WHERE citizens.discord_id = $1::BIGINT
2026-09-18 11:41:20,994 INFO sqlalchemy.engine.Engine [cached since 6.072s ago] (436507782263603200,)
2026-09-18 11:41:20,998 INFO sqlalchemy.engine.Engine SELECT isb_employees.id, isb_employees.citizen_id, isb_employees.service_number, isb_employees.rank_name, isb_employees.rank_short, isb_employees.branch, isb_employees.level, isb_employees.access_level, isb_employees.position, isb_employees.enlisted_at, isb_employees.promoted_at, isb_employees.discharged_at, isb_employees.is_active, isb_employees.can_arrest, isb_employees.can_conduct_searches, isb_employees.can_issue_warrants, isb_employees.can_command, isb_employees.notes, isb_employees.created_at, isb_employees.updated_at 
FROM isb_employees 
WHERE isb_employees.citizen_id = $1::INTEGER
2026-09-18 11:41:20,998 INFO sqlalchemy.engine.Engine [cached since 6.012s ago] (2,)
2026-09-18 11:41:21,003 INFO sqlalchemy.engine.Engine SELECT roles.id, roles.name, roles.display_name, roles.level, roles.is_active, roles.created_at, roles.updated_at 
FROM roles 
WHERE roles.id IN ($1::INTEGER, $2::INTEGER, $3::INTEGER)
2026-09-18 11:41:21,003 INFO sqlalchemy.engine.Engine [cached since 6.003s ago] (2, 19, 7)
2026-09-18 11:41:21,005 INFO sqlalchemy.engine.Engine SELECT permissions.id, permissions.name, permissions.display_name, permissions.category, permissions.is_active, permissions.created_at, permissions.updated_at 
FROM permissions JOIN role_permissions ON permissions.id = role_permissions.permission_id 
WHERE role_permissions.role_id = $1::INTEGER
2026-09-18 11:41:21,005 INFO sqlalchemy.engine.Engine [cached since 5.99s ago] (2,)
2026-09-18 11:41:21,010 INFO sqlalchemy.engine.Engine SELECT permissions.id, permissions.name, permissions.display_name, permissions.category, permissions.is_active, permissions.created_at, permissions.updated_at 
FROM permissions JOIN role_permissions ON permissions.id = role_permissions.permission_id 
WHERE role_permissions.role_id = $1::INTEGER
2026-09-18 11:41:21,010 INFO sqlalchemy.engine.Engine [cached since 5.995s ago] (7,)
2026-09-18 11:41:21,012 INFO sqlalchemy.engine.Engine SELECT permissions.id, permissions.name, permissions.display_name, permissions.category, permissions.is_active, permissions.created_at, permissions.updated_at 
FROM permissions JOIN role_permissions ON permissions.id = role_permissions.permission_id 
WHERE role_permissions.role_id = $1::INTEGER
2026-09-18 11:41:21,012 INFO sqlalchemy.engine.Engine [cached since 5.998s ago] (19,)
🔍 DEBUG /isb/panel: user=PRISTORoff0, isb_emp=True, has_manage=True
INFO:     127.0.0.1:57300 - "GET /isb/panel HTTP/1.1" 200 OK
2026-09-18 11:41:21,015 INFO sqlalchemy.engine.Engine ROLLBACK
2026-09-18 11:41:21,066 INFO sqlalchemy.engine.Engine BEGIN (implicit)
2026-09-18 11:41:21,067 INFO sqlalchemy.engine.Engine SELECT citizens.id, citizens.discord_id, citizens.username, citizens.minecraft_uuid, citizens.role_ids, citizens.main_role_id, citizens.reputation, citizens.citizenship_date, citizens.last_login, citizens.created_at, citizens.updated_at, citizens.is_active, citizens.is_verified 
FROM citizens 
WHERE citizens.discord_id = $1::BIGINT
2026-09-18 11:41:21,067 INFO sqlalchemy.engine.Engine [cached since 6.145s ago] (436507782263603200,)
2026-09-18 11:41:21,071 INFO sqlalchemy.engine.Engine BEGIN (implicit)
2026-09-18 11:41:21,072 INFO sqlalchemy.engine.Engine SELECT citizens.id, citizens.discord_id, citizens.username, citizens.minecraft_uuid, citizens.role_ids, citizens.main_role_id, citizens.reputation, citizens.citizenship_date, citizens.last_login, citizens.created_at, citizens.updated_at, citizens.is_active, citizens.is_verified 
FROM citizens 
WHERE citizens.discord_id = $1::BIGINT
2026-09-18 11:41:21,072 INFO sqlalchemy.engine.Engine [cached since 6.15s ago] (436507782263603200,)
2026-09-18 11:41:21,076 INFO sqlalchemy.engine.Engine BEGIN (implicit)
2026-09-18 11:41:21,077 INFO sqlalchemy.engine.Engine SELECT citizens.id, citizens.discord_id, citizens.username, citizens.minecraft_uuid, citizens.role_ids, citizens.main_role_id, citizens.reputation, citizens.citizenship_date, citizens.last_login, citizens.created_at, citizens.updated_at, citizens.is_active, citizens.is_verified 
FROM citizens 
WHERE citizens.discord_id = $1::BIGINT
2026-09-18 11:41:21,077 INFO sqlalchemy.engine.Engine [cached since 6.155s ago] (436507782263603200,)
INFO:     127.0.0.1:57308 - "GET /health HTTP/1.1" 200 OK
2026-09-18 11:41:21,084 INFO sqlalchemy.engine.Engine BEGIN (implicit)
2026-09-18 11:41:21,084 INFO sqlalchemy.engine.Engine SELECT citizens.id, citizens.discord_id, citizens.username, citizens.minecraft_uuid, citizens.role_ids, citizens.main_role_id, citizens.reputation, citizens.citizenship_date, citizens.last_login, citizens.created_at, citizens.updated_at, citizens.is_active, citizens.is_verified 
FROM citizens 
WHERE citizens.discord_id = $1::BIGINT
2026-09-18 11:41:21,085 INFO sqlalchemy.engine.Engine [cached since 6.163s ago] (436507782263603200,)
2026-09-18 11:41:21,090 INFO sqlalchemy.engine.Engine SELECT roles.id, roles.name, roles.display_name, roles.level, roles.is_active, roles.created_at, roles.updated_at 
FROM roles 
WHERE roles.id IN ($1::INTEGER, $2::INTEGER, $3::INTEGER)
2026-09-18 11:41:21,090 INFO sqlalchemy.engine.Engine [cached since 6.091s ago] (2, 19, 7)
2026-09-18 11:41:21,093 INFO sqlalchemy.engine.Engine SELECT roles.id, roles.name, roles.display_name, roles.level, roles.is_active, roles.created_at, roles.updated_at 
FROM roles 
WHERE roles.id IN ($1::INTEGER, $2::INTEGER, $3::INTEGER)
2026-09-18 11:41:21,094 INFO sqlalchemy.engine.Engine [cached since 6.094s ago] (2, 19, 7)
2026-09-18 11:41:21,099 INFO sqlalchemy.engine.Engine SELECT permissions.id, permissions.name, permissions.display_name, permissions.category, permissions.is_active, permissions.created_at, permissions.updated_at 
FROM permissions JOIN role_permissions ON permissions.id = role_permissions.permission_id 
WHERE role_permissions.role_id = $1::INTEGER
2026-09-18 11:41:21,100 INFO sqlalchemy.engine.Engine [cached since 6.085s ago] (2,)
2026-09-18 11:41:21,103 INFO sqlalchemy.engine.Engine SELECT roles.id, roles.name, roles.display_name, roles.level, roles.is_active, roles.created_at, roles.updated_at 
FROM roles 
WHERE roles.id IN ($1::INTEGER, $2::INTEGER, $3::INTEGER)
2026-09-18 11:41:21,103 INFO sqlalchemy.engine.Engine [cached since 6.104s ago] (2, 19, 7)
2026-09-18 11:41:21,106 INFO sqlalchemy.engine.Engine SELECT permissions.id, permissions.name, permissions.display_name, permissions.category, permissions.is_active, permissions.created_at, permissions.updated_at 
FROM permissions JOIN role_permissions ON permissions.id = role_permissions.permission_id 
WHERE role_permissions.role_id = $1::INTEGER
2026-09-18 11:41:21,106 INFO sqlalchemy.engine.Engine [cached since 6.092s ago] (2,)
2026-09-18 11:41:21,110 INFO sqlalchemy.engine.Engine SELECT isb_employees.id, isb_employees.citizen_id, isb_employees.service_number, isb_employees.rank_name, isb_employees.rank_short, isb_employees.branch, isb_employees.level, isb_employees.access_level, isb_employees.position, isb_employees.enlisted_at, isb_employees.promoted_at, isb_employees.discharged_at, isb_employees.is_active, isb_employees.can_arrest, isb_employees.can_conduct_searches, isb_employees.can_issue_warrants, isb_employees.can_command, isb_employees.notes, isb_employees.created_at, isb_employees.updated_at 
FROM isb_employees 
WHERE isb_employees.citizen_id = $1::INTEGER
2026-09-18 11:41:21,110 INFO sqlalchemy.engine.Engine [cached since 6.124s ago] (2,)
2026-09-18 11:41:21,117 INFO sqlalchemy.engine.Engine SELECT permissions.id, permissions.name, permissions.display_name, permissions.category, permissions.is_active, permissions.created_at, permissions.updated_at 
FROM permissions JOIN role_permissions ON permissions.id = role_permissions.permission_id 
WHERE role_permissions.role_id = $1::INTEGER
2026-09-18 11:41:21,117 INFO sqlalchemy.engine.Engine [cached since 6.103s ago] (7,)
2026-09-18 11:41:21,121 INFO sqlalchemy.engine.Engine SELECT permissions.id, permissions.name, permissions.display_name, permissions.category, permissions.is_active, permissions.created_at, permissions.updated_at 
FROM permissions JOIN role_permissions ON permissions.id = role_permissions.permission_id 
WHERE role_permissions.role_id = $1::INTEGER
2026-09-18 11:41:21,122 INFO sqlalchemy.engine.Engine [cached since 6.107s ago] (2,)
2026-09-18 11:41:21,125 INFO sqlalchemy.engine.Engine SELECT permissions.id, permissions.name, permissions.display_name, permissions.category, permissions.is_active, permissions.created_at, permissions.updated_at 
FROM permissions JOIN role_permissions ON permissions.id = role_permissions.permission_id 
WHERE role_permissions.role_id = $1::INTEGER
2026-09-18 11:41:21,127 INFO sqlalchemy.engine.Engine [cached since 6.112s ago] (7,)
INFO:     127.0.0.1:57316 - "GET /api/isb/me/access HTTP/1.1" 200 OK
2026-09-18 11:41:21,131 INFO sqlalchemy.engine.Engine ROLLBACK
2026-09-18 11:41:21,134 INFO sqlalchemy.engine.Engine SELECT permissions.id, permissions.name, permissions.display_name, permissions.category, permissions.is_active, permissions.created_at, permissions.updated_at 
FROM permissions JOIN role_permissions ON permissions.id = role_permissions.permission_id 
WHERE role_permissions.role_id = $1::INTEGER
2026-09-18 11:41:21,135 INFO sqlalchemy.engine.Engine [cached since 6.12s ago] (19,)
2026-09-18 11:41:21,137 INFO sqlalchemy.engine.Engine SELECT permissions.id, permissions.name, permissions.display_name, permissions.category, permissions.is_active, permissions.created_at, permissions.updated_at 
FROM permissions JOIN role_permissions ON permissions.id = role_permissions.permission_id 
WHERE role_permissions.role_id = $1::INTEGER
2026-09-18 11:41:21,137 INFO sqlalchemy.engine.Engine [cached since 6.122s ago] (19,)
2026-09-18 11:41:21,141 INFO sqlalchemy.engine.Engine SELECT permissions.id, permissions.name, permissions.display_name, permissions.category, permissions.is_active, permissions.created_at, permissions.updated_at 
FROM permissions JOIN role_permissions ON permissions.id = role_permissions.permission_id 
WHERE role_permissions.role_id = $1::INTEGER
2026-09-18 11:41:21,141 INFO sqlalchemy.engine.Engine [cached since 6.126s ago] (7,)
2026-09-18 11:41:21,143 INFO sqlalchemy.engine.Engine BEGIN (implicit)
2026-09-18 11:41:21,144 INFO sqlalchemy.engine.Engine SELECT count(citizens.id) AS count_1 
FROM citizens
2026-09-18 11:41:21,144 INFO sqlalchemy.engine.Engine [cached since 9.386s ago] ()
2026-09-18 11:41:21,148 INFO sqlalchemy.engine.Engine SELECT permissions.id, permissions.name, permissions.display_name, permissions.category, permissions.is_active, permissions.created_at, permissions.updated_at 
FROM permissions JOIN role_permissions ON permissions.id = role_permissions.permission_id 
WHERE role_permissions.role_id = $1::INTEGER
2026-09-18 11:41:21,148 INFO sqlalchemy.engine.Engine [cached since 6.134s ago] (19,)
2026-09-18 11:41:21,150 INFO sqlalchemy.engine.Engine SELECT isb_sectors.id, isb_sectors.number, isb_sectors.name, isb_sectors.description, isb_sectors.center_x, isb_sectors.center_z, isb_sectors.threat_level, isb_sectors.is_active, isb_sectors.created_at 
FROM isb_sectors ORDER BY isb_sectors.number
2026-09-18 11:41:21,150 INFO sqlalchemy.engine.Engine [cached since 5.523s ago] ()
2026-09-18 11:41:21,153 INFO sqlalchemy.engine.Engine SELECT isb_employees.id, isb_employees.citizen_id, isb_employees.service_number, isb_employees.rank_name, isb_employees.rank_short, isb_employees.branch, isb_employees.level, isb_employees.access_level, isb_employees.position, isb_employees.enlisted_at, isb_employees.promoted_at, isb_employees.discharged_at, isb_employees.is_active, isb_employees.can_arrest, isb_employees.can_conduct_searches, isb_employees.can_issue_warrants, isb_employees.can_command, isb_employees.notes, isb_employees.created_at, isb_employees.updated_at 
FROM isb_employees ORDER BY isb_employees.level DESC
2026-09-18 11:41:21,153 INFO sqlalchemy.engine.Engine [cached since 5.731s ago] ()
2026-09-18 11:41:21,157 INFO sqlalchemy.engine.Engine SELECT isb_sector_assignments.id, isb_sector_assignments.sector_id, isb_sector_assignments.employee_id, isb_sector_assignments.assigned_at, isb_sector_assignments.is_leader, isb_sector_assignments.notes 
FROM isb_sector_assignments 
WHERE isb_sector_assignments.sector_id = $1::INTEGER
2026-09-18 11:41:21,157 INFO sqlalchemy.engine.Engine [cached since 5.514s ago] (1,)
2026-09-18 11:41:21,160 INFO sqlalchemy.engine.Engine SELECT isb_logs.id, isb_logs.created_at, isb_logs.severity, isb_logs.category, isb_logs.message, isb_logs.actor_id, isb_logs.sector_id, isb_logs.meta 
FROM isb_logs ORDER BY isb_logs.created_at DESC 
 LIMIT $1::INTEGER
2026-09-18 11:41:21,161 INFO sqlalchemy.engine.Engine [cached since 5.541s ago] (30,)
2026-09-18 11:41:21,164 INFO sqlalchemy.engine.Engine SELECT isb_employees.id, isb_employees.citizen_id, isb_employees.service_number, isb_employees.rank_name, isb_employees.rank_short, isb_employees.branch, isb_employees.level, isb_employees.access_level, isb_employees.position, isb_employees.enlisted_at, isb_employees.promoted_at, isb_employees.discharged_at, isb_employees.is_active, isb_employees.can_arrest, isb_employees.can_conduct_searches, isb_employees.can_issue_warrants, isb_employees.can_command, isb_employees.notes, isb_employees.created_at, isb_employees.updated_at 
FROM isb_employees 
WHERE isb_employees.id = $1::INTEGER
2026-09-18 11:41:21,165 INFO sqlalchemy.engine.Engine [cached since 5.508s ago] (2,)
2026-09-18 11:41:21,167 INFO sqlalchemy.engine.Engine SELECT roles.id, roles.name, roles.display_name, roles.level, roles.is_active, roles.created_at, roles.updated_at 
FROM roles ORDER BY roles.level DESC
2026-09-18 11:41:21,167 INFO sqlalchemy.engine.Engine [cached since 5.681s ago] ()
2026-09-18 11:41:21,170 INFO sqlalchemy.engine.Engine SELECT citizens.id, citizens.discord_id, citizens.username, citizens.minecraft_uuid, citizens.role_ids, citizens.main_role_id, citizens.reputation, citizens.citizenship_date, citizens.last_login, citizens.created_at, citizens.updated_at, citizens.is_active, citizens.is_verified 
FROM citizens 
WHERE citizens.id IN ($1::INTEGER, $2::INTEGER)
2026-09-18 11:41:21,171 INFO sqlalchemy.engine.Engine [cached since 5.716s ago] (2, 4)
2026-09-18 11:41:21,173 INFO sqlalchemy.engine.Engine SELECT citizens.id, citizens.discord_id, citizens.username, citizens.minecraft_uuid, citizens.role_ids, citizens.main_role_id, citizens.reputation, citizens.citizenship_date, citizens.last_login, citizens.created_at, citizens.updated_at, citizens.is_active, citizens.is_verified 
FROM citizens 
WHERE citizens.id = $1::INTEGER
2026-09-18 11:41:21,173 INFO sqlalchemy.engine.Engine [cached since 5.537s ago] (4,)
2026-09-18 11:41:21,177 INFO sqlalchemy.engine.Engine SELECT isb_employees.id, isb_employees.citizen_id, isb_employees.service_number, isb_employees.rank_name, isb_employees.rank_short, isb_employees.branch, isb_employees.level, isb_employees.access_level, isb_employees.position, isb_employees.enlisted_at, isb_employees.promoted_at, isb_employees.discharged_at, isb_employees.is_active, isb_employees.can_arrest, isb_employees.can_conduct_searches, isb_employees.can_issue_warrants, isb_employees.can_command, isb_employees.notes, isb_employees.created_at, isb_employees.updated_at 
FROM isb_employees 
WHERE isb_employees.id = $1::INTEGER
2026-09-18 11:41:21,177 INFO sqlalchemy.engine.Engine [cached since 5.521s ago] (1,)
2026-09-18 11:41:21,180 INFO sqlalchemy.engine.Engine SELECT roles_1.id AS roles_1_id, permissions.id AS permissions_id, permissions.name AS permissions_name, permissions.display_name AS permissions_display_name, permissions.category AS permissions_category, permissions.is_active AS permissions_is_active, permissions.created_at AS permissions_created_at, permissions.updated_at AS permissions_updated_at 
FROM roles AS roles_1 JOIN role_permissions AS role_permissions_1 ON roles_1.id = role_permissions_1.role_id JOIN permissions ON permissions.id = role_permissions_1.permission_id 
WHERE roles_1.id IN ($1::INTEGER, $2::INTEGER, $3::INTEGER, $4::INTEGER, $5::INTEGER, $6::INTEGER, $7::INTEGER)
2026-09-18 11:41:21,181 INFO sqlalchemy.engine.Engine [cached since 5.658s ago] (2, 15, 16, 17, 18, 19, 7)
2026-09-18 11:41:21,182 INFO sqlalchemy.engine.Engine SELECT citizens.id, citizens.discord_id, citizens.username, citizens.minecraft_uuid, citizens.role_ids, citizens.main_role_id, citizens.reputation, citizens.citizenship_date, citizens.last_login, citizens.created_at, citizens.updated_at, citizens.is_active, citizens.is_verified 
FROM citizens 
WHERE citizens.id = $1::INTEGER
2026-09-18 11:41:21,182 INFO sqlalchemy.engine.Engine [cached since 5.547s ago] (2,)
INFO:     127.0.0.1:57300 - "GET /api/admin/isb/employees HTTP/1.1" 200 OK
2026-09-18 11:41:21,185 INFO sqlalchemy.engine.Engine ROLLBACK
2026-09-18 11:41:21,188 INFO sqlalchemy.engine.Engine SELECT citizens.id, citizens.discord_id, citizens.username, citizens.minecraft_uuid, citizens.role_ids, citizens.main_role_id, citizens.reputation, citizens.citizenship_date, citizens.last_login, citizens.created_at, citizens.updated_at, citizens.is_active, citizens.is_verified 
FROM citizens 
WHERE citizens.id = $1::INTEGER
2026-09-18 11:41:21,188 INFO sqlalchemy.engine.Engine [cached since 5.552s ago] (2,)
2026-09-18 11:41:21,191 INFO sqlalchemy.engine.Engine SELECT isb_sectors.id, isb_sectors.number, isb_sectors.name, isb_sectors.description, isb_sectors.center_x, isb_sectors.center_z, isb_sectors.threat_level, isb_sectors.is_active, isb_sectors.created_at 
FROM isb_sectors 
WHERE isb_sectors.id = $1::INTEGER
2026-09-18 11:41:21,191 INFO sqlalchemy.engine.Engine [cached since 5.542s ago] (1,)
2026-09-18 11:41:21,193 INFO sqlalchemy.engine.Engine SELECT isb_sector_assignments.id, isb_sector_assignments.sector_id, isb_sector_assignments.employee_id, isb_sector_assignments.assigned_at, isb_sector_assignments.is_leader, isb_sector_assignments.notes 
FROM isb_sector_assignments 
WHERE isb_sector_assignments.sector_id = $1::INTEGER
2026-09-18 11:41:21,193 INFO sqlalchemy.engine.Engine [cached since 5.55s ago] (2,)
2026-09-18 11:41:21,199 INFO sqlalchemy.engine.Engine SELECT citizens.id, citizens.discord_id, citizens.username, citizens.minecraft_uuid, citizens.role_ids, citizens.main_role_id, citizens.reputation, citizens.citizenship_date, citizens.last_login, citizens.created_at, citizens.updated_at, citizens.is_active, citizens.is_verified 
FROM citizens ORDER BY citizens.citizenship_date DESC 
 LIMIT $1::INTEGER OFFSET $2::INTEGER
2026-09-18 11:41:21,199 INFO sqlalchemy.engine.Engine [cached since 5.642s ago] (10000, 0)
2026-09-18 11:41:21,201 INFO sqlalchemy.engine.Engine BEGIN (implicit)
2026-09-18 11:41:21,202 INFO sqlalchemy.engine.Engine SELECT isb_awards.id, isb_awards.name, isb_awards.display_name, isb_awards.description, isb_awards.icon, isb_awards.rarity, isb_awards.category, isb_awards.is_active, isb_awards.created_at 
FROM isb_awards 
WHERE isb_awards.is_active = true ORDER BY isb_awards.rarity, isb_awards.display_name
2026-09-18 11:41:21,202 INFO sqlalchemy.engine.Engine [cached since 5.699s ago] ()
2026-09-18 11:41:21,205 INFO sqlalchemy.engine.Engine SELECT isb_sector_assignments.id, isb_sector_assignments.sector_id, isb_sector_assignments.employee_id, isb_sector_assignments.assigned_at, isb_sector_assignments.is_leader, isb_sector_assignments.notes 
FROM isb_sector_assignments 
WHERE isb_sector_assignments.sector_id = $1::INTEGER
2026-09-18 11:41:21,205 INFO sqlalchemy.engine.Engine [cached since 5.562s ago] (3,)
2026-09-18 11:41:21,207 INFO sqlalchemy.engine.Engine SELECT isb_sector_assignments.id, isb_sector_assignments.sector_id, isb_sector_assignments.employee_id, isb_sector_assignments.assigned_at, isb_sector_assignments.is_leader, isb_sector_assignments.notes 
FROM isb_sector_assignments 
WHERE isb_sector_assignments.sector_id = $1::INTEGER
2026-09-18 11:41:21,208 INFO sqlalchemy.engine.Engine [cached since 5.564s ago] (4,)
INFO:     127.0.0.1:57308 - "GET /api/stats HTTP/1.1" 200 OK
2026-09-18 11:41:21,210 INFO sqlalchemy.engine.Engine ROLLBACK
2026-09-18 11:41:21,212 INFO sqlalchemy.engine.Engine SELECT citizens.id, citizens.discord_id, citizens.username, citizens.minecraft_uuid, citizens.role_ids, citizens.main_role_id, citizens.reputation, citizens.citizenship_date, citizens.last_login, citizens.created_at, citizens.updated_at, citizens.is_active, citizens.is_verified 
FROM citizens 
WHERE citizens.id = $1::INTEGER
2026-09-18 11:41:21,213 INFO sqlalchemy.engine.Engine [cached since 5.577s ago] (2,)
2026-09-18 11:41:21,215 INFO sqlalchemy.engine.Engine SELECT isb_sector_assignments.id, isb_sector_assignments.sector_id, isb_sector_assignments.employee_id, isb_sector_assignments.assigned_at, isb_sector_assignments.is_leader, isb_sector_assignments.notes 
FROM isb_sector_assignments 
WHERE isb_sector_assignments.sector_id = $1::INTEGER
2026-09-18 11:41:21,215 INFO sqlalchemy.engine.Engine [cached since 5.572s ago] (5,)
2026-09-18 11:41:21,218 INFO sqlalchemy.engine.Engine SELECT isb_sectors.id, isb_sectors.number, isb_sectors.name, isb_sectors.description, isb_sectors.center_x, isb_sectors.center_z, isb_sectors.threat_level, isb_sectors.is_active, isb_sectors.created_at 
FROM isb_sectors 
WHERE isb_sectors.id = $1::INTEGER
2026-09-18 11:41:21,218 INFO sqlalchemy.engine.Engine [cached since 5.569s ago] (1,)
2026-09-18 11:41:21,220 INFO sqlalchemy.engine.Engine SELECT isb_sector_assignments.id, isb_sector_assignments.sector_id, isb_sector_assignments.employee_id, isb_sector_assignments.assigned_at, isb_sector_assignments.is_leader, isb_sector_assignments.notes 
FROM isb_sector_assignments 
WHERE isb_sector_assignments.sector_id = $1::INTEGER
2026-09-18 11:41:21,221 INFO sqlalchemy.engine.Engine [cached since 5.577s ago] (6,)
2026-09-18 11:41:21,222 INFO sqlalchemy.engine.Engine SELECT count(isb_award_grants.id) AS count_1 
FROM isb_award_grants 
WHERE isb_award_grants.award_id = $1::INTEGER
2026-09-18 11:41:21,223 INFO sqlalchemy.engine.Engine [cached since 5.683s ago] (3,)
2026-09-18 11:41:21,225 INFO sqlalchemy.engine.Engine BEGIN (implicit)
2026-09-18 11:41:21,226 INFO sqlalchemy.engine.Engine SELECT citizens.id, citizens.discord_id, citizens.username, citizens.minecraft_uuid, citizens.role_ids, citizens.main_role_id, citizens.reputation, citizens.citizenship_date, citizens.last_login, citizens.created_at, citizens.updated_at, citizens.is_active, citizens.is_verified 
FROM citizens 
WHERE citizens.discord_id = $1::BIGINT
2026-09-18 11:41:21,226 INFO sqlalchemy.engine.Engine [cached since 6.305s ago] (436507782263603200,)
2026-09-18 11:41:21,228 INFO sqlalchemy.engine.Engine SELECT citizens.id, citizens.discord_id, citizens.username, citizens.minecraft_uuid, citizens.role_ids, citizens.main_role_id, citizens.reputation, citizens.citizenship_date, citizens.last_login, citizens.created_at, citizens.updated_at, citizens.is_active, citizens.is_verified 
FROM citizens 
WHERE citizens.id = $1::INTEGER
2026-09-18 11:41:21,228 INFO sqlalchemy.engine.Engine [cached since 5.592s ago] (2,)
2026-09-18 11:41:21,230 INFO sqlalchemy.engine.Engine SELECT isb_sector_assignments.id, isb_sector_assignments.sector_id, isb_sector_assignments.employee_id, isb_sector_assignments.assigned_at, isb_sector_assignments.is_leader, isb_sector_assignments.notes 
FROM isb_sector_assignments 
WHERE isb_sector_assignments.sector_id = $1::INTEGER
2026-09-18 11:41:21,231 INFO sqlalchemy.engine.Engine [cached since 5.587s ago] (7,)
2026-09-18 11:41:21,233 INFO sqlalchemy.engine.Engine SELECT isb_sectors.id, isb_sectors.number, isb_sectors.name, isb_sectors.description, isb_sectors.center_x, isb_sectors.center_z, isb_sectors.threat_level, isb_sectors.is_active, isb_sectors.created_at 
FROM isb_sectors 
WHERE isb_sectors.id = $1::INTEGER
2026-09-18 11:41:21,233 INFO sqlalchemy.engine.Engine [cached since 5.584s ago] (10,)
2026-09-18 11:41:21,235 INFO sqlalchemy.engine.Engine SELECT isb_sector_assignments.id, isb_sector_assignments.sector_id, isb_sector_assignments.employee_id, isb_sector_assignments.assigned_at, isb_sector_assignments.is_leader, isb_sector_assignments.notes 
FROM isb_sector_assignments 
WHERE isb_sector_assignments.sector_id = $1::INTEGER
2026-09-18 11:41:21,235 INFO sqlalchemy.engine.Engine [cached since 5.592s ago] (8,)
2026-09-18 11:41:21,238 INFO sqlalchemy.engine.Engine SELECT roles.id, roles.name, roles.display_name, roles.level, roles.is_active, roles.created_at, roles.updated_at 
FROM roles 
WHERE roles.id IN ($1::INTEGER, $2::INTEGER, $3::INTEGER)
2026-09-18 11:41:21,238 INFO sqlalchemy.engine.Engine [cached since 6.239s ago] (2, 19, 7)
2026-09-18 11:41:21,240 INFO sqlalchemy.engine.Engine SELECT count(isb_award_grants.id) AS count_1 
FROM isb_award_grants 
WHERE isb_award_grants.award_id = $1::INTEGER
2026-09-18 11:41:21,240 INFO sqlalchemy.engine.Engine [cached since 5.701s ago] (1,)
INFO:     127.0.0.1:57304 - "GET /api/isb/logs?limit=30 HTTP/1.1" 200 OK
2026-09-18 11:41:21,242 INFO sqlalchemy.engine.Engine ROLLBACK
2026-09-18 11:41:21,245 INFO sqlalchemy.engine.Engine SELECT isb_sector_assignments.id, isb_sector_assignments.sector_id, isb_sector_assignments.employee_id, isb_sector_assignments.assigned_at, isb_sector_assignments.is_leader, isb_sector_assignments.notes 
FROM isb_sector_assignments 
WHERE isb_sector_assignments.sector_id = $1::INTEGER
2026-09-18 11:41:21,246 INFO sqlalchemy.engine.Engine [cached since 5.602s ago] (9,)
2026-09-18 11:41:21,248 INFO sqlalchemy.engine.Engine SELECT count(isb_award_grants.id) AS count_1 
FROM isb_award_grants 
WHERE isb_award_grants.award_id = $1::INTEGER
2026-09-18 11:41:21,248 INFO sqlalchemy.engine.Engine [cached since 5.709s ago] (2,)
2026-09-18 11:41:21,250 INFO sqlalchemy.engine.Engine SELECT permissions.id, permissions.name, permissions.display_name, permissions.category, permissions.is_active, permissions.created_at, permissions.updated_at 
FROM permissions JOIN role_permissions ON permissions.id = role_permissions.permission_id 
WHERE role_permissions.role_id = $1::INTEGER
2026-09-18 11:41:21,250 INFO sqlalchemy.engine.Engine [cached since 6.236s ago] (2,)
2026-09-18 11:41:21,254 INFO sqlalchemy.engine.Engine SELECT isb_sector_assignments.id, isb_sector_assignments.sector_id, isb_sector_assignments.employee_id, isb_sector_assignments.assigned_at, isb_sector_assignments.is_leader, isb_sector_assignments.notes 
FROM isb_sector_assignments 
WHERE isb_sector_assignments.sector_id = $1::INTEGER
2026-09-18 11:41:21,254 INFO sqlalchemy.engine.Engine [cached since 5.61s ago] (10,)
2026-09-18 11:41:21,256 INFO sqlalchemy.engine.Engine SELECT count(isb_award_grants.id) AS count_1 
FROM isb_award_grants 
WHERE isb_award_grants.award_id = $1::INTEGER
2026-09-18 11:41:21,257 INFO sqlalchemy.engine.Engine [cached since 5.717s ago] (11,)
2026-09-18 11:41:21,259 INFO sqlalchemy.engine.Engine SELECT permissions.id, permissions.name, permissions.display_name, permissions.category, permissions.is_active, permissions.created_at, permissions.updated_at 
FROM permissions JOIN role_permissions ON permissions.id = role_permissions.permission_id 
WHERE role_permissions.role_id = $1::INTEGER
2026-09-18 11:41:21,260 INFO sqlalchemy.engine.Engine [cached since 6.245s ago] (7,)
2026-09-18 11:41:21,263 INFO sqlalchemy.engine.Engine SELECT isb_employees.id, isb_employees.citizen_id, isb_employees.service_number, isb_employees.rank_name, isb_employees.rank_short, isb_employees.branch, isb_employees.level, isb_employees.access_level, isb_employees.position, isb_employees.enlisted_at, isb_employees.promoted_at, isb_employees.discharged_at, isb_employees.is_active, isb_employees.can_arrest, isb_employees.can_conduct_searches, isb_employees.can_issue_warrants, isb_employees.can_command, isb_employees.notes, isb_employees.created_at, isb_employees.updated_at 
FROM isb_employees 
WHERE isb_employees.id = $1::INTEGER
2026-09-18 11:41:21,264 INFO sqlalchemy.engine.Engine [cached since 5.607s ago] (2,)
2026-09-18 11:41:21,267 INFO sqlalchemy.engine.Engine SELECT permissions.id, permissions.name, permissions.display_name, permissions.category, permissions.is_active, permissions.created_at, permissions.updated_at 
FROM permissions JOIN role_permissions ON permissions.id = role_permissions.permission_id 
WHERE role_permissions.role_id = $1::INTEGER
2026-09-18 11:41:21,268 INFO sqlalchemy.engine.Engine [cached since 6.253s ago] (19,)
2026-09-18 11:41:21,271 INFO sqlalchemy.engine.Engine SELECT count(isb_award_grants.id) AS count_1 
FROM isb_award_grants 
WHERE isb_award_grants.award_id = $1::INTEGER
2026-09-18 11:41:21,271 INFO sqlalchemy.engine.Engine [cached since 5.732s ago] (10,)
2026-09-18 11:41:21,274 INFO sqlalchemy.engine.Engine SELECT citizens.id, citizens.discord_id, citizens.username, citizens.minecraft_uuid, citizens.role_ids, citizens.main_role_id, citizens.reputation, citizens.citizenship_date, citizens.last_login, citizens.created_at, citizens.updated_at, citizens.is_active, citizens.is_verified 
FROM citizens 
WHERE citizens.id = $1::INTEGER
2026-09-18 11:41:21,275 INFO sqlalchemy.engine.Engine [cached since 5.639s ago] (4,)
2026-09-18 11:41:21,278 INFO sqlalchemy.engine.Engine SELECT roles.id, roles.name, roles.display_name, roles.level, roles.is_active, roles.created_at, roles.updated_at 
FROM roles 
WHERE roles.id IN ($1::INTEGER, $2::INTEGER, $3::INTEGER)
2026-09-18 11:41:21,279 INFO sqlalchemy.engine.Engine [cached since 6.279s ago] (2, 19, 7)
2026-09-18 11:41:21,281 INFO sqlalchemy.engine.Engine SELECT count(isb_award_grants.id) AS count_1 
FROM isb_award_grants 
WHERE isb_award_grants.award_id = $1::INTEGER
2026-09-18 11:41:21,281 INFO sqlalchemy.engine.Engine [cached since 5.742s ago] (12,)
INFO:     127.0.0.1:57312 - "GET /api/isb/sectors HTTP/1.1" 200 OK
2026-09-18 11:41:21,285 INFO sqlalchemy.engine.Engine ROLLBACK
2026-09-18 11:41:21,289 INFO sqlalchemy.engine.Engine SELECT permissions.id, permissions.name, permissions.display_name, permissions.category, permissions.is_active, permissions.created_at, permissions.updated_at 
FROM permissions JOIN role_permissions ON permissions.id = role_permissions.permission_id 
WHERE role_permissions.role_id = $1::INTEGER
2026-09-18 11:41:21,289 INFO sqlalchemy.engine.Engine [cached since 6.275s ago] (2,)
2026-09-18 11:41:21,291 INFO sqlalchemy.engine.Engine SELECT count(isb_award_grants.id) AS count_1 
FROM isb_award_grants 
WHERE isb_award_grants.award_id = $1::INTEGER
2026-09-18 11:41:21,292 INFO sqlalchemy.engine.Engine [cached since 5.752s ago] (8,)
2026-09-18 11:41:21,295 INFO sqlalchemy.engine.Engine SELECT count(isb_award_grants.id) AS count_1 
FROM isb_award_grants 
WHERE isb_award_grants.award_id = $1::INTEGER
2026-09-18 11:41:21,296 INFO sqlalchemy.engine.Engine [cached since 5.756s ago] (9,)
2026-09-18 11:41:21,299 INFO sqlalchemy.engine.Engine SELECT permissions.id, permissions.name, permissions.display_name, permissions.category, permissions.is_active, permissions.created_at, permissions.updated_at 
FROM permissions JOIN role_permissions ON permissions.id = role_permissions.permission_id 
WHERE role_permissions.role_id = $1::INTEGER
2026-09-18 11:41:21,300 INFO sqlalchemy.engine.Engine [cached since 6.285s ago] (7,)
2026-09-18 11:41:21,302 INFO sqlalchemy.engine.Engine SELECT count(isb_award_grants.id) AS count_1 
FROM isb_award_grants 
WHERE isb_award_grants.award_id = $1::INTEGER
2026-09-18 11:41:21,303 INFO sqlalchemy.engine.Engine [cached since 5.763s ago] (7,)
2026-09-18 11:41:21,306 INFO sqlalchemy.engine.Engine SELECT permissions.id, permissions.name, permissions.display_name, permissions.category, permissions.is_active, permissions.created_at, permissions.updated_at 
FROM permissions JOIN role_permissions ON permissions.id = role_permissions.permission_id 
WHERE role_permissions.role_id = $1::INTEGER
2026-09-18 11:41:21,306 INFO sqlalchemy.engine.Engine [cached since 6.291s ago] (19,)
2026-09-18 11:41:21,308 INFO sqlalchemy.engine.Engine SELECT count(isb_award_grants.id) AS count_1 
FROM isb_award_grants 
WHERE isb_award_grants.award_id = $1::INTEGER
2026-09-18 11:41:21,309 INFO sqlalchemy.engine.Engine [cached since 5.769s ago] (5,)
2026-09-18 11:41:21,313 INFO sqlalchemy.engine.Engine SELECT algorithms.id, algorithms.number, algorithms.title, algorithms.description, algorithms.task_type, algorithms.scope, algorithms.status, algorithms.deadline, algorithms.reward_reputation, algorithms.created_by, algorithms.max_participants, algorithms.created_at, algorithms.updated_at 
FROM algorithms ORDER BY algorithms.created_at DESC 
 LIMIT $1::INTEGER OFFSET $2::INTEGER
2026-09-18 11:41:21,313 INFO sqlalchemy.engine.Engine [cached since 5.577s ago] (200, 0)
2026-09-18 11:41:21,316 INFO sqlalchemy.engine.Engine SELECT count(isb_award_grants.id) AS count_1 
FROM isb_award_grants 
WHERE isb_award_grants.award_id = $1::INTEGER
2026-09-18 11:41:21,316 INFO sqlalchemy.engine.Engine [cached since 5.777s ago] (4,)
2026-09-18 11:41:21,320 INFO sqlalchemy.engine.Engine SELECT count(isb_award_grants.id) AS count_1 
FROM isb_award_grants 
WHERE isb_award_grants.award_id = $1::INTEGER
2026-09-18 11:41:21,320 INFO sqlalchemy.engine.Engine [cached since 5.781s ago] (6,)
INFO:     127.0.0.1:57300 - "GET /api/admin/isb/awards/public HTTP/1.1" 200 OK
2026-09-18 11:41:21,326 INFO sqlalchemy.engine.Engine ROLLBACK
INFO:     127.0.0.1:57308 - "GET /api/algorithms HTTP/1.1" 200 OK
2026-09-18 11:41:21,330 INFO sqlalchemy.engine.Engine ROLLBACK
2026-09-18 11:41:21,376 INFO sqlalchemy.engine.Engine BEGIN (implicit)
2026-09-18 11:41:21,377 INFO sqlalchemy.engine.Engine SELECT citizens.id, citizens.discord_id, citizens.username, citizens.minecraft_uuid, citizens.role_ids, citizens.main_role_id, citizens.reputation, citizens.citizenship_date, citizens.last_login, citizens.created_at, citizens.updated_at, citizens.is_active, citizens.is_verified 
FROM citizens 
WHERE citizens.username ILIKE $1::VARCHAR OR citizens.minecraft_uuid ILIKE $2::VARCHAR 
 LIMIT $3::INTEGER
2026-09-18 11:41:21,378 INFO sqlalchemy.engine.Engine [cached since 5.613s ago] ('%test%', '%test%', 10)
2026-09-18 11:41:21,387 INFO sqlalchemy.engine.Engine SELECT roles.id, roles.name, roles.display_name, roles.level, roles.is_active, roles.created_at, roles.updated_at 
FROM roles 
WHERE roles.name ILIKE $1::VARCHAR OR roles.display_name ILIKE $2::VARCHAR 
 LIMIT $3::INTEGER
2026-09-18 11:41:21,388 INFO sqlalchemy.engine.Engine [cached since 5.615s ago] ('%test%', '%test%', 5)
2026-09-18 11:41:21,399 INFO sqlalchemy.engine.Engine SELECT isb_awards.id, isb_awards.name, isb_awards.display_name, isb_awards.description, isb_awards.icon, isb_awards.rarity, isb_awards.category, isb_awards.is_active, isb_awards.created_at 
FROM isb_awards 
WHERE isb_awards.name ILIKE $1::VARCHAR OR isb_awards.display_name ILIKE $2::VARCHAR OR isb_awards.description ILIKE $3::VARCHAR 
 LIMIT $4::INTEGER
2026-09-18 11:41:21,399 INFO sqlalchemy.engine.Engine [cached since 5.588s ago] ('%test%', '%test%', '%test%', 5)
2026-09-18 11:41:21,409 INFO sqlalchemy.engine.Engine SELECT isb_employees.id, isb_employees.citizen_id, isb_employees.service_number, isb_employees.rank_name, isb_employees.rank_short, isb_employees.branch, isb_employees.level, isb_employees.access_level, isb_employees.position, isb_employees.enlisted_at, isb_employees.promoted_at, isb_employees.discharged_at, isb_employees.is_active, isb_employees.can_arrest, isb_employees.can_conduct_searches, isb_employees.can_issue_warrants, isb_employees.can_command, isb_employees.notes, isb_employees.created_at, isb_employees.updated_at 
FROM isb_employees 
WHERE isb_employees.service_number ILIKE $1::VARCHAR OR isb_employees.rank_name ILIKE $2::VARCHAR OR isb_employees.position ILIKE $3::VARCHAR 
 LIMIT $4::INTEGER
2026-09-18 11:41:21,409 INFO sqlalchemy.engine.Engine [cached since 5.591s ago] ('%test%', '%test%', '%test%', 10)
INFO:     127.0.0.1:57308 - "GET /api/search?q=test HTTP/1.1" 200 OK
2026-09-18 11:41:21,416 INFO sqlalchemy.engine.Engine ROLLBACK
2026-09-18 11:41:21,428 INFO sqlalchemy.engine.Engine BEGIN (implicit)
2026-09-18 11:41:21,428 INFO sqlalchemy.engine.Engine SELECT citizens.id, citizens.discord_id, citizens.username, citizens.minecraft_uuid, citizens.role_ids, citizens.main_role_id, citizens.reputation, citizens.citizenship_date, citizens.last_login, citizens.created_at, citizens.updated_at, citizens.is_active, citizens.is_verified 
FROM citizens 
WHERE citizens.discord_id = $1::BIGINT
2026-09-18 11:41:21,429 INFO sqlalchemy.engine.Engine [cached since 6.507s ago] (436507782263603200,)
2026-09-18 11:41:21,433 INFO sqlalchemy.engine.Engine SELECT roles.id, roles.name, roles.display_name, roles.level, roles.is_active, roles.created_at, roles.updated_at 
FROM roles 
WHERE roles.id IN ($1::INTEGER, $2::INTEGER, $3::INTEGER)
2026-09-18 11:41:21,434 INFO sqlalchemy.engine.Engine [cached since 6.434s ago] (2, 19, 7)
2026-09-18 11:41:21,438 INFO sqlalchemy.engine.Engine SELECT permissions.id, permissions.name, permissions.display_name, permissions.category, permissions.is_active, permissions.created_at, permissions.updated_at 
FROM permissions JOIN role_permissions ON permissions.id = role_permissions.permission_id 
WHERE role_permissions.role_id = $1::INTEGER
2026-09-18 11:41:21,439 INFO sqlalchemy.engine.Engine [cached since 6.424s ago] (2,)
2026-09-18 11:41:21,443 INFO sqlalchemy.engine.Engine SELECT permissions.id, permissions.name, permissions.display_name, permissions.category, permissions.is_active, permissions.created_at, permissions.updated_at 
FROM permissions JOIN role_permissions ON permissions.id = role_permissions.permission_id 
WHERE role_permissions.role_id = $1::INTEGER
2026-09-18 11:41:21,444 INFO sqlalchemy.engine.Engine [cached since 6.429s ago] (7,)
2026-09-18 11:41:21,448 INFO sqlalchemy.engine.Engine SELECT permissions.id, permissions.name, permissions.display_name, permissions.category, permissions.is_active, permissions.created_at, permissions.updated_at 
FROM permissions JOIN role_permissions ON permissions.id = role_permissions.permission_id 
WHERE role_permissions.role_id = $1::INTEGER
2026-09-18 11:41:21,448 INFO sqlalchemy.engine.Engine [cached since 6.434s ago] (19,)
2026-09-18 11:41:21,454 INFO sqlalchemy.engine.Engine SELECT roles.id, roles.name, roles.display_name, roles.level, roles.is_active, roles.created_at, roles.updated_at 
FROM roles 
WHERE roles.id IN ($1::INTEGER, $2::INTEGER, $3::INTEGER)
2026-09-18 11:41:21,454 INFO sqlalchemy.engine.Engine [cached since 6.455s ago] (2, 19, 7)
2026-09-18 11:41:21,458 INFO sqlalchemy.engine.Engine SELECT permissions.id, permissions.name, permissions.display_name, permissions.category, permissions.is_active, permissions.created_at, permissions.updated_at 
FROM permissions JOIN role_permissions ON permissions.id = role_permissions.permission_id 
WHERE role_permissions.role_id = $1::INTEGER
2026-09-18 11:41:21,458 INFO sqlalchemy.engine.Engine [cached since 6.444s ago] (2,)
2026-09-18 11:41:21,463 INFO sqlalchemy.engine.Engine SELECT permissions.id, permissions.name, permissions.display_name, permissions.category, permissions.is_active, permissions.created_at, permissions.updated_at 
FROM permissions JOIN role_permissions ON permissions.id = role_permissions.permission_id 
WHERE role_permissions.role_id = $1::INTEGER
2026-09-18 11:41:21,463 INFO sqlalchemy.engine.Engine [cached since 6.448s ago] (7,)
2026-09-18 11:41:21,467 INFO sqlalchemy.engine.Engine SELECT permissions.id, permissions.name, permissions.display_name, permissions.category, permissions.is_active, permissions.created_at, permissions.updated_at 
FROM permissions JOIN role_permissions ON permissions.id = role_permissions.permission_id 
WHERE role_permissions.role_id = $1::INTEGER
2026-09-18 11:41:21,467 INFO sqlalchemy.engine.Engine [cached since 6.453s ago] (19,)
2026-09-18 11:41:21,473 INFO sqlalchemy.engine.Engine SELECT algorithms.id, algorithms.number, algorithms.title, algorithms.description, algorithms.task_type, algorithms.scope, algorithms.status, algorithms.deadline, algorithms.reward_reputation, algorithms.created_by, algorithms.max_participants, algorithms.created_at, algorithms.updated_at 
FROM algorithms ORDER BY algorithms.created_at DESC 
 LIMIT $1::INTEGER OFFSET $2::INTEGER
2026-09-18 11:41:21,473 INFO sqlalchemy.engine.Engine [cached since 5.737s ago] (200, 0)
INFO:     127.0.0.1:57308 - "GET /api/algorithms HTTP/1.1" 200 OK
2026-09-18 11:41:21,477 INFO sqlalchemy.engine.Engine ROLLBACK
2026-09-18 11:41:22,574 INFO sqlalchemy.engine.Engine BEGIN (implicit)
2026-09-18 11:41:22,575 INFO sqlalchemy.engine.Engine SELECT citizens.id, citizens.discord_id, citizens.username, citizens.minecraft_uuid, citizens.role_ids, citizens.main_role_id, citizens.reputation, citizens.citizenship_date, citizens.last_login, citizens.created_at, citizens.updated_at, citizens.is_active, citizens.is_verified 
FROM citizens 
WHERE citizens.discord_id = $1::BIGINT
2026-09-18 11:41:22,575 INFO sqlalchemy.engine.Engine [cached since 7.654s ago] (436507782263603200,)
2026-09-18 11:41:22,580 INFO sqlalchemy.engine.Engine BEGIN (implicit)
2026-09-18 11:41:22,581 INFO sqlalchemy.engine.Engine SELECT citizens.id, citizens.discord_id, citizens.username, citizens.minecraft_uuid, citizens.role_ids, citizens.main_role_id, citizens.reputation, citizens.citizenship_date, citizens.last_login, citizens.created_at, citizens.updated_at, citizens.is_active, citizens.is_verified 
FROM citizens 
WHERE citizens.discord_id = $1::BIGINT
2026-09-18 11:41:22,581 INFO sqlalchemy.engine.Engine [cached since 7.659s ago] (436507782263603200,)
2026-09-18 11:41:22,585 INFO sqlalchemy.engine.Engine SELECT roles.id, roles.name, roles.display_name, roles.level, roles.is_active, roles.created_at, roles.updated_at 
FROM roles 
WHERE roles.id IN ($1::INTEGER, $2::INTEGER, $3::INTEGER)
2026-09-18 11:41:22,586 INFO sqlalchemy.engine.Engine [cached since 7.586s ago] (2, 19, 7)
2026-09-18 11:41:22,588 INFO sqlalchemy.engine.Engine SELECT roles.id, roles.name, roles.display_name, roles.level, roles.is_active, roles.created_at, roles.updated_at 
FROM roles 
WHERE roles.id IN ($1::INTEGER, $2::INTEGER, $3::INTEGER)
2026-09-18 11:41:22,589 INFO sqlalchemy.engine.Engine [cached since 7.589s ago] (2, 19, 7)
2026-09-18 11:41:22,593 INFO sqlalchemy.engine.Engine SELECT permissions.id, permissions.name, permissions.display_name, permissions.category, permissions.is_active, permissions.created_at, permissions.updated_at 
FROM permissions JOIN role_permissions ON permissions.id = role_permissions.permission_id 
WHERE role_permissions.role_id = $1::INTEGER
2026-09-18 11:41:22,593 INFO sqlalchemy.engine.Engine [cached since 7.579s ago] (2,)
2026-09-18 11:41:22,597 INFO sqlalchemy.engine.Engine SELECT permissions.id, permissions.name, permissions.display_name, permissions.category, permissions.is_active, permissions.created_at, permissions.updated_at 
FROM permissions JOIN role_permissions ON permissions.id = role_permissions.permission_id 
WHERE role_permissions.role_id = $1::INTEGER
2026-09-18 11:41:22,597 INFO sqlalchemy.engine.Engine [cached since 7.582s ago] (2,)
2026-09-18 11:41:22,600 INFO sqlalchemy.engine.Engine SELECT permissions.id, permissions.name, permissions.display_name, permissions.category, permissions.is_active, permissions.created_at, permissions.updated_at 
FROM permissions JOIN role_permissions ON permissions.id = role_permissions.permission_id 
WHERE role_permissions.role_id = $1::INTEGER
2026-09-18 11:41:22,600 INFO sqlalchemy.engine.Engine [cached since 7.586s ago] (7,)
2026-09-18 11:41:22,603 INFO sqlalchemy.engine.Engine SELECT permissions.id, permissions.name, permissions.display_name, permissions.category, permissions.is_active, permissions.created_at, permissions.updated_at 
FROM permissions JOIN role_permissions ON permissions.id = role_permissions.permission_id 
WHERE role_permissions.role_id = $1::INTEGER
2026-09-18 11:41:22,603 INFO sqlalchemy.engine.Engine [cached since 7.589s ago] (7,)
2026-09-18 11:41:22,606 INFO sqlalchemy.engine.Engine SELECT permissions.id, permissions.name, permissions.display_name, permissions.category, permissions.is_active, permissions.created_at, permissions.updated_at 
FROM permissions JOIN role_permissions ON permissions.id = role_permissions.permission_id 
WHERE role_permissions.role_id = $1::INTEGER
2026-09-18 11:41:22,606 INFO sqlalchemy.engine.Engine [cached since 7.591s ago] (19,)
2026-09-18 11:41:22,607 INFO sqlalchemy.engine.Engine SELECT permissions.id, permissions.name, permissions.display_name, permissions.category, permissions.is_active, permissions.created_at, permissions.updated_at 
FROM permissions JOIN role_permissions ON permissions.id = role_permissions.permission_id 
WHERE role_permissions.role_id = $1::INTEGER
2026-09-18 11:41:22,607 INFO sqlalchemy.engine.Engine [cached since 7.593s ago] (19,)
2026-09-18 11:41:22,610 INFO sqlalchemy.engine.Engine SELECT isb_employees.id, isb_employees.citizen_id, isb_employees.service_number, isb_employees.rank_name, isb_employees.rank_short, isb_employees.branch, isb_employees.level, isb_employees.access_level, isb_employees.position, isb_employees.enlisted_at, isb_employees.promoted_at, isb_employees.discharged_at, isb_employees.is_active, isb_employees.can_arrest, isb_employees.can_conduct_searches, isb_employees.can_issue_warrants, isb_employees.can_command, isb_employees.notes, isb_employees.created_at, isb_employees.updated_at 
FROM isb_employees ORDER BY isb_employees.level DESC
2026-09-18 11:41:22,610 INFO sqlalchemy.engine.Engine [cached since 7.188s ago] ()
2026-09-18 11:41:22,611 INFO sqlalchemy.engine.Engine SELECT isb_sectors.id, isb_sectors.number, isb_sectors.name, isb_sectors.description, isb_sectors.center_x, isb_sectors.center_z, isb_sectors.threat_level, isb_sectors.is_active, isb_sectors.created_at 
FROM isb_sectors ORDER BY isb_sectors.number
2026-09-18 11:41:22,612 INFO sqlalchemy.engine.Engine [cached since 6.984s ago] ()
2026-09-18 11:41:22,614 INFO sqlalchemy.engine.Engine SELECT count(isb_sector_assignments.id) AS count_1 
FROM isb_sector_assignments 
WHERE isb_sector_assignments.sector_id = $1::INTEGER
2026-09-18 11:41:22,614 INFO sqlalchemy.engine.Engine [cached since 5.728s ago] (1,)
2026-09-18 11:41:22,617 INFO sqlalchemy.engine.Engine SELECT citizens.id, citizens.discord_id, citizens.username, citizens.minecraft_uuid, citizens.role_ids, citizens.main_role_id, citizens.reputation, citizens.citizenship_date, citizens.last_login, citizens.created_at, citizens.updated_at, citizens.is_active, citizens.is_verified 
FROM citizens 
WHERE citizens.id IN ($1::INTEGER, $2::INTEGER)
2026-09-18 11:41:22,617 INFO sqlalchemy.engine.Engine [cached since 7.163s ago] (2, 4)
2026-09-18 11:41:22,619 INFO sqlalchemy.engine.Engine SELECT count(isb_sector_assignments.id) AS count_1 
FROM isb_sector_assignments 
WHERE isb_sector_assignments.sector_id = $1::INTEGER
2026-09-18 11:41:22,619 INFO sqlalchemy.engine.Engine [cached since 5.732s ago] (2,)
2026-09-18 11:41:22,621 INFO sqlalchemy.engine.Engine SELECT count(isb_sector_assignments.id) AS count_1 
FROM isb_sector_assignments 
WHERE isb_sector_assignments.sector_id = $1::INTEGER
2026-09-18 11:41:22,621 INFO sqlalchemy.engine.Engine [cached since 5.735s ago] (3,)
INFO:     127.0.0.1:57300 - "GET /api/admin/isb/employees HTTP/1.1" 200 OK
2026-09-18 11:41:22,623 INFO sqlalchemy.engine.Engine ROLLBACK
2026-09-18 11:41:22,624 INFO sqlalchemy.engine.Engine SELECT count(isb_sector_assignments.id) AS count_1 
FROM isb_sector_assignments 
WHERE isb_sector_assignments.sector_id = $1::INTEGER
2026-09-18 11:41:22,624 INFO sqlalchemy.engine.Engine [cached since 5.738s ago] (4,)
2026-09-18 11:41:22,627 INFO sqlalchemy.engine.Engine SELECT count(isb_sector_assignments.id) AS count_1 
FROM isb_sector_assignments 
WHERE isb_sector_assignments.sector_id = $1::INTEGER
2026-09-18 11:41:22,627 INFO sqlalchemy.engine.Engine [cached since 5.74s ago] (5,)
2026-09-18 11:41:22,629 INFO sqlalchemy.engine.Engine SELECT count(isb_sector_assignments.id) AS count_1 
FROM isb_sector_assignments 
WHERE isb_sector_assignments.sector_id = $1::INTEGER
2026-09-18 11:41:22,629 INFO sqlalchemy.engine.Engine [cached since 5.743s ago] (6,)
2026-09-18 11:41:22,632 INFO sqlalchemy.engine.Engine SELECT count(isb_sector_assignments.id) AS count_1 
FROM isb_sector_assignments 
WHERE isb_sector_assignments.sector_id = $1::INTEGER
2026-09-18 11:41:22,632 INFO sqlalchemy.engine.Engine [cached since 5.745s ago] (7,)
2026-09-18 11:41:22,634 INFO sqlalchemy.engine.Engine SELECT count(isb_sector_assignments.id) AS count_1 
FROM isb_sector_assignments 
WHERE isb_sector_assignments.sector_id = $1::INTEGER
2026-09-18 11:41:22,634 INFO sqlalchemy.engine.Engine [cached since 5.747s ago] (8,)
2026-09-18 11:41:22,636 INFO sqlalchemy.engine.Engine SELECT count(isb_sector_assignments.id) AS count_1 
FROM isb_sector_assignments 
WHERE isb_sector_assignments.sector_id = $1::INTEGER
2026-09-18 11:41:22,636 INFO sqlalchemy.engine.Engine [cached since 5.749s ago] (9,)
2026-09-18 11:41:22,638 INFO sqlalchemy.engine.Engine SELECT count(isb_sector_assignments.id) AS count_1 
FROM isb_sector_assignments 
WHERE isb_sector_assignments.sector_id = $1::INTEGER
2026-09-18 11:41:22,638 INFO sqlalchemy.engine.Engine [cached since 5.751s ago] (10,)
INFO:     127.0.0.1:57308 - "GET /api/isb/graphs/sectors HTTP/1.1" 200 OK
2026-09-18 11:41:22,640 INFO sqlalchemy.engine.Engine ROLLBACK
2026-09-18 11:41:22,704 INFO sqlalchemy.engine.Engine BEGIN (implicit)
2026-09-18 11:41:22,704 INFO sqlalchemy.engine.Engine SELECT citizens.id, citizens.discord_id, citizens.username, citizens.minecraft_uuid, citizens.role_ids, citizens.main_role_id, citizens.reputation, citizens.citizenship_date, citizens.last_login, citizens.created_at, citizens.updated_at, citizens.is_active, citizens.is_verified 
FROM citizens 
WHERE citizens.discord_id = $1::BIGINT
2026-09-18 11:41:22,704 INFO sqlalchemy.engine.Engine [cached since 7.783s ago] (436507782263603200,)
2026-09-18 11:41:22,707 INFO sqlalchemy.engine.Engine SELECT roles.id, roles.name, roles.display_name, roles.level, roles.is_active, roles.created_at, roles.updated_at 
FROM roles 
WHERE roles.id IN ($1::INTEGER, $2::INTEGER, $3::INTEGER)
2026-09-18 11:41:22,708 INFO sqlalchemy.engine.Engine [cached since 7.708s ago] (2, 19, 7)
2026-09-18 11:41:22,710 INFO sqlalchemy.engine.Engine SELECT permissions.id, permissions.name, permissions.display_name, permissions.category, permissions.is_active, permissions.created_at, permissions.updated_at 
FROM permissions JOIN role_permissions ON permissions.id = role_permissions.permission_id 
WHERE role_permissions.role_id = $1::INTEGER
2026-09-18 11:41:22,710 INFO sqlalchemy.engine.Engine [cached since 7.696s ago] (2,)
2026-09-18 11:41:22,715 INFO sqlalchemy.engine.Engine SELECT permissions.id, permissions.name, permissions.display_name, permissions.category, permissions.is_active, permissions.created_at, permissions.updated_at 
FROM permissions JOIN role_permissions ON permissions.id = role_permissions.permission_id 
WHERE role_permissions.role_id = $1::INTEGER
2026-09-18 11:41:22,716 INFO sqlalchemy.engine.Engine [cached since 7.701s ago] (7,)
2026-09-18 11:41:22,720 INFO sqlalchemy.engine.Engine SELECT permissions.id, permissions.name, permissions.display_name, permissions.category, permissions.is_active, permissions.created_at, permissions.updated_at 
FROM permissions JOIN role_permissions ON permissions.id = role_permissions.permission_id 
WHERE role_permissions.role_id = $1::INTEGER
2026-09-18 11:41:22,720 INFO sqlalchemy.engine.Engine [cached since 7.705s ago] (19,)
2026-09-18 11:41:22,725 INFO sqlalchemy.engine.Engine SELECT date_trunc($1::VARCHAR, isb_logs.created_at) AS hour, count(isb_logs.id) AS count 
FROM isb_logs 
WHERE isb_logs.created_at >= $2::TIMESTAMP WITHOUT TIME ZONE GROUP BY hour ORDER BY hour
2026-09-18 11:41:22,725 INFO sqlalchemy.engine.Engine [cached since 5.69s ago] ('hour', datetime.datetime(2026, 9, 17, 8, 41, 22, 722717))
INFO:     127.0.0.1:57308 - "GET /api/isb/graphs/logs-24h HTTP/1.1" 200 OK
2026-09-18 11:41:22,732 INFO sqlalchemy.engine.Engine ROLLBACK
2026-09-18 11:41:22,771 INFO sqlalchemy.engine.Engine BEGIN (implicit)
2026-09-18 11:41:22,772 INFO sqlalchemy.engine.Engine SELECT citizens.id, citizens.discord_id, citizens.username, citizens.minecraft_uuid, citizens.role_ids, citizens.main_role_id, citizens.reputation, citizens.citizenship_date, citizens.last_login, citizens.created_at, citizens.updated_at, citizens.is_active, citizens.is_verified 
FROM citizens 
WHERE citizens.discord_id = $1::BIGINT
2026-09-18 11:41:22,772 INFO sqlalchemy.engine.Engine [cached since 7.85s ago] (436507782263603200,)
2026-09-18 11:41:22,776 INFO sqlalchemy.engine.Engine SELECT roles.id, roles.name, roles.display_name, roles.level, roles.is_active, roles.created_at, roles.updated_at 
FROM roles 
WHERE roles.id IN ($1::INTEGER, $2::INTEGER, $3::INTEGER)
2026-09-18 11:41:22,776 INFO sqlalchemy.engine.Engine [cached since 7.777s ago] (2, 19, 7)
2026-09-18 11:41:22,783 INFO sqlalchemy.engine.Engine SELECT permissions.id, permissions.name, permissions.display_name, permissions.category, permissions.is_active, permissions.created_at, permissions.updated_at 
FROM permissions JOIN role_permissions ON permissions.id = role_permissions.permission_id 
WHERE role_permissions.role_id = $1::INTEGER
2026-09-18 11:41:22,783 INFO sqlalchemy.engine.Engine [cached since 7.769s ago] (2,)
2026-09-18 11:41:22,789 INFO sqlalchemy.engine.Engine SELECT permissions.id, permissions.name, permissions.display_name, permissions.category, permissions.is_active, permissions.created_at, permissions.updated_at 
FROM permissions JOIN role_permissions ON permissions.id = role_permissions.permission_id 
WHERE role_permissions.role_id = $1::INTEGER
2026-09-18 11:41:22,789 INFO sqlalchemy.engine.Engine [cached since 7.775s ago] (7,)
2026-09-18 11:41:22,792 INFO sqlalchemy.engine.Engine SELECT permissions.id, permissions.name, permissions.display_name, permissions.category, permissions.is_active, permissions.created_at, permissions.updated_at 
FROM permissions JOIN role_permissions ON permissions.id = role_permissions.permission_id 
WHERE role_permissions.role_id = $1::INTEGER
2026-09-18 11:41:22,792 INFO sqlalchemy.engine.Engine [cached since 7.778s ago] (19,)
2026-09-18 11:41:22,796 INFO sqlalchemy.engine.Engine SELECT isb_sectors.id, isb_sectors.number, isb_sectors.name, isb_sectors.description, isb_sectors.center_x, isb_sectors.center_z, isb_sectors.threat_level, isb_sectors.is_active, isb_sectors.created_at 
FROM isb_sectors ORDER BY isb_sectors.threat_level DESC 
 LIMIT $1::INTEGER
2026-09-18 11:41:22,796 INFO sqlalchemy.engine.Engine [cached since 5.664s ago] (5,)
INFO:     127.0.0.1:57308 - "GET /api/isb/graphs/threat HTTP/1.1" 200 OK
2026-09-18 11:41:22,801 INFO sqlalchemy.engine.Engine ROLLBACK
2026-09-18 11:41:31,081 INFO sqlalchemy.engine.Engine BEGIN (implicit)
2026-09-18 11:41:31,082 INFO sqlalchemy.engine.Engine SELECT citizens.id, citizens.discord_id, citizens.username, citizens.minecraft_uuid, citizens.role_ids, citizens.main_role_id, citizens.reputation, citizens.citizenship_date, citizens.last_login, citizens.created_at, citizens.updated_at, citizens.is_active, citizens.is_verified 
FROM citizens 
WHERE citizens.discord_id = $1::BIGINT
2026-09-18 11:41:31,082 INFO sqlalchemy.engine.Engine [cached since 16.16s ago] (436507782263603200,)
2026-09-18 11:41:31,085 INFO sqlalchemy.engine.Engine SELECT roles.id, roles.name, roles.display_name, roles.level, roles.is_active, roles.created_at, roles.updated_at 
FROM roles 
WHERE roles.id IN ($1::INTEGER, $2::INTEGER, $3::INTEGER)
2026-09-18 11:41:31,085 INFO sqlalchemy.engine.Engine [cached since 16.09s ago] (2, 19, 7)
2026-09-18 11:41:31,088 INFO sqlalchemy.engine.Engine SELECT permissions.id, permissions.name, permissions.display_name, permissions.category, permissions.is_active, permissions.created_at, permissions.updated_at 
FROM permissions JOIN role_permissions ON permissions.id = role_permissions.permission_id 
WHERE role_permissions.role_id = $1::INTEGER
2026-09-18 11:41:31,089 INFO sqlalchemy.engine.Engine [cached since 16.07s ago] (2,)
2026-09-18 11:41:31,093 INFO sqlalchemy.engine.Engine SELECT permissions.id, permissions.name, permissions.display_name, permissions.category, permissions.is_active, permissions.created_at, permissions.updated_at 
FROM permissions JOIN role_permissions ON permissions.id = role_permissions.permission_id 
WHERE role_permissions.role_id = $1::INTEGER
2026-09-18 11:41:31,093 INFO sqlalchemy.engine.Engine [cached since 16.08s ago] (7,)
2026-09-18 11:41:31,096 INFO sqlalchemy.engine.Engine SELECT permissions.id, permissions.name, permissions.display_name, permissions.category, permissions.is_active, permissions.created_at, permissions.updated_at 
FROM permissions JOIN role_permissions ON permissions.id = role_permissions.permission_id 
WHERE role_permissions.role_id = $1::INTEGER
2026-09-18 11:41:31,097 INFO sqlalchemy.engine.Engine [cached since 16.08s ago] (19,)
2026-09-18 11:41:31,099 INFO sqlalchemy.engine.Engine SELECT isb_logs.id, isb_logs.created_at, isb_logs.severity, isb_logs.category, isb_logs.message, isb_logs.actor_id, isb_logs.sector_id, isb_logs.meta 
FROM isb_logs ORDER BY isb_logs.created_at DESC 
 LIMIT $1::INTEGER
2026-09-18 11:41:31,100 INFO sqlalchemy.engine.Engine [cached since 15.48s ago] (30,)
2026-09-18 11:41:31,102 INFO sqlalchemy.engine.Engine SELECT citizens.id, citizens.discord_id, citizens.username, citizens.minecraft_uuid, citizens.role_ids, citizens.main_role_id, citizens.reputation, citizens.citizenship_date, citizens.last_login, citizens.created_at, citizens.updated_at, citizens.is_active, citizens.is_verified 
FROM citizens 
WHERE citizens.id = $1::INTEGER
2026-09-18 11:41:31,102 INFO sqlalchemy.engine.Engine [cached since 15.47s ago] (2,)
2026-09-18 11:41:31,105 INFO sqlalchemy.engine.Engine SELECT isb_sectors.id, isb_sectors.number, isb_sectors.name, isb_sectors.description, isb_sectors.center_x, isb_sectors.center_z, isb_sectors.threat_level, isb_sectors.is_active, isb_sectors.created_at 
FROM isb_sectors 
WHERE isb_sectors.id = $1::INTEGER
2026-09-18 11:41:31,105 INFO sqlalchemy.engine.Engine [cached since 15.46s ago] (1,)
2026-09-18 11:41:31,107 INFO sqlalchemy.engine.Engine SELECT citizens.id, citizens.discord_id, citizens.username, citizens.minecraft_uuid, citizens.role_ids, citizens.main_role_id, citizens.reputation, citizens.citizenship_date, citizens.last_login, citizens.created_at, citizens.updated_at, citizens.is_active, citizens.is_verified 
FROM citizens 
WHERE citizens.id = $1::INTEGER
2026-09-18 11:41:31,107 INFO sqlalchemy.engine.Engine [cached since 15.47s ago] (2,)
2026-09-18 11:41:31,109 INFO sqlalchemy.engine.Engine SELECT isb_sectors.id, isb_sectors.number, isb_sectors.name, isb_sectors.description, isb_sectors.center_x, isb_sectors.center_z, isb_sectors.threat_level, isb_sectors.is_active, isb_sectors.created_at 
FROM isb_sectors 
WHERE isb_sectors.id = $1::INTEGER
2026-09-18 11:41:31,109 INFO sqlalchemy.engine.Engine [cached since 15.46s ago] (1,)
2026-09-18 11:41:31,111 INFO sqlalchemy.engine.Engine SELECT citizens.id, citizens.discord_id, citizens.username, citizens.minecraft_uuid, citizens.role_ids, citizens.main_role_id, citizens.reputation, citizens.citizenship_date, citizens.last_login, citizens.created_at, citizens.updated_at, citizens.is_active, citizens.is_verified 
FROM citizens 
WHERE citizens.id = $1::INTEGER
2026-09-18 11:41:31,111 INFO sqlalchemy.engine.Engine [cached since 15.48s ago] (2,)
2026-09-18 11:41:31,114 INFO sqlalchemy.engine.Engine SELECT isb_sectors.id, isb_sectors.number, isb_sectors.name, isb_sectors.description, isb_sectors.center_x, isb_sectors.center_z, isb_sectors.threat_level, isb_sectors.is_active, isb_sectors.created_at 
FROM isb_sectors 
WHERE isb_sectors.id = $1::INTEGER
2026-09-18 11:41:31,114 INFO sqlalchemy.engine.Engine [cached since 15.47s ago] (10,)
INFO:     127.0.0.1:57346 - "GET /api/isb/logs?limit=30 HTTP/1.1" 200 OK
2026-09-18 11:41:31,117 INFO sqlalchemy.engine.Engine ROLLBACK
2026-09-18 11:41:32,530 INFO sqlalchemy.engine.Engine BEGIN (implicit)
2026-09-18 11:41:32,531 INFO sqlalchemy.engine.Engine SELECT citizens.id, citizens.discord_id, citizens.username, citizens.minecraft_uuid, citizens.role_ids, citizens.main_role_id, citizens.reputation, citizens.citizenship_date, citizens.last_login, citizens.created_at, citizens.updated_at, citizens.is_active, citizens.is_verified 
FROM citizens 
WHERE citizens.discord_id = $1::BIGINT
2026-09-18 11:41:32,531 INFO sqlalchemy.engine.Engine [cached since 17.61s ago] (436507782263603200,)
2026-09-18 11:41:32,533 INFO sqlalchemy.engine.Engine SELECT isb_employees.id, isb_employees.citizen_id, isb_employees.service_number, isb_employees.rank_name, isb_employees.rank_short, isb_employees.branch, isb_employees.level, isb_employees.access_level, isb_employees.position, isb_employees.enlisted_at, isb_employees.promoted_at, isb_employees.discharged_at, isb_employees.is_active, isb_employees.can_arrest, isb_employees.can_conduct_searches, isb_employees.can_issue_warrants, isb_employees.can_command, isb_employees.notes, isb_employees.created_at, isb_employees.updated_at 
FROM isb_employees 
WHERE isb_employees.citizen_id = $1::INTEGER
2026-09-18 11:41:32,534 INFO sqlalchemy.engine.Engine [cached since 17.55s ago] (2,)
2026-09-18 11:41:32,541 INFO sqlalchemy.engine.Engine SELECT roles.id, roles.name, roles.display_name, roles.level, roles.is_active, roles.created_at, roles.updated_at 
FROM roles 
WHERE roles.id IN ($1::INTEGER, $2::INTEGER, $3::INTEGER)
2026-09-18 11:41:32,542 INFO sqlalchemy.engine.Engine [cached since 17.54s ago] (2, 19, 7)
2026-09-18 11:41:32,544 INFO sqlalchemy.engine.Engine SELECT permissions.id, permissions.name, permissions.display_name, permissions.category, permissions.is_active, permissions.created_at, permissions.updated_at 
FROM permissions JOIN role_permissions ON permissions.id = role_permissions.permission_id 
WHERE role_permissions.role_id = $1::INTEGER
2026-09-18 11:41:32,544 INFO sqlalchemy.engine.Engine [cached since 17.53s ago] (2,)
2026-09-18 11:41:32,547 INFO sqlalchemy.engine.Engine SELECT permissions.id, permissions.name, permissions.display_name, permissions.category, permissions.is_active, permissions.created_at, permissions.updated_at 
FROM permissions JOIN role_permissions ON permissions.id = role_permissions.permission_id 
WHERE role_permissions.role_id = $1::INTEGER
2026-09-18 11:41:32,548 INFO sqlalchemy.engine.Engine [cached since 17.53s ago] (7,)
2026-09-18 11:41:32,550 INFO sqlalchemy.engine.Engine SELECT permissions.id, permissions.name, permissions.display_name, permissions.category, permissions.is_active, permissions.created_at, permissions.updated_at 
FROM permissions JOIN role_permissions ON permissions.id = role_permissions.permission_id 
WHERE role_permissions.role_id = $1::INTEGER
2026-09-18 11:41:32,551 INFO sqlalchemy.engine.Engine [cached since 17.54s ago] (19,)
🔍 DEBUG /isb/panel: user=PRISTORoff0, isb_emp=True, has_manage=True
INFO:     127.0.0.1:57346 - "GET /isb/panel HTTP/1.1" 200 OK
2026-09-18 11:41:32,554 INFO sqlalchemy.engine.Engine ROLLBACK
2026-09-18 11:41:32,602 INFO sqlalchemy.engine.Engine BEGIN (implicit)
2026-09-18 11:41:32,603 INFO sqlalchemy.engine.Engine SELECT citizens.id, citizens.discord_id, citizens.username, citizens.minecraft_uuid, citizens.role_ids, citizens.main_role_id, citizens.reputation, citizens.citizenship_date, citizens.last_login, citizens.created_at, citizens.updated_at, citizens.is_active, citizens.is_verified 
FROM citizens 
WHERE citizens.discord_id = $1::BIGINT
2026-09-18 11:41:32,603 INFO sqlalchemy.engine.Engine [cached since 17.68s ago] (436507782263603200,)
2026-09-18 11:41:32,606 INFO sqlalchemy.engine.Engine BEGIN (implicit)
2026-09-18 11:41:32,606 INFO sqlalchemy.engine.Engine SELECT citizens.id, citizens.discord_id, citizens.username, citizens.minecraft_uuid, citizens.role_ids, citizens.main_role_id, citizens.reputation, citizens.citizenship_date, citizens.last_login, citizens.created_at, citizens.updated_at, citizens.is_active, citizens.is_verified 
FROM citizens 
WHERE citizens.discord_id = $1::BIGINT
2026-09-18 11:41:32,607 INFO sqlalchemy.engine.Engine [cached since 17.68s ago] (436507782263603200,)
2026-09-18 11:41:32,611 INFO sqlalchemy.engine.Engine SELECT roles.id, roles.name, roles.display_name, roles.level, roles.is_active, roles.created_at, roles.updated_at 
FROM roles 
WHERE roles.id IN ($1::INTEGER, $2::INTEGER, $3::INTEGER)
2026-09-18 11:41:32,611 INFO sqlalchemy.engine.Engine [cached since 17.61s ago] (2, 19, 7)
2026-09-18 11:41:32,613 INFO sqlalchemy.engine.Engine SELECT roles.id, roles.name, roles.display_name, roles.level, roles.is_active, roles.created_at, roles.updated_at 
FROM roles 
WHERE roles.id IN ($1::INTEGER, $2::INTEGER, $3::INTEGER)
2026-09-18 11:41:32,613 INFO sqlalchemy.engine.Engine [cached since 17.61s ago] (2, 19, 7)
2026-09-18 11:41:32,617 INFO sqlalchemy.engine.Engine BEGIN (implicit)
2026-09-18 11:41:32,618 INFO sqlalchemy.engine.Engine SELECT citizens.id, citizens.discord_id, citizens.username, citizens.minecraft_uuid, citizens.role_ids, citizens.main_role_id, citizens.reputation, citizens.citizenship_date, citizens.last_login, citizens.created_at, citizens.updated_at, citizens.is_active, citizens.is_verified 
FROM citizens 
WHERE citizens.discord_id = $1::BIGINT
2026-09-18 11:41:32,618 INFO sqlalchemy.engine.Engine [cached since 17.7s ago] (436507782263603200,)
INFO:     127.0.0.1:57358 - "GET /health HTTP/1.1" 200 OK
2026-09-18 11:41:32,621 INFO sqlalchemy.engine.Engine SELECT permissions.id, permissions.name, permissions.display_name, permissions.category, permissions.is_active, permissions.created_at, permissions.updated_at 
FROM permissions JOIN role_permissions ON permissions.id = role_permissions.permission_id 
WHERE role_permissions.role_id = $1::INTEGER
2026-09-18 11:41:32,621 INFO sqlalchemy.engine.Engine [cached since 17.61s ago] (2,)
2026-09-18 11:41:32,622 INFO sqlalchemy.engine.Engine SELECT permissions.id, permissions.name, permissions.display_name, permissions.category, permissions.is_active, permissions.created_at, permissions.updated_at 
FROM permissions JOIN role_permissions ON permissions.id = role_permissions.permission_id 
WHERE role_permissions.role_id = $1::INTEGER
2026-09-18 11:41:32,622 INFO sqlalchemy.engine.Engine [cached since 17.61s ago] (2,)
2026-09-18 11:41:32,624 INFO sqlalchemy.engine.Engine BEGIN (implicit)
2026-09-18 11:41:32,625 INFO sqlalchemy.engine.Engine SELECT citizens.id, citizens.discord_id, citizens.username, citizens.minecraft_uuid, citizens.role_ids, citizens.main_role_id, citizens.reputation, citizens.citizenship_date, citizens.last_login, citizens.created_at, citizens.updated_at, citizens.is_active, citizens.is_verified 
FROM citizens 
WHERE citizens.discord_id = $1::BIGINT
2026-09-18 11:41:32,625 INFO sqlalchemy.engine.Engine [cached since 17.7s ago] (436507782263603200,)
2026-09-18 11:41:32,628 INFO sqlalchemy.engine.Engine SELECT permissions.id, permissions.name, permissions.display_name, permissions.category, permissions.is_active, permissions.created_at, permissions.updated_at 
FROM permissions JOIN role_permissions ON permissions.id = role_permissions.permission_id 
WHERE role_permissions.role_id = $1::INTEGER
2026-09-18 11:41:32,628 INFO sqlalchemy.engine.Engine [cached since 17.61s ago] (7,)
2026-09-18 11:41:32,630 INFO sqlalchemy.engine.Engine SELECT permissions.id, permissions.name, permissions.display_name, permissions.category, permissions.is_active, permissions.created_at, permissions.updated_at 
FROM permissions JOIN role_permissions ON permissions.id = role_permissions.permission_id 
WHERE role_permissions.role_id = $1::INTEGER
2026-09-18 11:41:32,631 INFO sqlalchemy.engine.Engine [cached since 17.62s ago] (7,)
2026-09-18 11:41:32,633 INFO sqlalchemy.engine.Engine SELECT isb_employees.id, isb_employees.citizen_id, isb_employees.service_number, isb_employees.rank_name, isb_employees.rank_short, isb_employees.branch, isb_employees.level, isb_employees.access_level, isb_employees.position, isb_employees.enlisted_at, isb_employees.promoted_at, isb_employees.discharged_at, isb_employees.is_active, isb_employees.can_arrest, isb_employees.can_conduct_searches, isb_employees.can_issue_warrants, isb_employees.can_command, isb_employees.notes, isb_employees.created_at, isb_employees.updated_at 
FROM isb_employees 
WHERE isb_employees.citizen_id = $1::INTEGER
2026-09-18 11:41:32,633 INFO sqlalchemy.engine.Engine [cached since 17.65s ago] (2,)
2026-09-18 11:41:32,635 INFO sqlalchemy.engine.Engine SELECT roles.id, roles.name, roles.display_name, roles.level, roles.is_active, roles.created_at, roles.updated_at 
FROM roles 
WHERE roles.id IN ($1::INTEGER, $2::INTEGER, $3::INTEGER)
2026-09-18 11:41:32,635 INFO sqlalchemy.engine.Engine [cached since 17.64s ago] (2, 19, 7)
2026-09-18 11:41:32,636 INFO sqlalchemy.engine.Engine SELECT permissions.id, permissions.name, permissions.display_name, permissions.category, permissions.is_active, permissions.created_at, permissions.updated_at 
FROM permissions JOIN role_permissions ON permissions.id = role_permissions.permission_id 
WHERE role_permissions.role_id = $1::INTEGER
2026-09-18 11:41:32,637 INFO sqlalchemy.engine.Engine [cached since 17.62s ago] (19,)
2026-09-18 11:41:32,638 INFO sqlalchemy.engine.Engine SELECT permissions.id, permissions.name, permissions.display_name, permissions.category, permissions.is_active, permissions.created_at, permissions.updated_at 
FROM permissions JOIN role_permissions ON permissions.id = role_permissions.permission_id 
WHERE role_permissions.role_id = $1::INTEGER
2026-09-18 11:41:32,638 INFO sqlalchemy.engine.Engine [cached since 17.62s ago] (19,)
2026-09-18 11:41:32,640 INFO sqlalchemy.engine.Engine SELECT permissions.id, permissions.name, permissions.display_name, permissions.category, permissions.is_active, permissions.created_at, permissions.updated_at 
FROM permissions JOIN role_permissions ON permissions.id = role_permissions.permission_id 
WHERE role_permissions.role_id = $1::INTEGER
2026-09-18 11:41:32,640 INFO sqlalchemy.engine.Engine [cached since 17.63s ago] (2,)
INFO:     127.0.0.1:57362 - "GET /api/isb/me/access HTTP/1.1" 200 OK
2026-09-18 11:41:32,641 INFO sqlalchemy.engine.Engine ROLLBACK
2026-09-18 11:41:32,644 INFO sqlalchemy.engine.Engine SELECT isb_sectors.id, isb_sectors.number, isb_sectors.name, isb_sectors.description, isb_sectors.center_x, isb_sectors.center_z, isb_sectors.threat_level, isb_sectors.is_active, isb_sectors.created_at 
FROM isb_sectors ORDER BY isb_sectors.number
2026-09-18 11:41:32,644 INFO sqlalchemy.engine.Engine [cached since 17.02s ago] ()
2026-09-18 11:41:32,646 INFO sqlalchemy.engine.Engine SELECT isb_employees.id, isb_employees.citizen_id, isb_employees.service_number, isb_employees.rank_name, isb_employees.rank_short, isb_employees.branch, isb_employees.level, isb_employees.access_level, isb_employees.position, isb_employees.enlisted_at, isb_employees.promoted_at, isb_employees.discharged_at, isb_employees.is_active, isb_employees.can_arrest, isb_employees.can_conduct_searches, isb_employees.can_issue_warrants, isb_employees.can_command, isb_employees.notes, isb_employees.created_at, isb_employees.updated_at 
FROM isb_employees ORDER BY isb_employees.level DESC
2026-09-18 11:41:32,646 INFO sqlalchemy.engine.Engine [cached since 17.22s ago] ()
2026-09-18 11:41:32,649 INFO sqlalchemy.engine.Engine SELECT permissions.id, permissions.name, permissions.display_name, permissions.category, permissions.is_active, permissions.created_at, permissions.updated_at 
FROM permissions JOIN role_permissions ON permissions.id = role_permissions.permission_id 
WHERE role_permissions.role_id = $1::INTEGER
2026-09-18 11:41:32,649 INFO sqlalchemy.engine.Engine [cached since 17.63s ago] (7,)
2026-09-18 11:41:32,652 INFO sqlalchemy.engine.Engine SELECT citizens.id, citizens.discord_id, citizens.username, citizens.minecraft_uuid, citizens.role_ids, citizens.main_role_id, citizens.reputation, citizens.citizenship_date, citizens.last_login, citizens.created_at, citizens.updated_at, citizens.is_active, citizens.is_verified 
FROM citizens 
WHERE citizens.id IN ($1::INTEGER, $2::INTEGER)
2026-09-18 11:41:32,652 INFO sqlalchemy.engine.Engine [cached since 17.2s ago] (2, 4)
2026-09-18 11:41:32,654 INFO sqlalchemy.engine.Engine SELECT permissions.id, permissions.name, permissions.display_name, permissions.category, permissions.is_active, permissions.created_at, permissions.updated_at 
FROM permissions JOIN role_permissions ON permissions.id = role_permissions.permission_id 
WHERE role_permissions.role_id = $1::INTEGER
2026-09-18 11:41:32,655 INFO sqlalchemy.engine.Engine [cached since 17.64s ago] (19,)
2026-09-18 11:41:32,657 INFO sqlalchemy.engine.Engine SELECT isb_sector_assignments.id, isb_sector_assignments.sector_id, isb_sector_assignments.employee_id, isb_sector_assignments.assigned_at, isb_sector_assignments.is_leader, isb_sector_assignments.notes 
FROM isb_sector_assignments 
WHERE isb_sector_assignments.sector_id = $1::INTEGER
2026-09-18 11:41:32,657 INFO sqlalchemy.engine.Engine [cached since 17.01s ago] (1,)
INFO:     127.0.0.1:57346 - "GET /api/admin/isb/employees HTTP/1.1" 200 OK
2026-09-18 11:41:32,659 INFO sqlalchemy.engine.Engine ROLLBACK
2026-09-18 11:41:32,661 INFO sqlalchemy.engine.Engine SELECT isb_logs.id, isb_logs.created_at, isb_logs.severity, isb_logs.category, isb_logs.message, isb_logs.actor_id, isb_logs.sector_id, isb_logs.meta 
FROM isb_logs ORDER BY isb_logs.created_at DESC 
 LIMIT $1::INTEGER
2026-09-18 11:41:32,662 INFO sqlalchemy.engine.Engine [cached since 17.04s ago] (30,)
2026-09-18 11:41:32,665 INFO sqlalchemy.engine.Engine SELECT citizens.id, citizens.discord_id, citizens.username, citizens.minecraft_uuid, citizens.role_ids, citizens.main_role_id, citizens.reputation, citizens.citizenship_date, citizens.last_login, citizens.created_at, citizens.updated_at, citizens.is_active, citizens.is_verified 
FROM citizens 
WHERE citizens.id = $1::INTEGER
2026-09-18 11:41:32,665 INFO sqlalchemy.engine.Engine [cached since 17.03s ago] (2,)
2026-09-18 11:41:32,667 INFO sqlalchemy.engine.Engine SELECT isb_employees.id, isb_employees.citizen_id, isb_employees.service_number, isb_employees.rank_name, isb_employees.rank_short, isb_employees.branch, isb_employees.level, isb_employees.access_level, isb_employees.position, isb_employees.enlisted_at, isb_employees.promoted_at, isb_employees.discharged_at, isb_employees.is_active, isb_employees.can_arrest, isb_employees.can_conduct_searches, isb_employees.can_issue_warrants, isb_employees.can_command, isb_employees.notes, isb_employees.created_at, isb_employees.updated_at 
FROM isb_employees 
WHERE isb_employees.id = $1::INTEGER
2026-09-18 11:41:32,667 INFO sqlalchemy.engine.Engine [cached since 17.01s ago] (2,)
2026-09-18 11:41:32,673 INFO sqlalchemy.engine.Engine SELECT isb_sectors.id, isb_sectors.number, isb_sectors.name, isb_sectors.description, isb_sectors.center_x, isb_sectors.center_z, isb_sectors.threat_level, isb_sectors.is_active, isb_sectors.created_at 
FROM isb_sectors 
WHERE isb_sectors.id = $1::INTEGER
2026-09-18 11:41:32,674 INFO sqlalchemy.engine.Engine [cached since 17.02s ago] (1,)
2026-09-18 11:41:32,678 INFO sqlalchemy.engine.Engine BEGIN (implicit)
2026-09-18 11:41:32,679 INFO sqlalchemy.engine.Engine SELECT count(citizens.id) AS count_1 
FROM citizens
2026-09-18 11:41:32,679 INFO sqlalchemy.engine.Engine [cached since 20.92s ago] ()
2026-09-18 11:41:32,681 INFO sqlalchemy.engine.Engine SELECT citizens.id, citizens.discord_id, citizens.username, citizens.minecraft_uuid, citizens.role_ids, citizens.main_role_id, citizens.reputation, citizens.citizenship_date, citizens.last_login, citizens.created_at, citizens.updated_at, citizens.is_active, citizens.is_verified 
FROM citizens 
WHERE citizens.id = $1::INTEGER
2026-09-18 11:41:32,681 INFO sqlalchemy.engine.Engine [cached since 17.05s ago] (2,)
2026-09-18 11:41:32,683 INFO sqlalchemy.engine.Engine SELECT citizens.id, citizens.discord_id, citizens.username, citizens.minecraft_uuid, citizens.role_ids, citizens.main_role_id, citizens.reputation, citizens.citizenship_date, citizens.last_login, citizens.created_at, citizens.updated_at, citizens.is_active, citizens.is_verified 
FROM citizens 
WHERE citizens.id = $1::INTEGER
2026-09-18 11:41:32,683 INFO sqlalchemy.engine.Engine [cached since 17.05s ago] (4,)
2026-09-18 11:41:32,684 INFO sqlalchemy.engine.Engine BEGIN (implicit)
2026-09-18 11:41:32,685 INFO sqlalchemy.engine.Engine SELECT isb_awards.id, isb_awards.name, isb_awards.display_name, isb_awards.description, isb_awards.icon, isb_awards.rarity, isb_awards.category, isb_awards.is_active, isb_awards.created_at 
FROM isb_awards 
WHERE isb_awards.is_active = true ORDER BY isb_awards.rarity, isb_awards.display_name
2026-09-18 11:41:32,685 INFO sqlalchemy.engine.Engine [cached since 17.18s ago] ()
2026-09-18 11:41:32,688 INFO sqlalchemy.engine.Engine SELECT isb_sectors.id, isb_sectors.number, isb_sectors.name, isb_sectors.description, isb_sectors.center_x, isb_sectors.center_z, isb_sectors.threat_level, isb_sectors.is_active, isb_sectors.created_at 
FROM isb_sectors 
WHERE isb_sectors.id = $1::INTEGER
2026-09-18 11:41:32,689 INFO sqlalchemy.engine.Engine [cached since 17.04s ago] (1,)
2026-09-18 11:41:32,691 INFO sqlalchemy.engine.Engine SELECT count(isb_award_grants.id) AS count_1 
FROM isb_award_grants 
WHERE isb_award_grants.award_id = $1::INTEGER
2026-09-18 11:41:32,692 INFO sqlalchemy.engine.Engine [cached since 17.15s ago] (3,)
2026-09-18 11:41:32,693 INFO sqlalchemy.engine.Engine SELECT citizens.id, citizens.discord_id, citizens.username, citizens.minecraft_uuid, citizens.role_ids, citizens.main_role_id, citizens.reputation, citizens.citizenship_date, citizens.last_login, citizens.created_at, citizens.updated_at, citizens.is_active, citizens.is_verified 
FROM citizens 
WHERE citizens.id = $1::INTEGER
2026-09-18 11:41:32,693 INFO sqlalchemy.engine.Engine [cached since 17.06s ago] (2,)
2026-09-18 11:41:32,695 INFO sqlalchemy.engine.Engine SELECT isb_employees.id, isb_employees.citizen_id, isb_employees.service_number, isb_employees.rank_name, isb_employees.rank_short, isb_employees.branch, isb_employees.level, isb_employees.access_level, isb_employees.position, isb_employees.enlisted_at, isb_employees.promoted_at, isb_employees.discharged_at, isb_employees.is_active, isb_employees.can_arrest, isb_employees.can_conduct_searches, isb_employees.can_issue_warrants, isb_employees.can_command, isb_employees.notes, isb_employees.created_at, isb_employees.updated_at 
FROM isb_employees 
WHERE isb_employees.id = $1::INTEGER
2026-09-18 11:41:32,695 INFO sqlalchemy.engine.Engine [cached since 17.04s ago] (1,)
2026-09-18 11:41:32,696 INFO sqlalchemy.engine.Engine SELECT roles.id, roles.name, roles.display_name, roles.level, roles.is_active, roles.created_at, roles.updated_at 
FROM roles ORDER BY roles.level DESC
2026-09-18 11:41:32,696 INFO sqlalchemy.engine.Engine [cached since 17.21s ago] ()
2026-09-18 11:41:32,698 INFO sqlalchemy.engine.Engine SELECT count(isb_award_grants.id) AS count_1 
FROM isb_award_grants 
WHERE isb_award_grants.award_id = $1::INTEGER
2026-09-18 11:41:32,698 INFO sqlalchemy.engine.Engine [cached since 17.16s ago] (1,)
2026-09-18 11:41:32,699 INFO sqlalchemy.engine.Engine SELECT isb_sectors.id, isb_sectors.number, isb_sectors.name, isb_sectors.description, isb_sectors.center_x, isb_sectors.center_z, isb_sectors.threat_level, isb_sectors.is_active, isb_sectors.created_at 
FROM isb_sectors 
WHERE isb_sectors.id = $1::INTEGER
2026-09-18 11:41:32,700 INFO sqlalchemy.engine.Engine [cached since 17.05s ago] (10,)
2026-09-18 11:41:32,701 INFO sqlalchemy.engine.Engine SELECT citizens.id, citizens.discord_id, citizens.username, citizens.minecraft_uuid, citizens.role_ids, citizens.main_role_id, citizens.reputation, citizens.citizenship_date, citizens.last_login, citizens.created_at, citizens.updated_at, citizens.is_active, citizens.is_verified 
FROM citizens 
WHERE citizens.id = $1::INTEGER
2026-09-18 11:41:32,701 INFO sqlalchemy.engine.Engine [cached since 17.07s ago] (2,)
2026-09-18 11:41:32,703 INFO sqlalchemy.engine.Engine SELECT count(isb_award_grants.id) AS count_1 
FROM isb_award_grants 
WHERE isb_award_grants.award_id = $1::INTEGER
2026-09-18 11:41:32,703 INFO sqlalchemy.engine.Engine [cached since 17.16s ago] (2,)
INFO:     127.0.0.1:57354 - "GET /api/isb/logs?limit=30 HTTP/1.1" 200 OK
2026-09-18 11:41:32,704 INFO sqlalchemy.engine.Engine ROLLBACK
2026-09-18 11:41:32,706 INFO sqlalchemy.engine.Engine SELECT isb_sector_assignments.id, isb_sector_assignments.sector_id, isb_sector_assignments.employee_id, isb_sector_assignments.assigned_at, isb_sector_assignments.is_leader, isb_sector_assignments.notes 
FROM isb_sector_assignments 
WHERE isb_sector_assignments.sector_id = $1::INTEGER
2026-09-18 11:41:32,706 INFO sqlalchemy.engine.Engine [cached since 17.06s ago] (2,)
2026-09-18 11:41:32,708 INFO sqlalchemy.engine.Engine SELECT roles_1.id AS roles_1_id, permissions.id AS permissions_id, permissions.name AS permissions_name, permissions.display_name AS permissions_display_name, permissions.category AS permissions_category, permissions.is_active AS permissions_is_active, permissions.created_at AS permissions_created_at, permissions.updated_at AS permissions_updated_at 
FROM roles AS roles_1 JOIN role_permissions AS role_permissions_1 ON roles_1.id = role_permissions_1.role_id JOIN permissions ON permissions.id = role_permissions_1.permission_id 
WHERE roles_1.id IN ($1::INTEGER, $2::INTEGER, $3::INTEGER, $4::INTEGER, $5::INTEGER, $6::INTEGER, $7::INTEGER)
2026-09-18 11:41:32,708 INFO sqlalchemy.engine.Engine [cached since 17.19s ago] (2, 15, 16, 17, 18, 19, 7)
2026-09-18 11:41:32,710 INFO sqlalchemy.engine.Engine SELECT count(isb_award_grants.id) AS count_1 
FROM isb_award_grants 
WHERE isb_award_grants.award_id = $1::INTEGER
2026-09-18 11:41:32,710 INFO sqlalchemy.engine.Engine [cached since 17.17s ago] (11,)
2026-09-18 11:41:32,712 INFO sqlalchemy.engine.Engine SELECT isb_sector_assignments.id, isb_sector_assignments.sector_id, isb_sector_assignments.employee_id, isb_sector_assignments.assigned_at, isb_sector_assignments.is_leader, isb_sector_assignments.notes 
FROM isb_sector_assignments 
WHERE isb_sector_assignments.sector_id = $1::INTEGER
2026-09-18 11:41:32,712 INFO sqlalchemy.engine.Engine [cached since 17.07s ago] (3,)
2026-09-18 11:41:32,714 INFO sqlalchemy.engine.Engine SELECT count(isb_award_grants.id) AS count_1 
FROM isb_award_grants 
WHERE isb_award_grants.award_id = $1::INTEGER
2026-09-18 11:41:32,714 INFO sqlalchemy.engine.Engine [cached since 17.17s ago] (10,)
2026-09-18 11:41:32,715 INFO sqlalchemy.engine.Engine SELECT isb_sector_assignments.id, isb_sector_assignments.sector_id, isb_sector_assignments.employee_id, isb_sector_assignments.assigned_at, isb_sector_assignments.is_leader, isb_sector_assignments.notes 
FROM isb_sector_assignments 
WHERE isb_sector_assignments.sector_id = $1::INTEGER
2026-09-18 11:41:32,715 INFO sqlalchemy.engine.Engine [cached since 17.07s ago] (4,)
2026-09-18 11:41:32,719 INFO sqlalchemy.engine.Engine SELECT citizens.id, citizens.discord_id, citizens.username, citizens.minecraft_uuid, citizens.role_ids, citizens.main_role_id, citizens.reputation, citizens.citizenship_date, citizens.last_login, citizens.created_at, citizens.updated_at, citizens.is_active, citizens.is_verified 
FROM citizens ORDER BY citizens.citizenship_date DESC 
 LIMIT $1::INTEGER OFFSET $2::INTEGER
2026-09-18 11:41:32,719 INFO sqlalchemy.engine.Engine [cached since 17.16s ago] (10000, 0)
2026-09-18 11:41:32,720 INFO sqlalchemy.engine.Engine SELECT count(isb_award_grants.id) AS count_1 
FROM isb_award_grants 
WHERE isb_award_grants.award_id = $1::INTEGER
2026-09-18 11:41:32,720 INFO sqlalchemy.engine.Engine [cached since 17.18s ago] (12,)
2026-09-18 11:41:32,721 INFO sqlalchemy.engine.Engine SELECT isb_sector_assignments.id, isb_sector_assignments.sector_id, isb_sector_assignments.employee_id, isb_sector_assignments.assigned_at, isb_sector_assignments.is_leader, isb_sector_assignments.notes 
FROM isb_sector_assignments 
WHERE isb_sector_assignments.sector_id = $1::INTEGER
2026-09-18 11:41:32,722 INFO sqlalchemy.engine.Engine [cached since 17.08s ago] (5,)
2026-09-18 11:41:32,723 INFO sqlalchemy.engine.Engine SELECT count(isb_award_grants.id) AS count_1 
FROM isb_award_grants 
WHERE isb_award_grants.award_id = $1::INTEGER
2026-09-18 11:41:32,723 INFO sqlalchemy.engine.Engine [cached since 17.18s ago] (8,)
2026-09-18 11:41:32,725 INFO sqlalchemy.engine.Engine SELECT isb_sector_assignments.id, isb_sector_assignments.sector_id, isb_sector_assignments.employee_id, isb_sector_assignments.assigned_at, isb_sector_assignments.is_leader, isb_sector_assignments.notes 
FROM isb_sector_assignments 
WHERE isb_sector_assignments.sector_id = $1::INTEGER
2026-09-18 11:41:32,725 INFO sqlalchemy.engine.Engine [cached since 17.08s ago] (6,)
2026-09-18 11:41:32,726 INFO sqlalchemy.engine.Engine SELECT count(isb_award_grants.id) AS count_1 
FROM isb_award_grants 
WHERE isb_award_grants.award_id = $1::INTEGER
2026-09-18 11:41:32,726 INFO sqlalchemy.engine.Engine [cached since 17.19s ago] (9,)
INFO:     127.0.0.1:57346 - "GET /api/stats HTTP/1.1" 200 OK
2026-09-18 11:41:32,728 INFO sqlalchemy.engine.Engine ROLLBACK
2026-09-18 11:41:32,729 INFO sqlalchemy.engine.Engine SELECT isb_sector_assignments.id, isb_sector_assignments.sector_id, isb_sector_assignments.employee_id, isb_sector_assignments.assigned_at, isb_sector_assignments.is_leader, isb_sector_assignments.notes 
FROM isb_sector_assignments 
WHERE isb_sector_assignments.sector_id = $1::INTEGER
2026-09-18 11:41:32,730 INFO sqlalchemy.engine.Engine [cached since 17.09s ago] (7,)
2026-09-18 11:41:32,732 INFO sqlalchemy.engine.Engine SELECT count(isb_award_grants.id) AS count_1 
FROM isb_award_grants 
WHERE isb_award_grants.award_id = $1::INTEGER
2026-09-18 11:41:32,732 INFO sqlalchemy.engine.Engine [cached since 17.19s ago] (7,)
2026-09-18 11:41:32,733 INFO sqlalchemy.engine.Engine SELECT isb_sector_assignments.id, isb_sector_assignments.sector_id, isb_sector_assignments.employee_id, isb_sector_assignments.assigned_at, isb_sector_assignments.is_leader, isb_sector_assignments.notes 
FROM isb_sector_assignments 
WHERE isb_sector_assignments.sector_id = $1::INTEGER
2026-09-18 11:41:32,733 INFO sqlalchemy.engine.Engine [cached since 17.09s ago] (8,)
2026-09-18 11:41:32,735 INFO sqlalchemy.engine.Engine SELECT count(isb_award_grants.id) AS count_1 
FROM isb_award_grants 
WHERE isb_award_grants.award_id = $1::INTEGER
2026-09-18 11:41:32,735 INFO sqlalchemy.engine.Engine [cached since 17.2s ago] (5,)
2026-09-18 11:41:32,737 INFO sqlalchemy.engine.Engine BEGIN (implicit)
2026-09-18 11:41:32,738 INFO sqlalchemy.engine.Engine SELECT citizens.id, citizens.discord_id, citizens.username, citizens.minecraft_uuid, citizens.role_ids, citizens.main_role_id, citizens.reputation, citizens.citizenship_date, citizens.last_login, citizens.created_at, citizens.updated_at, citizens.is_active, citizens.is_verified 
FROM citizens 
WHERE citizens.discord_id = $1::BIGINT
2026-09-18 11:41:32,738 INFO sqlalchemy.engine.Engine [cached since 17.82s ago] (436507782263603200,)
2026-09-18 11:41:32,739 INFO sqlalchemy.engine.Engine SELECT isb_sector_assignments.id, isb_sector_assignments.sector_id, isb_sector_assignments.employee_id, isb_sector_assignments.assigned_at, isb_sector_assignments.is_leader, isb_sector_assignments.notes 
FROM isb_sector_assignments 
WHERE isb_sector_assignments.sector_id = $1::INTEGER
2026-09-18 11:41:32,739 INFO sqlalchemy.engine.Engine [cached since 17.1s ago] (9,)
2026-09-18 11:41:32,741 INFO sqlalchemy.engine.Engine SELECT count(isb_award_grants.id) AS count_1 
FROM isb_award_grants 
WHERE isb_award_grants.award_id = $1::INTEGER
2026-09-18 11:41:32,741 INFO sqlalchemy.engine.Engine [cached since 17.2s ago] (4,)
2026-09-18 11:41:32,742 INFO sqlalchemy.engine.Engine SELECT isb_sector_assignments.id, isb_sector_assignments.sector_id, isb_sector_assignments.employee_id, isb_sector_assignments.assigned_at, isb_sector_assignments.is_leader, isb_sector_assignments.notes 
FROM isb_sector_assignments 
WHERE isb_sector_assignments.sector_id = $1::INTEGER
2026-09-18 11:41:32,742 INFO sqlalchemy.engine.Engine [cached since 17.1s ago] (10,)
2026-09-18 11:41:32,744 INFO sqlalchemy.engine.Engine SELECT count(isb_award_grants.id) AS count_1 
FROM isb_award_grants 
WHERE isb_award_grants.award_id = $1::INTEGER
2026-09-18 11:41:32,744 INFO sqlalchemy.engine.Engine [cached since 17.2s ago] (6,)
2026-09-18 11:41:32,745 INFO sqlalchemy.engine.Engine SELECT roles.id, roles.name, roles.display_name, roles.level, roles.is_active, roles.created_at, roles.updated_at 
FROM roles 
WHERE roles.id IN ($1::INTEGER, $2::INTEGER, $3::INTEGER)
2026-09-18 11:41:32,746 INFO sqlalchemy.engine.Engine [cached since 17.75s ago] (2, 19, 7)
2026-09-18 11:41:32,747 INFO sqlalchemy.engine.Engine SELECT isb_employees.id, isb_employees.citizen_id, isb_employees.service_number, isb_employees.rank_name, isb_employees.rank_short, isb_employees.branch, isb_employees.level, isb_employees.access_level, isb_employees.position, isb_employees.enlisted_at, isb_employees.promoted_at, isb_employees.discharged_at, isb_employees.is_active, isb_employees.can_arrest, isb_employees.can_conduct_searches, isb_employees.can_issue_warrants, isb_employees.can_command, isb_employees.notes, isb_employees.created_at, isb_employees.updated_at 
FROM isb_employees 
WHERE isb_employees.id = $1::INTEGER
2026-09-18 11:41:32,747 INFO sqlalchemy.engine.Engine [cached since 17.09s ago] (2,)
INFO:     127.0.0.1:57362 - "GET /api/admin/isb/awards/public HTTP/1.1" 200 OK
2026-09-18 11:41:32,749 INFO sqlalchemy.engine.Engine ROLLBACK
2026-09-18 11:41:32,751 INFO sqlalchemy.engine.Engine SELECT permissions.id, permissions.name, permissions.display_name, permissions.category, permissions.is_active, permissions.created_at, permissions.updated_at 
FROM permissions JOIN role_permissions ON permissions.id = role_permissions.permission_id 
WHERE role_permissions.role_id = $1::INTEGER
2026-09-18 11:41:32,751 INFO sqlalchemy.engine.Engine [cached since 17.74s ago] (2,)
2026-09-18 11:41:32,752 INFO sqlalchemy.engine.Engine SELECT citizens.id, citizens.discord_id, citizens.username, citizens.minecraft_uuid, citizens.role_ids, citizens.main_role_id, citizens.reputation, citizens.citizenship_date, citizens.last_login, citizens.created_at, citizens.updated_at, citizens.is_active, citizens.is_verified 
FROM citizens 
WHERE citizens.id = $1::INTEGER
2026-09-18 11:41:32,753 INFO sqlalchemy.engine.Engine [cached since 17.12s ago] (4,)
2026-09-18 11:41:32,755 INFO sqlalchemy.engine.Engine SELECT permissions.id, permissions.name, permissions.display_name, permissions.category, permissions.is_active, permissions.created_at, permissions.updated_at 
FROM permissions JOIN role_permissions ON permissions.id = role_permissions.permission_id 
WHERE role_permissions.role_id = $1::INTEGER
2026-09-18 11:41:32,755 INFO sqlalchemy.engine.Engine [cached since 17.74s ago] (7,)
INFO:     127.0.0.1:57350 - "GET /api/isb/sectors HTTP/1.1" 200 OK
2026-09-18 11:41:32,757 INFO sqlalchemy.engine.Engine ROLLBACK
2026-09-18 11:41:32,759 INFO sqlalchemy.engine.Engine SELECT permissions.id, permissions.name, permissions.display_name, permissions.category, permissions.is_active, permissions.created_at, permissions.updated_at 
FROM permissions JOIN role_permissions ON permissions.id = role_permissions.permission_id 
WHERE role_permissions.role_id = $1::INTEGER
2026-09-18 11:41:32,759 INFO sqlalchemy.engine.Engine [cached since 17.74s ago] (19,)
2026-09-18 11:41:32,762 INFO sqlalchemy.engine.Engine SELECT roles.id, roles.name, roles.display_name, roles.level, roles.is_active, roles.created_at, roles.updated_at 
FROM roles 
WHERE roles.id IN ($1::INTEGER, $2::INTEGER, $3::INTEGER)
2026-09-18 11:41:32,762 INFO sqlalchemy.engine.Engine [cached since 17.76s ago] (2, 19, 7)
2026-09-18 11:41:32,764 INFO sqlalchemy.engine.Engine SELECT permissions.id, permissions.name, permissions.display_name, permissions.category, permissions.is_active, permissions.created_at, permissions.updated_at 
FROM permissions JOIN role_permissions ON permissions.id = role_permissions.permission_id 
WHERE role_permissions.role_id = $1::INTEGER
2026-09-18 11:41:32,765 INFO sqlalchemy.engine.Engine [cached since 17.75s ago] (2,)
2026-09-18 11:41:32,767 INFO sqlalchemy.engine.Engine SELECT permissions.id, permissions.name, permissions.display_name, permissions.category, permissions.is_active, permissions.created_at, permissions.updated_at 
FROM permissions JOIN role_permissions ON permissions.id = role_permissions.permission_id 
WHERE role_permissions.role_id = $1::INTEGER
2026-09-18 11:41:32,767 INFO sqlalchemy.engine.Engine [cached since 17.75s ago] (7,)
2026-09-18 11:41:32,769 INFO sqlalchemy.engine.Engine SELECT permissions.id, permissions.name, permissions.display_name, permissions.category, permissions.is_active, permissions.created_at, permissions.updated_at 
FROM permissions JOIN role_permissions ON permissions.id = role_permissions.permission_id 
WHERE role_permissions.role_id = $1::INTEGER
2026-09-18 11:41:32,770 INFO sqlalchemy.engine.Engine [cached since 17.76s ago] (19,)
2026-09-18 11:41:32,773 INFO sqlalchemy.engine.Engine SELECT algorithms.id, algorithms.number, algorithms.title, algorithms.description, algorithms.task_type, algorithms.scope, algorithms.status, algorithms.deadline, algorithms.reward_reputation, algorithms.created_by, algorithms.max_participants, algorithms.created_at, algorithms.updated_at 
FROM algorithms ORDER BY algorithms.created_at DESC 
 LIMIT $1::INTEGER OFFSET $2::INTEGER
2026-09-18 11:41:32,773 INFO sqlalchemy.engine.Engine [cached since 17.04s ago] (200, 0)
INFO:     127.0.0.1:57346 - "GET /api/algorithms HTTP/1.1" 200 OK
2026-09-18 11:41:32,776 INFO sqlalchemy.engine.Engine ROLLBACK
2026-09-18 11:41:32,789 INFO sqlalchemy.engine.Engine BEGIN (implicit)
2026-09-18 11:41:32,790 INFO sqlalchemy.engine.Engine SELECT citizens.id, citizens.discord_id, citizens.username, citizens.minecraft_uuid, citizens.role_ids, citizens.main_role_id, citizens.reputation, citizens.citizenship_date, citizens.last_login, citizens.created_at, citizens.updated_at, citizens.is_active, citizens.is_verified 
FROM citizens 
WHERE citizens.username ILIKE $1::VARCHAR OR citizens.minecraft_uuid ILIKE $2::VARCHAR 
 LIMIT $3::INTEGER
2026-09-18 11:41:32,790 INFO sqlalchemy.engine.Engine [cached since 17.03s ago] ('%test%', '%test%', 10)
2026-09-18 11:41:32,793 INFO sqlalchemy.engine.Engine SELECT roles.id, roles.name, roles.display_name, roles.level, roles.is_active, roles.created_at, roles.updated_at 
FROM roles 
WHERE roles.name ILIKE $1::VARCHAR OR roles.display_name ILIKE $2::VARCHAR 
 LIMIT $3::INTEGER
2026-09-18 11:41:32,793 INFO sqlalchemy.engine.Engine [cached since 17.02s ago] ('%test%', '%test%', 5)
2026-09-18 11:41:32,796 INFO sqlalchemy.engine.Engine SELECT isb_awards.id, isb_awards.name, isb_awards.display_name, isb_awards.description, isb_awards.icon, isb_awards.rarity, isb_awards.category, isb_awards.is_active, isb_awards.created_at 
FROM isb_awards 
WHERE isb_awards.name ILIKE $1::VARCHAR OR isb_awards.display_name ILIKE $2::VARCHAR OR isb_awards.description ILIKE $3::VARCHAR 
 LIMIT $4::INTEGER
2026-09-18 11:41:32,796 INFO sqlalchemy.engine.Engine [cached since 16.98s ago] ('%test%', '%test%', '%test%', 5)
2026-09-18 11:41:32,800 INFO sqlalchemy.engine.Engine SELECT isb_employees.id, isb_employees.citizen_id, isb_employees.service_number, isb_employees.rank_name, isb_employees.rank_short, isb_employees.branch, isb_employees.level, isb_employees.access_level, isb_employees.position, isb_employees.enlisted_at, isb_employees.promoted_at, isb_employees.discharged_at, isb_employees.is_active, isb_employees.can_arrest, isb_employees.can_conduct_searches, isb_employees.can_issue_warrants, isb_employees.can_command, isb_employees.notes, isb_employees.created_at, isb_employees.updated_at 
FROM isb_employees 
WHERE isb_employees.service_number ILIKE $1::VARCHAR OR isb_employees.rank_name ILIKE $2::VARCHAR OR isb_employees.position ILIKE $3::VARCHAR 
 LIMIT $4::INTEGER
2026-09-18 11:41:32,800 INFO sqlalchemy.engine.Engine [cached since 16.98s ago] ('%test%', '%test%', '%test%', 10)
INFO:     127.0.0.1:57346 - "GET /api/search?q=test HTTP/1.1" 200 OK
2026-09-18 11:41:32,803 INFO sqlalchemy.engine.Engine ROLLBACK
2026-09-18 11:41:32,809 INFO sqlalchemy.engine.Engine BEGIN (implicit)
2026-09-18 11:41:32,810 INFO sqlalchemy.engine.Engine SELECT citizens.id, citizens.discord_id, citizens.username, citizens.minecraft_uuid, citizens.role_ids, citizens.main_role_id, citizens.reputation, citizens.citizenship_date, citizens.last_login, citizens.created_at, citizens.updated_at, citizens.is_active, citizens.is_verified 
FROM citizens 
WHERE citizens.discord_id = $1::BIGINT
2026-09-18 11:41:32,810 INFO sqlalchemy.engine.Engine [cached since 17.89s ago] (436507782263603200,)
2026-09-18 11:41:32,812 INFO sqlalchemy.engine.Engine SELECT roles.id, roles.name, roles.display_name, roles.level, roles.is_active, roles.created_at, roles.updated_at 
FROM roles 
WHERE roles.id IN ($1::INTEGER, $2::INTEGER, $3::INTEGER)
2026-09-18 11:41:32,812 INFO sqlalchemy.engine.Engine [cached since 17.81s ago] (2, 19, 7)
2026-09-18 11:41:32,816 INFO sqlalchemy.engine.Engine SELECT permissions.id, permissions.name, permissions.display_name, permissions.category, permissions.is_active, permissions.created_at, permissions.updated_at 
FROM permissions JOIN role_permissions ON permissions.id = role_permissions.permission_id 
WHERE role_permissions.role_id = $1::INTEGER
2026-09-18 11:41:32,817 INFO sqlalchemy.engine.Engine [cached since 17.8s ago] (2,)
2026-09-18 11:41:32,819 INFO sqlalchemy.engine.Engine SELECT permissions.id, permissions.name, permissions.display_name, permissions.category, permissions.is_active, permissions.created_at, permissions.updated_at 
FROM permissions JOIN role_permissions ON permissions.id = role_permissions.permission_id 
WHERE role_permissions.role_id = $1::INTEGER
2026-09-18 11:41:32,820 INFO sqlalchemy.engine.Engine [cached since 17.81s ago] (7,)
2026-09-18 11:41:32,822 INFO sqlalchemy.engine.Engine SELECT permissions.id, permissions.name, permissions.display_name, permissions.category, permissions.is_active, permissions.created_at, permissions.updated_at 
FROM permissions JOIN role_permissions ON permissions.id = role_permissions.permission_id 
WHERE role_permissions.role_id = $1::INTEGER
2026-09-18 11:41:32,822 INFO sqlalchemy.engine.Engine [cached since 17.81s ago] (19,)
2026-09-18 11:41:32,825 INFO sqlalchemy.engine.Engine SELECT roles.id, roles.name, roles.display_name, roles.level, roles.is_active, roles.created_at, roles.updated_at 
FROM roles 
WHERE roles.id IN ($1::INTEGER, $2::INTEGER, $3::INTEGER)
2026-09-18 11:41:32,825 INFO sqlalchemy.engine.Engine [cached since 17.83s ago] (2, 19, 7)
2026-09-18 11:41:32,827 INFO sqlalchemy.engine.Engine SELECT permissions.id, permissions.name, permissions.display_name, permissions.category, permissions.is_active, permissions.created_at, permissions.updated_at 
FROM permissions JOIN role_permissions ON permissions.id = role_permissions.permission_id 
WHERE role_permissions.role_id = $1::INTEGER
2026-09-18 11:41:32,827 INFO sqlalchemy.engine.Engine [cached since 17.81s ago] (2,)
2026-09-18 11:41:32,830 INFO sqlalchemy.engine.Engine SELECT permissions.id, permissions.name, permissions.display_name, permissions.category, permissions.is_active, permissions.created_at, permissions.updated_at 
FROM permissions JOIN role_permissions ON permissions.id = role_permissions.permission_id 
WHERE role_permissions.role_id = $1::INTEGER
2026-09-18 11:41:32,830 INFO sqlalchemy.engine.Engine [cached since 17.82s ago] (7,)
2026-09-18 11:41:32,833 INFO sqlalchemy.engine.Engine SELECT permissions.id, permissions.name, permissions.display_name, permissions.category, permissions.is_active, permissions.created_at, permissions.updated_at 
FROM permissions JOIN role_permissions ON permissions.id = role_permissions.permission_id 
WHERE role_permissions.role_id = $1::INTEGER
2026-09-18 11:41:32,833 INFO sqlalchemy.engine.Engine [cached since 17.82s ago] (19,)
2026-09-18 11:41:32,835 INFO sqlalchemy.engine.Engine SELECT algorithms.id, algorithms.number, algorithms.title, algorithms.description, algorithms.task_type, algorithms.scope, algorithms.status, algorithms.deadline, algorithms.reward_reputation, algorithms.created_by, algorithms.max_participants, algorithms.created_at, algorithms.updated_at 
FROM algorithms ORDER BY algorithms.created_at DESC 
 LIMIT $1::INTEGER OFFSET $2::INTEGER
2026-09-18 11:41:32,836 INFO sqlalchemy.engine.Engine [cached since 17.1s ago] (200, 0)
INFO:     127.0.0.1:57346 - "GET /api/algorithms HTTP/1.1" 200 OK
2026-09-18 11:41:32,838 INFO sqlalchemy.engine.Engine ROLLBACK
2026-09-18 11:41:34,110 INFO sqlalchemy.engine.Engine BEGIN (implicit)
2026-09-18 11:41:34,112 INFO sqlalchemy.engine.Engine SELECT citizens.id, citizens.discord_id, citizens.username, citizens.minecraft_uuid, citizens.role_ids, citizens.main_role_id, citizens.reputation, citizens.citizenship_date, citizens.last_login, citizens.created_at, citizens.updated_at, citizens.is_active, citizens.is_verified 
FROM citizens 
WHERE citizens.discord_id = $1::BIGINT
2026-09-18 11:41:34,112 INFO sqlalchemy.engine.Engine [cached since 19.19s ago] (436507782263603200,)
2026-09-18 11:41:34,117 INFO sqlalchemy.engine.Engine BEGIN (implicit)
2026-09-18 11:41:34,119 INFO sqlalchemy.engine.Engine SELECT citizens.id, citizens.discord_id, citizens.username, citizens.minecraft_uuid, citizens.role_ids, citizens.main_role_id, citizens.reputation, citizens.citizenship_date, citizens.last_login, citizens.created_at, citizens.updated_at, citizens.is_active, citizens.is_verified 
FROM citizens 
WHERE citizens.discord_id = $1::BIGINT
2026-09-18 11:41:34,120 INFO sqlalchemy.engine.Engine [cached since 19.2s ago] (436507782263603200,)
2026-09-18 11:41:34,122 INFO sqlalchemy.engine.Engine SELECT roles.id, roles.name, roles.display_name, roles.level, roles.is_active, roles.created_at, roles.updated_at 
FROM roles 
WHERE roles.id IN ($1::INTEGER, $2::INTEGER, $3::INTEGER)
2026-09-18 11:41:34,123 INFO sqlalchemy.engine.Engine [cached since 19.12s ago] (2, 19, 7)
2026-09-18 11:41:34,125 INFO sqlalchemy.engine.Engine SELECT roles.id, roles.name, roles.display_name, roles.level, roles.is_active, roles.created_at, roles.updated_at 
FROM roles 
WHERE roles.id IN ($1::INTEGER, $2::INTEGER, $3::INTEGER)
2026-09-18 11:41:34,125 INFO sqlalchemy.engine.Engine [cached since 19.13s ago] (2, 19, 7)
2026-09-18 11:41:34,127 INFO sqlalchemy.engine.Engine SELECT permissions.id, permissions.name, permissions.display_name, permissions.category, permissions.is_active, permissions.created_at, permissions.updated_at 
FROM permissions JOIN role_permissions ON permissions.id = role_permissions.permission_id 
WHERE role_permissions.role_id = $1::INTEGER
2026-09-18 11:41:34,127 INFO sqlalchemy.engine.Engine [cached since 19.11s ago] (2,)
2026-09-18 11:41:34,128 INFO sqlalchemy.engine.Engine SELECT permissions.id, permissions.name, permissions.display_name, permissions.category, permissions.is_active, permissions.created_at, permissions.updated_at 
FROM permissions JOIN role_permissions ON permissions.id = role_permissions.permission_id 
WHERE role_permissions.role_id = $1::INTEGER
2026-09-18 11:41:34,129 INFO sqlalchemy.engine.Engine [cached since 19.11s ago] (2,)
2026-09-18 11:41:34,132 INFO sqlalchemy.engine.Engine SELECT permissions.id, permissions.name, permissions.display_name, permissions.category, permissions.is_active, permissions.created_at, permissions.updated_at 
FROM permissions JOIN role_permissions ON permissions.id = role_permissions.permission_id 
WHERE role_permissions.role_id = $1::INTEGER
2026-09-18 11:41:34,133 INFO sqlalchemy.engine.Engine [cached since 19.12s ago] (7,)
2026-09-18 11:41:34,135 INFO sqlalchemy.engine.Engine SELECT permissions.id, permissions.name, permissions.display_name, permissions.category, permissions.is_active, permissions.created_at, permissions.updated_at 
FROM permissions JOIN role_permissions ON permissions.id = role_permissions.permission_id 
WHERE role_permissions.role_id = $1::INTEGER
2026-09-18 11:41:34,135 INFO sqlalchemy.engine.Engine [cached since 19.12s ago] (7,)
2026-09-18 11:41:34,137 INFO sqlalchemy.engine.Engine SELECT permissions.id, permissions.name, permissions.display_name, permissions.category, permissions.is_active, permissions.created_at, permissions.updated_at 
FROM permissions JOIN role_permissions ON permissions.id = role_permissions.permission_id 
WHERE role_permissions.role_id = $1::INTEGER
2026-09-18 11:41:34,137 INFO sqlalchemy.engine.Engine [cached since 19.12s ago] (19,)
2026-09-18 11:41:34,139 INFO sqlalchemy.engine.Engine SELECT permissions.id, permissions.name, permissions.display_name, permissions.category, permissions.is_active, permissions.created_at, permissions.updated_at 
FROM permissions JOIN role_permissions ON permissions.id = role_permissions.permission_id 
WHERE role_permissions.role_id = $1::INTEGER
2026-09-18 11:41:34,140 INFO sqlalchemy.engine.Engine [cached since 19.12s ago] (19,)
2026-09-18 11:41:34,141 INFO sqlalchemy.engine.Engine SELECT isb_employees.id, isb_employees.citizen_id, isb_employees.service_number, isb_employees.rank_name, isb_employees.rank_short, isb_employees.branch, isb_employees.level, isb_employees.access_level, isb_employees.position, isb_employees.enlisted_at, isb_employees.promoted_at, isb_employees.discharged_at, isb_employees.is_active, isb_employees.can_arrest, isb_employees.can_conduct_searches, isb_employees.can_issue_warrants, isb_employees.can_command, isb_employees.notes, isb_employees.created_at, isb_employees.updated_at 
FROM isb_employees ORDER BY isb_employees.level DESC
2026-09-18 11:41:34,141 INFO sqlalchemy.engine.Engine [cached since 18.72s ago] ()
2026-09-18 11:41:34,143 INFO sqlalchemy.engine.Engine SELECT isb_sectors.id, isb_sectors.number, isb_sectors.name, isb_sectors.description, isb_sectors.center_x, isb_sectors.center_z, isb_sectors.threat_level, isb_sectors.is_active, isb_sectors.created_at 
FROM isb_sectors ORDER BY isb_sectors.number
2026-09-18 11:41:34,143 INFO sqlalchemy.engine.Engine [cached since 18.52s ago] ()
2026-09-18 11:41:34,145 INFO sqlalchemy.engine.Engine SELECT citizens.id, citizens.discord_id, citizens.username, citizens.minecraft_uuid, citizens.role_ids, citizens.main_role_id, citizens.reputation, citizens.citizenship_date, citizens.last_login, citizens.created_at, citizens.updated_at, citizens.is_active, citizens.is_verified 
FROM citizens 
WHERE citizens.id IN ($1::INTEGER, $2::INTEGER)
2026-09-18 11:41:34,145 INFO sqlalchemy.engine.Engine [cached since 18.69s ago] (2, 4)
INFO:     127.0.0.1:57350 - "GET /api/admin/isb/employees HTTP/1.1" 200 OK
2026-09-18 11:41:34,148 INFO sqlalchemy.engine.Engine ROLLBACK
2026-09-18 11:41:34,150 INFO sqlalchemy.engine.Engine SELECT count(isb_sector_assignments.id) AS count_1 
FROM isb_sector_assignments 
WHERE isb_sector_assignments.sector_id = $1::INTEGER
2026-09-18 11:41:34,150 INFO sqlalchemy.engine.Engine [cached since 17.26s ago] (1,)
2026-09-18 11:41:34,155 INFO sqlalchemy.engine.Engine SELECT count(isb_sector_assignments.id) AS count_1 
FROM isb_sector_assignments 
WHERE isb_sector_assignments.sector_id = $1::INTEGER
2026-09-18 11:41:34,155 INFO sqlalchemy.engine.Engine [cached since 17.27s ago] (2,)
2026-09-18 11:41:34,157 INFO sqlalchemy.engine.Engine SELECT count(isb_sector_assignments.id) AS count_1 
FROM isb_sector_assignments 
WHERE isb_sector_assignments.sector_id = $1::INTEGER
2026-09-18 11:41:34,157 INFO sqlalchemy.engine.Engine [cached since 17.27s ago] (3,)
2026-09-18 11:41:34,159 INFO sqlalchemy.engine.Engine SELECT count(isb_sector_assignments.id) AS count_1 
FROM isb_sector_assignments 
WHERE isb_sector_assignments.sector_id = $1::INTEGER
2026-09-18 11:41:34,159 INFO sqlalchemy.engine.Engine [cached since 17.27s ago] (4,)
2026-09-18 11:41:34,161 INFO sqlalchemy.engine.Engine SELECT count(isb_sector_assignments.id) AS count_1 
FROM isb_sector_assignments 
WHERE isb_sector_assignments.sector_id = $1::INTEGER
2026-09-18 11:41:34,161 INFO sqlalchemy.engine.Engine [cached since 17.27s ago] (5,)
2026-09-18 11:41:34,163 INFO sqlalchemy.engine.Engine SELECT count(isb_sector_assignments.id) AS count_1 
FROM isb_sector_assignments 
WHERE isb_sector_assignments.sector_id = $1::INTEGER
2026-09-18 11:41:34,163 INFO sqlalchemy.engine.Engine [cached since 17.28s ago] (6,)
2026-09-18 11:41:34,165 INFO sqlalchemy.engine.Engine SELECT count(isb_sector_assignments.id) AS count_1 
FROM isb_sector_assignments 
WHERE isb_sector_assignments.sector_id = $1::INTEGER
2026-09-18 11:41:34,165 INFO sqlalchemy.engine.Engine [cached since 17.28s ago] (7,)
2026-09-18 11:41:34,167 INFO sqlalchemy.engine.Engine SELECT count(isb_sector_assignments.id) AS count_1 
FROM isb_sector_assignments 
WHERE isb_sector_assignments.sector_id = $1::INTEGER
2026-09-18 11:41:34,168 INFO sqlalchemy.engine.Engine [cached since 17.28s ago] (8,)
2026-09-18 11:41:34,169 INFO sqlalchemy.engine.Engine SELECT count(isb_sector_assignments.id) AS count_1 
FROM isb_sector_assignments 
WHERE isb_sector_assignments.sector_id = $1::INTEGER
2026-09-18 11:41:34,170 INFO sqlalchemy.engine.Engine [cached since 17.28s ago] (9,)
2026-09-18 11:41:34,172 INFO sqlalchemy.engine.Engine SELECT count(isb_sector_assignments.id) AS count_1 
FROM isb_sector_assignments 
WHERE isb_sector_assignments.sector_id = $1::INTEGER
2026-09-18 11:41:34,172 INFO sqlalchemy.engine.Engine [cached since 17.29s ago] (10,)
INFO:     127.0.0.1:57346 - "GET /api/isb/graphs/sectors HTTP/1.1" 200 OK
2026-09-18 11:41:34,174 INFO sqlalchemy.engine.Engine ROLLBACK
2026-09-18 11:41:34,226 INFO sqlalchemy.engine.Engine BEGIN (implicit)
2026-09-18 11:41:34,226 INFO sqlalchemy.engine.Engine SELECT citizens.id, citizens.discord_id, citizens.username, citizens.minecraft_uuid, citizens.role_ids, citizens.main_role_id, citizens.reputation, citizens.citizenship_date, citizens.last_login, citizens.created_at, citizens.updated_at, citizens.is_active, citizens.is_verified 
FROM citizens 
WHERE citizens.discord_id = $1::BIGINT
2026-09-18 11:41:34,226 INFO sqlalchemy.engine.Engine [cached since 19.3s ago] (436507782263603200,)
2026-09-18 11:41:34,236 INFO sqlalchemy.engine.Engine SELECT roles.id, roles.name, roles.display_name, roles.level, roles.is_active, roles.created_at, roles.updated_at 
FROM roles 
WHERE roles.id IN ($1::INTEGER, $2::INTEGER, $3::INTEGER)
2026-09-18 11:41:34,237 INFO sqlalchemy.engine.Engine [cached since 19.24s ago] (2, 19, 7)
2026-09-18 11:41:34,243 INFO sqlalchemy.engine.Engine SELECT permissions.id, permissions.name, permissions.display_name, permissions.category, permissions.is_active, permissions.created_at, permissions.updated_at 
FROM permissions JOIN role_permissions ON permissions.id = role_permissions.permission_id 
WHERE role_permissions.role_id = $1::INTEGER
2026-09-18 11:41:34,244 INFO sqlalchemy.engine.Engine [cached since 19.23s ago] (2,)
2026-09-18 11:41:34,250 INFO sqlalchemy.engine.Engine SELECT permissions.id, permissions.name, permissions.display_name, permissions.category, permissions.is_active, permissions.created_at, permissions.updated_at 
FROM permissions JOIN role_permissions ON permissions.id = role_permissions.permission_id 
WHERE role_permissions.role_id = $1::INTEGER
2026-09-18 11:41:34,250 INFO sqlalchemy.engine.Engine [cached since 19.24s ago] (7,)
2026-09-18 11:41:34,254 INFO sqlalchemy.engine.Engine SELECT permissions.id, permissions.name, permissions.display_name, permissions.category, permissions.is_active, permissions.created_at, permissions.updated_at 
FROM permissions JOIN role_permissions ON permissions.id = role_permissions.permission_id 
WHERE role_permissions.role_id = $1::INTEGER
2026-09-18 11:41:34,254 INFO sqlalchemy.engine.Engine [cached since 19.24s ago] (19,)
2026-09-18 11:41:34,257 INFO sqlalchemy.engine.Engine SELECT date_trunc($1::VARCHAR, isb_logs.created_at) AS hour, count(isb_logs.id) AS count 
FROM isb_logs 
WHERE isb_logs.created_at >= $2::TIMESTAMP WITHOUT TIME ZONE GROUP BY hour ORDER BY hour
2026-09-18 11:41:34,258 INFO sqlalchemy.engine.Engine [cached since 17.22s ago] ('hour', datetime.datetime(2026, 9, 17, 8, 41, 34, 256621))
INFO:     127.0.0.1:57346 - "GET /api/isb/graphs/logs-24h HTTP/1.1" 200 OK
2026-09-18 11:41:34,264 INFO sqlalchemy.engine.Engine ROLLBACK
2026-09-18 11:41:34,367 INFO sqlalchemy.engine.Engine BEGIN (implicit)
2026-09-18 11:41:34,368 INFO sqlalchemy.engine.Engine SELECT citizens.id, citizens.discord_id, citizens.username, citizens.minecraft_uuid, citizens.role_ids, citizens.main_role_id, citizens.reputation, citizens.citizenship_date, citizens.last_login, citizens.created_at, citizens.updated_at, citizens.is_active, citizens.is_verified 
FROM citizens 
WHERE citizens.discord_id = $1::BIGINT
2026-09-18 11:41:34,368 INFO sqlalchemy.engine.Engine [cached since 19.45s ago] (436507782263603200,)
2026-09-18 11:41:34,373 INFO sqlalchemy.engine.Engine SELECT roles.id, roles.name, roles.display_name, roles.level, roles.is_active, roles.created_at, roles.updated_at 
FROM roles 
WHERE roles.id IN ($1::INTEGER, $2::INTEGER, $3::INTEGER)
2026-09-18 11:41:34,374 INFO sqlalchemy.engine.Engine [cached since 19.37s ago] (2, 19, 7)
2026-09-18 11:41:34,379 INFO sqlalchemy.engine.Engine SELECT permissions.id, permissions.name, permissions.display_name, permissions.category, permissions.is_active, permissions.created_at, permissions.updated_at 
FROM permissions JOIN role_permissions ON permissions.id = role_permissions.permission_id 
WHERE role_permissions.role_id = $1::INTEGER
2026-09-18 11:41:34,380 INFO sqlalchemy.engine.Engine [cached since 19.37s ago] (2,)
2026-09-18 11:41:34,385 INFO sqlalchemy.engine.Engine SELECT permissions.id, permissions.name, permissions.display_name, permissions.category, permissions.is_active, permissions.created_at, permissions.updated_at 
FROM permissions JOIN role_permissions ON permissions.id = role_permissions.permission_id 
WHERE role_permissions.role_id = $1::INTEGER
2026-09-18 11:41:34,386 INFO sqlalchemy.engine.Engine [cached since 19.37s ago] (7,)
2026-09-18 11:41:34,393 INFO sqlalchemy.engine.Engine SELECT permissions.id, permissions.name, permissions.display_name, permissions.category, permissions.is_active, permissions.created_at, permissions.updated_at 
FROM permissions JOIN role_permissions ON permissions.id = role_permissions.permission_id 
WHERE role_permissions.role_id = $1::INTEGER
2026-09-18 11:41:34,393 INFO sqlalchemy.engine.Engine [cached since 19.38s ago] (19,)
2026-09-18 11:41:34,396 INFO sqlalchemy.engine.Engine SELECT isb_sectors.id, isb_sectors.number, isb_sectors.name, isb_sectors.description, isb_sectors.center_x, isb_sectors.center_z, isb_sectors.threat_level, isb_sectors.is_active, isb_sectors.created_at 
FROM isb_sectors ORDER BY isb_sectors.threat_level DESC 
 LIMIT $1::INTEGER
2026-09-18 11:41:34,397 INFO sqlalchemy.engine.Engine [cached since 17.26s ago] (5,)
INFO:     127.0.0.1:57346 - "GET /api/isb/graphs/threat HTTP/1.1" 200 OK
2026-09-18 11:41:34,400 INFO sqlalchemy.engine.Engine ROLLBACK
2026-09-18 11:41:42,888 INFO sqlalchemy.engine.Engine BEGIN (implicit)
2026-09-18 11:41:42,888 INFO sqlalchemy.engine.Engine SELECT citizens.id, citizens.discord_id, citizens.username, citizens.minecraft_uuid, citizens.role_ids, citizens.main_role_id, citizens.reputation, citizens.citizenship_date, citizens.last_login, citizens.created_at, citizens.updated_at, citizens.is_active, citizens.is_verified 
FROM citizens 
WHERE citizens.discord_id = $1::BIGINT
2026-09-18 11:41:42,888 INFO sqlalchemy.engine.Engine [cached since 27.97s ago] (436507782263603200,)
2026-09-18 11:41:42,891 INFO sqlalchemy.engine.Engine SELECT roles.id, roles.name, roles.display_name, roles.level, roles.is_active, roles.created_at, roles.updated_at 
FROM roles 
WHERE roles.id IN ($1::INTEGER, $2::INTEGER, $3::INTEGER)
2026-09-18 11:41:42,891 INFO sqlalchemy.engine.Engine [cached since 27.89s ago] (2, 19, 7)
2026-09-18 11:41:42,892 INFO sqlalchemy.engine.Engine SELECT permissions.id, permissions.name, permissions.display_name, permissions.category, permissions.is_active, permissions.created_at, permissions.updated_at 
FROM permissions JOIN role_permissions ON permissions.id = role_permissions.permission_id 
WHERE role_permissions.role_id = $1::INTEGER
2026-09-18 11:41:42,893 INFO sqlalchemy.engine.Engine [cached since 27.88s ago] (2,)
2026-09-18 11:41:42,895 INFO sqlalchemy.engine.Engine SELECT permissions.id, permissions.name, permissions.display_name, permissions.category, permissions.is_active, permissions.created_at, permissions.updated_at 
FROM permissions JOIN role_permissions ON permissions.id = role_permissions.permission_id 
WHERE role_permissions.role_id = $1::INTEGER
2026-09-18 11:41:42,895 INFO sqlalchemy.engine.Engine [cached since 27.88s ago] (7,)
2026-09-18 11:41:42,896 INFO sqlalchemy.engine.Engine SELECT permissions.id, permissions.name, permissions.display_name, permissions.category, permissions.is_active, permissions.created_at, permissions.updated_at 
FROM permissions JOIN role_permissions ON permissions.id = role_permissions.permission_id 
WHERE role_permissions.role_id = $1::INTEGER
2026-09-18 11:41:42,896 INFO sqlalchemy.engine.Engine [cached since 27.88s ago] (19,)
2026-09-18 11:41:42,899 INFO sqlalchemy.engine.Engine SELECT isb_logs.id, isb_logs.created_at, isb_logs.severity, isb_logs.category, isb_logs.message, isb_logs.actor_id, isb_logs.sector_id, isb_logs.meta 
FROM isb_logs ORDER BY isb_logs.created_at DESC 
 LIMIT $1::INTEGER
2026-09-18 11:41:42,900 INFO sqlalchemy.engine.Engine [cached since 27.28s ago] (30,)
2026-09-18 11:41:42,902 INFO sqlalchemy.engine.Engine SELECT citizens.id, citizens.discord_id, citizens.username, citizens.minecraft_uuid, citizens.role_ids, citizens.main_role_id, citizens.reputation, citizens.citizenship_date, citizens.last_login, citizens.created_at, citizens.updated_at, citizens.is_active, citizens.is_verified 
FROM citizens 
WHERE citizens.id = $1::INTEGER
2026-09-18 11:41:42,902 INFO sqlalchemy.engine.Engine [cached since 27.27s ago] (2,)
2026-09-18 11:41:42,904 INFO sqlalchemy.engine.Engine SELECT isb_sectors.id, isb_sectors.number, isb_sectors.name, isb_sectors.description, isb_sectors.center_x, isb_sectors.center_z, isb_sectors.threat_level, isb_sectors.is_active, isb_sectors.created_at 
FROM isb_sectors 
WHERE isb_sectors.id = $1::INTEGER
2026-09-18 11:41:42,905 INFO sqlalchemy.engine.Engine [cached since 27.26s ago] (1,)
2026-09-18 11:41:42,906 INFO sqlalchemy.engine.Engine SELECT citizens.id, citizens.discord_id, citizens.username, citizens.minecraft_uuid, citizens.role_ids, citizens.main_role_id, citizens.reputation, citizens.citizenship_date, citizens.last_login, citizens.created_at, citizens.updated_at, citizens.is_active, citizens.is_verified 
FROM citizens 
WHERE citizens.id = $1::INTEGER
2026-09-18 11:41:42,907 INFO sqlalchemy.engine.Engine [cached since 27.27s ago] (2,)
2026-09-18 11:41:42,908 INFO sqlalchemy.engine.Engine SELECT isb_sectors.id, isb_sectors.number, isb_sectors.name, isb_sectors.description, isb_sectors.center_x, isb_sectors.center_z, isb_sectors.threat_level, isb_sectors.is_active, isb_sectors.created_at 
FROM isb_sectors 
WHERE isb_sectors.id = $1::INTEGER
2026-09-18 11:41:42,909 INFO sqlalchemy.engine.Engine [cached since 27.26s ago] (1,)
2026-09-18 11:41:42,910 INFO sqlalchemy.engine.Engine SELECT citizens.id, citizens.discord_id, citizens.username, citizens.minecraft_uuid, citizens.role_ids, citizens.main_role_id, citizens.reputation, citizens.citizenship_date, citizens.last_login, citizens.created_at, citizens.updated_at, citizens.is_active, citizens.is_verified 
FROM citizens 
WHERE citizens.id = $1::INTEGER
2026-09-18 11:41:42,910 INFO sqlalchemy.engine.Engine [cached since 27.27s ago] (2,)
2026-09-18 11:41:42,912 INFO sqlalchemy.engine.Engine SELECT isb_sectors.id, isb_sectors.number, isb_sectors.name, isb_sectors.description, isb_sectors.center_x, isb_sectors.center_z, isb_sectors.threat_level, isb_sectors.is_active, isb_sectors.created_at 
FROM isb_sectors 
WHERE isb_sectors.id = $1::INTEGER
2026-09-18 11:41:42,912 INFO sqlalchemy.engine.Engine [cached since 27.26s ago] (10,)
INFO:     127.0.0.1:57368 - "GET /api/isb/logs?limit=30 HTTP/1.1" 200 OK
2026-09-18 11:41:42,915 INFO sqlalchemy.engine.Engine ROLLBACK
INFO:     127.0.0.1:57368 - "GET /health HTTP/1.1" 200 OK
2026-09-18 11:41:47,901 INFO sqlalchemy.engine.Engine BEGIN (implicit)
2026-09-18 11:41:47,902 INFO sqlalchemy.engine.Engine SELECT count(citizens.id) AS count_1 
FROM citizens
2026-09-18 11:41:47,902 INFO sqlalchemy.engine.Engine [cached since 36.14s ago] ()
2026-09-18 11:41:47,908 INFO sqlalchemy.engine.Engine SELECT roles.id, roles.name, roles.display_name, roles.level, roles.is_active, roles.created_at, roles.updated_at 
FROM roles ORDER BY roles.level DESC
2026-09-18 11:41:47,908 INFO sqlalchemy.engine.Engine [cached since 32.42s ago] ()
2026-09-18 11:41:47,917 INFO sqlalchemy.engine.Engine SELECT roles_1.id AS roles_1_id, permissions.id AS permissions_id, permissions.name AS permissions_name, permissions.display_name AS permissions_display_name, permissions.category AS permissions_category, permissions.is_active AS permissions_is_active, permissions.created_at AS permissions_created_at, permissions.updated_at AS permissions_updated_at 
FROM roles AS roles_1 JOIN role_permissions AS role_permissions_1 ON roles_1.id = role_permissions_1.role_id JOIN permissions ON permissions.id = role_permissions_1.permission_id 
WHERE roles_1.id IN ($1::INTEGER, $2::INTEGER, $3::INTEGER, $4::INTEGER, $5::INTEGER, $6::INTEGER, $7::INTEGER)
2026-09-18 11:41:47,918 INFO sqlalchemy.engine.Engine [cached since 32.4s ago] (2, 15, 16, 17, 18, 19, 7)
2026-09-18 11:41:47,931 INFO sqlalchemy.engine.Engine SELECT citizens.id, citizens.discord_id, citizens.username, citizens.minecraft_uuid, citizens.role_ids, citizens.main_role_id, citizens.reputation, citizens.citizenship_date, citizens.last_login, citizens.created_at, citizens.updated_at, citizens.is_active, citizens.is_verified 
FROM citizens ORDER BY citizens.citizenship_date DESC 
 LIMIT $1::INTEGER OFFSET $2::INTEGER
2026-09-18 11:41:47,931 INFO sqlalchemy.engine.Engine [cached since 32.37s ago] (10000, 0)
INFO:     127.0.0.1:57368 - "GET /api/stats HTTP/1.1" 200 OK
2026-09-18 11:41:47,940 INFO sqlalchemy.engine.Engine ROLLBACK
2026-09-18 11:41:47,959 INFO sqlalchemy.engine.Engine BEGIN (implicit)
2026-09-18 11:41:47,961 INFO sqlalchemy.engine.Engine SELECT citizens.id, citizens.discord_id, citizens.username, citizens.minecraft_uuid, citizens.role_ids, citizens.main_role_id, citizens.reputation, citizens.citizenship_date, citizens.last_login, citizens.created_at, citizens.updated_at, citizens.is_active, citizens.is_verified 
FROM citizens 
WHERE citizens.discord_id = $1::BIGINT
2026-09-18 11:41:47,961 INFO sqlalchemy.engine.Engine [cached since 33.04s ago] (436507782263603200,)
2026-09-18 11:41:47,969 INFO sqlalchemy.engine.Engine SELECT roles.id, roles.name, roles.display_name, roles.level, roles.is_active, roles.created_at, roles.updated_at 
FROM roles 
WHERE roles.id IN ($1::INTEGER, $2::INTEGER, $3::INTEGER)
2026-09-18 11:41:47,969 INFO sqlalchemy.engine.Engine [cached since 32.97s ago] (2, 19, 7)
2026-09-18 11:41:47,977 INFO sqlalchemy.engine.Engine SELECT permissions.id, permissions.name, permissions.display_name, permissions.category, permissions.is_active, permissions.created_at, permissions.updated_at 
FROM permissions JOIN role_permissions ON permissions.id = role_permissions.permission_id 
WHERE role_permissions.role_id = $1::INTEGER
2026-09-18 11:41:47,978 INFO sqlalchemy.engine.Engine [cached since 32.96s ago] (2,)
2026-09-18 11:41:47,986 INFO sqlalchemy.engine.Engine SELECT permissions.id, permissions.name, permissions.display_name, permissions.category, permissions.is_active, permissions.created_at, permissions.updated_at 
FROM permissions JOIN role_permissions ON permissions.id = role_permissions.permission_id 
WHERE role_permissions.role_id = $1::INTEGER
2026-09-18 11:41:47,987 INFO sqlalchemy.engine.Engine [cached since 32.97s ago] (7,)
2026-09-18 11:41:47,992 INFO sqlalchemy.engine.Engine SELECT permissions.id, permissions.name, permissions.display_name, permissions.category, permissions.is_active, permissions.created_at, permissions.updated_at 
FROM permissions JOIN role_permissions ON permissions.id = role_permissions.permission_id 
WHERE role_permissions.role_id = $1::INTEGER
2026-09-18 11:41:47,992 INFO sqlalchemy.engine.Engine [cached since 32.98s ago] (19,)
2026-09-18 11:41:47,998 INFO sqlalchemy.engine.Engine SELECT roles.id, roles.name, roles.display_name, roles.level, roles.is_active, roles.created_at, roles.updated_at 
FROM roles 
WHERE roles.id IN ($1::INTEGER, $2::INTEGER, $3::INTEGER)
2026-09-18 11:41:47,998 INFO sqlalchemy.engine.Engine [cached since 33s ago] (2, 19, 7)
2026-09-18 11:41:48,002 INFO sqlalchemy.engine.Engine SELECT permissions.id, permissions.name, permissions.display_name, permissions.category, permissions.is_active, permissions.created_at, permissions.updated_at 
FROM permissions JOIN role_permissions ON permissions.id = role_permissions.permission_id 
WHERE role_permissions.role_id = $1::INTEGER
2026-09-18 11:41:48,003 INFO sqlalchemy.engine.Engine [cached since 32.99s ago] (2,)
2026-09-18 11:41:48,009 INFO sqlalchemy.engine.Engine SELECT permissions.id, permissions.name, permissions.display_name, permissions.category, permissions.is_active, permissions.created_at, permissions.updated_at 
FROM permissions JOIN role_permissions ON permissions.id = role_permissions.permission_id 
WHERE role_permissions.role_id = $1::INTEGER
2026-09-18 11:41:48,009 INFO sqlalchemy.engine.Engine [cached since 32.99s ago] (7,)
2026-09-18 11:41:48,013 INFO sqlalchemy.engine.Engine SELECT permissions.id, permissions.name, permissions.display_name, permissions.category, permissions.is_active, permissions.created_at, permissions.updated_at 
FROM permissions JOIN role_permissions ON permissions.id = role_permissions.permission_id 
WHERE role_permissions.role_id = $1::INTEGER
2026-09-18 11:41:48,014 INFO sqlalchemy.engine.Engine [cached since 33s ago] (19,)
2026-09-18 11:41:48,019 INFO sqlalchemy.engine.Engine SELECT algorithms.id, algorithms.number, algorithms.title, algorithms.description, algorithms.task_type, algorithms.scope, algorithms.status, algorithms.deadline, algorithms.reward_reputation, algorithms.created_by, algorithms.max_participants, algorithms.created_at, algorithms.updated_at 
FROM algorithms ORDER BY algorithms.created_at DESC 
 LIMIT $1::INTEGER OFFSET $2::INTEGER
2026-09-18 11:41:48,019 INFO sqlalchemy.engine.Engine [cached since 32.28s ago] (200, 0)
INFO:     127.0.0.1:57368 - "GET /api/algorithms HTTP/1.1" 200 OK
2026-09-18 11:41:48,024 INFO sqlalchemy.engine.Engine ROLLBACK
2026-09-18 11:41:48,040 INFO sqlalchemy.engine.Engine BEGIN (implicit)
2026-09-18 11:41:48,041 INFO sqlalchemy.engine.Engine SELECT citizens.id, citizens.discord_id, citizens.username, citizens.minecraft_uuid, citizens.role_ids, citizens.main_role_id, citizens.reputation, citizens.citizenship_date, citizens.last_login, citizens.created_at, citizens.updated_at, citizens.is_active, citizens.is_verified 
FROM citizens 
WHERE citizens.username ILIKE $1::VARCHAR OR citizens.minecraft_uuid ILIKE $2::VARCHAR 
 LIMIT $3::INTEGER
2026-09-18 11:41:48,041 INFO sqlalchemy.engine.Engine [cached since 32.28s ago] ('%test%', '%test%', 10)
2026-09-18 11:41:48,049 INFO sqlalchemy.engine.Engine SELECT roles.id, roles.name, roles.display_name, roles.level, roles.is_active, roles.created_at, roles.updated_at 
FROM roles 
WHERE roles.name ILIKE $1::VARCHAR OR roles.display_name ILIKE $2::VARCHAR 
 LIMIT $3::INTEGER
2026-09-18 11:41:48,049 INFO sqlalchemy.engine.Engine [cached since 32.28s ago] ('%test%', '%test%', 5)
2026-09-18 11:41:48,068 INFO sqlalchemy.engine.Engine SELECT isb_awards.id, isb_awards.name, isb_awards.display_name, isb_awards.description, isb_awards.icon, isb_awards.rarity, isb_awards.category, isb_awards.is_active, isb_awards.created_at 
FROM isb_awards 
WHERE isb_awards.name ILIKE $1::VARCHAR OR isb_awards.display_name ILIKE $2::VARCHAR OR isb_awards.description ILIKE $3::VARCHAR 
 LIMIT $4::INTEGER
2026-09-18 11:41:48,068 INFO sqlalchemy.engine.Engine [cached since 32.26s ago] ('%test%', '%test%', '%test%', 5)
2026-09-18 11:41:48,077 INFO sqlalchemy.engine.Engine SELECT isb_employees.id, isb_employees.citizen_id, isb_employees.service_number, isb_employees.rank_name, isb_employees.rank_short, isb_employees.branch, isb_employees.level, isb_employees.access_level, isb_employees.position, isb_employees.enlisted_at, isb_employees.promoted_at, isb_employees.discharged_at, isb_employees.is_active, isb_employees.can_arrest, isb_employees.can_conduct_searches, isb_employees.can_issue_warrants, isb_employees.can_command, isb_employees.notes, isb_employees.created_at, isb_employees.updated_at 
FROM isb_employees 
WHERE isb_employees.service_number ILIKE $1::VARCHAR OR isb_employees.rank_name ILIKE $2::VARCHAR OR isb_employees.position ILIKE $3::VARCHAR 
 LIMIT $4::INTEGER
2026-09-18 11:41:48,077 INFO sqlalchemy.engine.Engine [cached since 32.26s ago] ('%test%', '%test%', '%test%', 10)
INFO:     127.0.0.1:57368 - "GET /api/search?q=test HTTP/1.1" 200 OK
2026-09-18 11:41:48,085 INFO sqlalchemy.engine.Engine ROLLBACK
2026-09-18 11:41:48,099 INFO sqlalchemy.engine.Engine BEGIN (implicit)
2026-09-18 11:41:48,100 INFO sqlalchemy.engine.Engine SELECT citizens.id, citizens.discord_id, citizens.username, citizens.minecraft_uuid, citizens.role_ids, citizens.main_role_id, citizens.reputation, citizens.citizenship_date, citizens.last_login, citizens.created_at, citizens.updated_at, citizens.is_active, citizens.is_verified 
FROM citizens 
WHERE citizens.discord_id = $1::BIGINT
2026-09-18 11:41:48,100 INFO sqlalchemy.engine.Engine [cached since 33.18s ago] (436507782263603200,)
2026-09-18 11:41:48,105 INFO sqlalchemy.engine.Engine SELECT roles.id, roles.name, roles.display_name, roles.level, roles.is_active, roles.created_at, roles.updated_at 
FROM roles 
WHERE roles.id IN ($1::INTEGER, $2::INTEGER, $3::INTEGER)
2026-09-18 11:41:48,106 INFO sqlalchemy.engine.Engine [cached since 33.11s ago] (2, 19, 7)
2026-09-18 11:41:48,111 INFO sqlalchemy.engine.Engine SELECT permissions.id, permissions.name, permissions.display_name, permissions.category, permissions.is_active, permissions.created_at, permissions.updated_at 
FROM permissions JOIN role_permissions ON permissions.id = role_permissions.permission_id 
WHERE role_permissions.role_id = $1::INTEGER
2026-09-18 11:41:48,111 INFO sqlalchemy.engine.Engine [cached since 33.1s ago] (2,)
2026-09-18 11:41:48,116 INFO sqlalchemy.engine.Engine SELECT permissions.id, permissions.name, permissions.display_name, permissions.category, permissions.is_active, permissions.created_at, permissions.updated_at 
FROM permissions JOIN role_permissions ON permissions.id = role_permissions.permission_id 
WHERE role_permissions.role_id = $1::INTEGER
2026-09-18 11:41:48,117 INFO sqlalchemy.engine.Engine [cached since 33.1s ago] (7,)
2026-09-18 11:41:48,121 INFO sqlalchemy.engine.Engine SELECT permissions.id, permissions.name, permissions.display_name, permissions.category, permissions.is_active, permissions.created_at, permissions.updated_at 
FROM permissions JOIN role_permissions ON permissions.id = role_permissions.permission_id 
WHERE role_permissions.role_id = $1::INTEGER
2026-09-18 11:41:48,121 INFO sqlalchemy.engine.Engine [cached since 33.11s ago] (19,)
2026-09-18 11:41:48,128 INFO sqlalchemy.engine.Engine SELECT roles.id, roles.name, roles.display_name, roles.level, roles.is_active, roles.created_at, roles.updated_at 
FROM roles 
WHERE roles.id IN ($1::INTEGER, $2::INTEGER, $3::INTEGER)
2026-09-18 11:41:48,128 INFO sqlalchemy.engine.Engine [cached since 33.13s ago] (2, 19, 7)
2026-09-18 11:41:48,133 INFO sqlalchemy.engine.Engine SELECT permissions.id, permissions.name, permissions.display_name, permissions.category, permissions.is_active, permissions.created_at, permissions.updated_at 
FROM permissions JOIN role_permissions ON permissions.id = role_permissions.permission_id 
WHERE role_permissions.role_id = $1::INTEGER
2026-09-18 11:41:48,133 INFO sqlalchemy.engine.Engine [cached since 33.12s ago] (2,)
2026-09-18 11:41:48,138 INFO sqlalchemy.engine.Engine SELECT permissions.id, permissions.name, permissions.display_name, permissions.category, permissions.is_active, permissions.created_at, permissions.updated_at 
FROM permissions JOIN role_permissions ON permissions.id = role_permissions.permission_id 
WHERE role_permissions.role_id = $1::INTEGER
2026-09-18 11:41:48,139 INFO sqlalchemy.engine.Engine [cached since 33.12s ago] (7,)
2026-09-18 11:41:48,143 INFO sqlalchemy.engine.Engine SELECT permissions.id, permissions.name, permissions.display_name, permissions.category, permissions.is_active, permissions.created_at, permissions.updated_at 
FROM permissions JOIN role_permissions ON permissions.id = role_permissions.permission_id 
WHERE role_permissions.role_id = $1::INTEGER
2026-09-18 11:41:48,143 INFO sqlalchemy.engine.Engine [cached since 33.13s ago] (19,)
2026-09-18 11:41:48,149 INFO sqlalchemy.engine.Engine SELECT algorithms.id, algorithms.number, algorithms.title, algorithms.description, algorithms.task_type, algorithms.scope, algorithms.status, algorithms.deadline, algorithms.reward_reputation, algorithms.created_by, algorithms.max_participants, algorithms.created_at, algorithms.updated_at 
FROM algorithms ORDER BY algorithms.created_at DESC 
 LIMIT $1::INTEGER OFFSET $2::INTEGER
2026-09-18 11:41:48,149 INFO sqlalchemy.engine.Engine [cached since 32.41s ago] (200, 0)
INFO:     127.0.0.1:57368 - "GET /api/algorithms HTTP/1.1" 200 OK
2026-09-18 11:41:48,158 INFO sqlalchemy.engine.Engine ROLLBACK
2026-09-18 11:41:52,895 INFO sqlalchemy.engine.Engine BEGIN (implicit)
2026-09-18 11:41:52,897 INFO sqlalchemy.engine.Engine SELECT citizens.id, citizens.discord_id, citizens.username, citizens.minecraft_uuid, citizens.role_ids, citizens.main_role_id, citizens.reputation, citizens.citizenship_date, citizens.last_login, citizens.created_at, citizens.updated_at, citizens.is_active, citizens.is_verified 
FROM citizens 
WHERE citizens.discord_id = $1::BIGINT
2026-09-18 11:41:52,898 INFO sqlalchemy.engine.Engine [cached since 37.98s ago] (436507782263603200,)
2026-09-18 11:41:52,905 INFO sqlalchemy.engine.Engine SELECT roles.id, roles.name, roles.display_name, roles.level, roles.is_active, roles.created_at, roles.updated_at 
FROM roles 
WHERE roles.id IN ($1::INTEGER, $2::INTEGER, $3::INTEGER)
2026-09-18 11:41:52,906 INFO sqlalchemy.engine.Engine [cached since 37.91s ago] (2, 19, 7)
2026-09-18 11:41:52,910 INFO sqlalchemy.engine.Engine SELECT permissions.id, permissions.name, permissions.display_name, permissions.category, permissions.is_active, permissions.created_at, permissions.updated_at 
FROM permissions JOIN role_permissions ON permissions.id = role_permissions.permission_id 
WHERE role_permissions.role_id = $1::INTEGER
2026-09-18 11:41:52,910 INFO sqlalchemy.engine.Engine [cached since 37.9s ago] (2,)
2026-09-18 11:41:52,919 INFO sqlalchemy.engine.Engine SELECT permissions.id, permissions.name, permissions.display_name, permissions.category, permissions.is_active, permissions.created_at, permissions.updated_at 
FROM permissions JOIN role_permissions ON permissions.id = role_permissions.permission_id 
WHERE role_permissions.role_id = $1::INTEGER
2026-09-18 11:41:52,919 INFO sqlalchemy.engine.Engine [cached since 37.9s ago] (7,)
2026-09-18 11:41:52,924 INFO sqlalchemy.engine.Engine SELECT permissions.id, permissions.name, permissions.display_name, permissions.category, permissions.is_active, permissions.created_at, permissions.updated_at 
FROM permissions JOIN role_permissions ON permissions.id = role_permissions.permission_id 
WHERE role_permissions.role_id = $1::INTEGER
2026-09-18 11:41:52,925 INFO sqlalchemy.engine.Engine [cached since 37.91s ago] (19,)
2026-09-18 11:41:52,927 INFO sqlalchemy.engine.Engine SELECT isb_logs.id, isb_logs.created_at, isb_logs.severity, isb_logs.category, isb_logs.message, isb_logs.actor_id, isb_logs.sector_id, isb_logs.meta 
FROM isb_logs ORDER BY isb_logs.created_at DESC 
 LIMIT $1::INTEGER
2026-09-18 11:41:52,927 INFO sqlalchemy.engine.Engine [cached since 37.31s ago] (30,)
2026-09-18 11:41:52,929 INFO sqlalchemy.engine.Engine SELECT citizens.id, citizens.discord_id, citizens.username, citizens.minecraft_uuid, citizens.role_ids, citizens.main_role_id, citizens.reputation, citizens.citizenship_date, citizens.last_login, citizens.created_at, citizens.updated_at, citizens.is_active, citizens.is_verified 
FROM citizens 
WHERE citizens.id = $1::INTEGER
2026-09-18 11:41:52,929 INFO sqlalchemy.engine.Engine [cached since 37.29s ago] (2,)
2026-09-18 11:41:52,931 INFO sqlalchemy.engine.Engine SELECT isb_sectors.id, isb_sectors.number, isb_sectors.name, isb_sectors.description, isb_sectors.center_x, isb_sectors.center_z, isb_sectors.threat_level, isb_sectors.is_active, isb_sectors.created_at 
FROM isb_sectors 
WHERE isb_sectors.id = $1::INTEGER
2026-09-18 11:41:52,931 INFO sqlalchemy.engine.Engine [cached since 37.28s ago] (1,)
2026-09-18 11:41:52,933 INFO sqlalchemy.engine.Engine SELECT citizens.id, citizens.discord_id, citizens.username, citizens.minecraft_uuid, citizens.role_ids, citizens.main_role_id, citizens.reputation, citizens.citizenship_date, citizens.last_login, citizens.created_at, citizens.updated_at, citizens.is_active, citizens.is_verified 
FROM citizens 
WHERE citizens.id = $1::INTEGER
2026-09-18 11:41:52,933 INFO sqlalchemy.engine.Engine [cached since 37.3s ago] (2,)
2026-09-18 11:41:52,935 INFO sqlalchemy.engine.Engine SELECT isb_sectors.id, isb_sectors.number, isb_sectors.name, isb_sectors.description, isb_sectors.center_x, isb_sectors.center_z, isb_sectors.threat_level, isb_sectors.is_active, isb_sectors.created_at 
FROM isb_sectors 
WHERE isb_sectors.id = $1::INTEGER
2026-09-18 11:41:52,935 INFO sqlalchemy.engine.Engine [cached since 37.29s ago] (1,)
2026-09-18 11:41:52,938 INFO sqlalchemy.engine.Engine SELECT citizens.id, citizens.discord_id, citizens.username, citizens.minecraft_uuid, citizens.role_ids, citizens.main_role_id, citizens.reputation, citizens.citizenship_date, citizens.last_login, citizens.created_at, citizens.updated_at, citizens.is_active, citizens.is_verified 
FROM citizens 
WHERE citizens.id = $1::INTEGER
2026-09-18 11:41:52,938 INFO sqlalchemy.engine.Engine [cached since 37.3s ago] (2,)
2026-09-18 11:41:52,940 INFO sqlalchemy.engine.Engine SELECT isb_sectors.id, isb_sectors.number, isb_sectors.name, isb_sectors.description, isb_sectors.center_x, isb_sectors.center_z, isb_sectors.threat_level, isb_sectors.is_active, isb_sectors.created_at 
FROM isb_sectors 
WHERE isb_sectors.id = $1::INTEGER
2026-09-18 11:41:52,940 INFO sqlalchemy.engine.Engine [cached since 37.29s ago] (10,)
INFO:     127.0.0.1:57368 - "GET /api/isb/logs?limit=30 HTTP/1.1" 200 OK
2026-09-18 11:41:52,942 INFO sqlalchemy.engine.Engine ROLLBACK
2026-09-18 11:42:02,899 INFO sqlalchemy.engine.Engine BEGIN (implicit)
2026-09-18 11:42:02,899 INFO sqlalchemy.engine.Engine SELECT citizens.id, citizens.discord_id, citizens.username, citizens.minecraft_uuid, citizens.role_ids, citizens.main_role_id, citizens.reputation, citizens.citizenship_date, citizens.last_login, citizens.created_at, citizens.updated_at, citizens.is_active, citizens.is_verified 
FROM citizens 
WHERE citizens.discord_id = $1::BIGINT
2026-09-18 11:42:02,899 INFO sqlalchemy.engine.Engine [cached since 47.98s ago] (436507782263603200,)
2026-09-18 11:42:02,902 INFO sqlalchemy.engine.Engine BEGIN (implicit)
2026-09-18 11:42:02,903 INFO sqlalchemy.engine.Engine SELECT citizens.id, citizens.discord_id, citizens.username, citizens.minecraft_uuid, citizens.role_ids, citizens.main_role_id, citizens.reputation, citizens.citizenship_date, citizens.last_login, citizens.created_at, citizens.updated_at, citizens.is_active, citizens.is_verified 
FROM citizens 
WHERE citizens.discord_id = $1::BIGINT
2026-09-18 11:42:02,903 INFO sqlalchemy.engine.Engine [cached since 47.98s ago] (436507782263603200,)
INFO:     127.0.0.1:57384 - "GET /health HTTP/1.1" 200 OK
2026-09-18 11:42:02,911 INFO sqlalchemy.engine.Engine BEGIN (implicit)
2026-09-18 11:42:02,913 INFO sqlalchemy.engine.Engine SELECT citizens.id, citizens.discord_id, citizens.username, citizens.minecraft_uuid, citizens.role_ids, citizens.main_role_id, citizens.reputation, citizens.citizenship_date, citizens.last_login, citizens.created_at, citizens.updated_at, citizens.is_active, citizens.is_verified 
FROM citizens 
WHERE citizens.discord_id = $1::BIGINT
2026-09-18 11:42:02,913 INFO sqlalchemy.engine.Engine [cached since 47.99s ago] (436507782263603200,)
2026-09-18 11:42:02,919 INFO sqlalchemy.engine.Engine SELECT roles.id, roles.name, roles.display_name, roles.level, roles.is_active, roles.created_at, roles.updated_at 
FROM roles 
WHERE roles.id IN ($1::INTEGER, $2::INTEGER, $3::INTEGER)
2026-09-18 11:42:02,920 INFO sqlalchemy.engine.Engine [cached since 47.92s ago] (2, 19, 7)
2026-09-18 11:42:02,923 INFO sqlalchemy.engine.Engine SELECT isb_employees.id, isb_employees.citizen_id, isb_employees.service_number, isb_employees.rank_name, isb_employees.rank_short, isb_employees.branch, isb_employees.level, isb_employees.access_level, isb_employees.position, isb_employees.enlisted_at, isb_employees.promoted_at, isb_employees.discharged_at, isb_employees.is_active, isb_employees.can_arrest, isb_employees.can_conduct_searches, isb_employees.can_issue_warrants, isb_employees.can_command, isb_employees.notes, isb_employees.created_at, isb_employees.updated_at 
FROM isb_employees 
WHERE isb_employees.citizen_id = $1::INTEGER
2026-09-18 11:42:02,923 INFO sqlalchemy.engine.Engine [cached since 47.94s ago] (2,)
2026-09-18 11:42:02,926 INFO sqlalchemy.engine.Engine SELECT roles.id, roles.name, roles.display_name, roles.level, roles.is_active, roles.created_at, roles.updated_at 
FROM roles 
WHERE roles.id IN ($1::INTEGER, $2::INTEGER, $3::INTEGER)
2026-09-18 11:42:02,926 INFO sqlalchemy.engine.Engine [cached since 47.93s ago] (2, 19, 7)
2026-09-18 11:42:02,930 INFO sqlalchemy.engine.Engine SELECT permissions.id, permissions.name, permissions.display_name, permissions.category, permissions.is_active, permissions.created_at, permissions.updated_at 
FROM permissions JOIN role_permissions ON permissions.id = role_permissions.permission_id 
WHERE role_permissions.role_id = $1::INTEGER
2026-09-18 11:42:02,930 INFO sqlalchemy.engine.Engine [cached since 47.92s ago] (2,)
2026-09-18 11:42:02,933 INFO sqlalchemy.engine.Engine BEGIN (implicit)
2026-09-18 11:42:02,934 INFO sqlalchemy.engine.Engine SELECT count(citizens.id) AS count_1 
FROM citizens
2026-09-18 11:42:02,934 INFO sqlalchemy.engine.Engine [cached since 51.18s ago] ()
2026-09-18 11:42:02,937 INFO sqlalchemy.engine.Engine SELECT permissions.id, permissions.name, permissions.display_name, permissions.category, permissions.is_active, permissions.created_at, permissions.updated_at 
FROM permissions JOIN role_permissions ON permissions.id = role_permissions.permission_id 
WHERE role_permissions.role_id = $1::INTEGER
2026-09-18 11:42:02,937 INFO sqlalchemy.engine.Engine [cached since 47.92s ago] (2,)
2026-09-18 11:42:02,942 INFO sqlalchemy.engine.Engine SELECT permissions.id, permissions.name, permissions.display_name, permissions.category, permissions.is_active, permissions.created_at, permissions.updated_at 
FROM permissions JOIN role_permissions ON permissions.id = role_permissions.permission_id 
WHERE role_permissions.role_id = $1::INTEGER
2026-09-18 11:42:02,943 INFO sqlalchemy.engine.Engine [cached since 47.93s ago] (7,)
INFO:     127.0.0.1:57388 - "GET /api/isb/me/access HTTP/1.1" 200 OK
2026-09-18 11:42:02,944 INFO sqlalchemy.engine.Engine ROLLBACK
2026-09-18 11:42:02,946 INFO sqlalchemy.engine.Engine SELECT roles.id, roles.name, roles.display_name, roles.level, roles.is_active, roles.created_at, roles.updated_at 
FROM roles ORDER BY roles.level DESC
2026-09-18 11:42:02,947 INFO sqlalchemy.engine.Engine [cached since 47.46s ago] ()
2026-09-18 11:42:02,949 INFO sqlalchemy.engine.Engine SELECT permissions.id, permissions.name, permissions.display_name, permissions.category, permissions.is_active, permissions.created_at, permissions.updated_at 
FROM permissions JOIN role_permissions ON permissions.id = role_permissions.permission_id 
WHERE role_permissions.role_id = $1::INTEGER
2026-09-18 11:42:02,949 INFO sqlalchemy.engine.Engine [cached since 47.93s ago] (7,)
2026-09-18 11:42:02,951 INFO sqlalchemy.engine.Engine SELECT permissions.id, permissions.name, permissions.display_name, permissions.category, permissions.is_active, permissions.created_at, permissions.updated_at 
FROM permissions JOIN role_permissions ON permissions.id = role_permissions.permission_id 
WHERE role_permissions.role_id = $1::INTEGER
2026-09-18 11:42:02,951 INFO sqlalchemy.engine.Engine [cached since 47.94s ago] (19,)
2026-09-18 11:42:02,954 INFO sqlalchemy.engine.Engine SELECT roles_1.id AS roles_1_id, permissions.id AS permissions_id, permissions.name AS permissions_name, permissions.display_name AS permissions_display_name, permissions.category AS permissions_category, permissions.is_active AS permissions_is_active, permissions.created_at AS permissions_created_at, permissions.updated_at AS permissions_updated_at 
FROM roles AS roles_1 JOIN role_permissions AS role_permissions_1 ON roles_1.id = role_permissions_1.role_id JOIN permissions ON permissions.id = role_permissions_1.permission_id 
WHERE roles_1.id IN ($1::INTEGER, $2::INTEGER, $3::INTEGER, $4::INTEGER, $5::INTEGER, $6::INTEGER, $7::INTEGER)
2026-09-18 11:42:02,954 INFO sqlalchemy.engine.Engine [cached since 47.43s ago] (2, 15, 16, 17, 18, 19, 7)
2026-09-18 11:42:02,956 INFO sqlalchemy.engine.Engine SELECT permissions.id, permissions.name, permissions.display_name, permissions.category, permissions.is_active, permissions.created_at, permissions.updated_at 
FROM permissions JOIN role_permissions ON permissions.id = role_permissions.permission_id 
WHERE role_permissions.role_id = $1::INTEGER
2026-09-18 11:42:02,956 INFO sqlalchemy.engine.Engine [cached since 47.94s ago] (19,)
2026-09-18 11:42:02,958 INFO sqlalchemy.engine.Engine SELECT isb_sectors.id, isb_sectors.number, isb_sectors.name, isb_sectors.description, isb_sectors.center_x, isb_sectors.center_z, isb_sectors.threat_level, isb_sectors.is_active, isb_sectors.created_at 
FROM isb_sectors ORDER BY isb_sectors.number
2026-09-18 11:42:02,958 INFO sqlalchemy.engine.Engine [cached since 47.33s ago] ()
2026-09-18 11:42:02,960 INFO sqlalchemy.engine.Engine SELECT isb_logs.id, isb_logs.created_at, isb_logs.severity, isb_logs.category, isb_logs.message, isb_logs.actor_id, isb_logs.sector_id, isb_logs.meta 
FROM isb_logs ORDER BY isb_logs.created_at DESC 
 LIMIT $1::INTEGER
2026-09-18 11:42:02,961 INFO sqlalchemy.engine.Engine [cached since 47.34s ago] (30,)
2026-09-18 11:42:02,963 INFO sqlalchemy.engine.Engine SELECT isb_sector_assignments.id, isb_sector_assignments.sector_id, isb_sector_assignments.employee_id, isb_sector_assignments.assigned_at, isb_sector_assignments.is_leader, isb_sector_assignments.notes 
FROM isb_sector_assignments 
WHERE isb_sector_assignments.sector_id = $1::INTEGER
2026-09-18 11:42:02,963 INFO sqlalchemy.engine.Engine [cached since 47.32s ago] (1,)
2026-09-18 11:42:02,966 INFO sqlalchemy.engine.Engine SELECT citizens.id, citizens.discord_id, citizens.username, citizens.minecraft_uuid, citizens.role_ids, citizens.main_role_id, citizens.reputation, citizens.citizenship_date, citizens.last_login, citizens.created_at, citizens.updated_at, citizens.is_active, citizens.is_verified 
FROM citizens ORDER BY citizens.citizenship_date DESC 
 LIMIT $1::INTEGER OFFSET $2::INTEGER
2026-09-18 11:42:02,966 INFO sqlalchemy.engine.Engine [cached since 47.41s ago] (10000, 0)
2026-09-18 11:42:02,968 INFO sqlalchemy.engine.Engine SELECT citizens.id, citizens.discord_id, citizens.username, citizens.minecraft_uuid, citizens.role_ids, citizens.main_role_id, citizens.reputation, citizens.citizenship_date, citizens.last_login, citizens.created_at, citizens.updated_at, citizens.is_active, citizens.is_verified 
FROM citizens 
WHERE citizens.id = $1::INTEGER
2026-09-18 11:42:02,968 INFO sqlalchemy.engine.Engine [cached since 47.33s ago] (2,)
2026-09-18 11:42:02,970 INFO sqlalchemy.engine.Engine SELECT isb_employees.id, isb_employees.citizen_id, isb_employees.service_number, isb_employees.rank_name, isb_employees.rank_short, isb_employees.branch, isb_employees.level, isb_employees.access_level, isb_employees.position, isb_employees.enlisted_at, isb_employees.promoted_at, isb_employees.discharged_at, isb_employees.is_active, isb_employees.can_arrest, isb_employees.can_conduct_searches, isb_employees.can_issue_warrants, isb_employees.can_command, isb_employees.notes, isb_employees.created_at, isb_employees.updated_at 
FROM isb_employees 
WHERE isb_employees.id = $1::INTEGER
2026-09-18 11:42:02,970 INFO sqlalchemy.engine.Engine [cached since 47.31s ago] (2,)
INFO:     127.0.0.1:57384 - "GET /api/stats HTTP/1.1" 200 OK
2026-09-18 11:42:02,971 INFO sqlalchemy.engine.Engine ROLLBACK
2026-09-18 11:42:02,973 INFO sqlalchemy.engine.Engine SELECT isb_sectors.id, isb_sectors.number, isb_sectors.name, isb_sectors.description, isb_sectors.center_x, isb_sectors.center_z, isb_sectors.threat_level, isb_sectors.is_active, isb_sectors.created_at 
FROM isb_sectors 
WHERE isb_sectors.id = $1::INTEGER
2026-09-18 11:42:02,973 INFO sqlalchemy.engine.Engine [cached since 47.32s ago] (1,)
2026-09-18 11:42:02,975 INFO sqlalchemy.engine.Engine SELECT citizens.id, citizens.discord_id, citizens.username, citizens.minecraft_uuid, citizens.role_ids, citizens.main_role_id, citizens.reputation, citizens.citizenship_date, citizens.last_login, citizens.created_at, citizens.updated_at, citizens.is_active, citizens.is_verified 
FROM citizens 
WHERE citizens.id = $1::INTEGER
2026-09-18 11:42:02,975 INFO sqlalchemy.engine.Engine [cached since 47.34s ago] (4,)
2026-09-18 11:42:02,977 INFO sqlalchemy.engine.Engine SELECT citizens.id, citizens.discord_id, citizens.username, citizens.minecraft_uuid, citizens.role_ids, citizens.main_role_id, citizens.reputation, citizens.citizenship_date, citizens.last_login, citizens.created_at, citizens.updated_at, citizens.is_active, citizens.is_verified 
FROM citizens 
WHERE citizens.id = $1::INTEGER
2026-09-18 11:42:02,977 INFO sqlalchemy.engine.Engine [cached since 47.34s ago] (2,)
2026-09-18 11:42:02,979 INFO sqlalchemy.engine.Engine SELECT isb_employees.id, isb_employees.citizen_id, isb_employees.service_number, isb_employees.rank_name, isb_employees.rank_short, isb_employees.branch, isb_employees.level, isb_employees.access_level, isb_employees.position, isb_employees.enlisted_at, isb_employees.promoted_at, isb_employees.discharged_at, isb_employees.is_active, isb_employees.can_arrest, isb_employees.can_conduct_searches, isb_employees.can_issue_warrants, isb_employees.can_command, isb_employees.notes, isb_employees.created_at, isb_employees.updated_at 
FROM isb_employees 
WHERE isb_employees.id = $1::INTEGER
2026-09-18 11:42:02,979 INFO sqlalchemy.engine.Engine [cached since 47.32s ago] (1,)
2026-09-18 11:42:02,981 INFO sqlalchemy.engine.Engine SELECT isb_sectors.id, isb_sectors.number, isb_sectors.name, isb_sectors.description, isb_sectors.center_x, isb_sectors.center_z, isb_sectors.threat_level, isb_sectors.is_active, isb_sectors.created_at 
FROM isb_sectors 
WHERE isb_sectors.id = $1::INTEGER
2026-09-18 11:42:02,981 INFO sqlalchemy.engine.Engine [cached since 47.33s ago] (1,)
2026-09-18 11:42:02,983 INFO sqlalchemy.engine.Engine BEGIN (implicit)
2026-09-18 11:42:02,983 INFO sqlalchemy.engine.Engine SELECT citizens.id, citizens.discord_id, citizens.username, citizens.minecraft_uuid, citizens.role_ids, citizens.main_role_id, citizens.reputation, citizens.citizenship_date, citizens.last_login, citizens.created_at, citizens.updated_at, citizens.is_active, citizens.is_verified 
FROM citizens 
WHERE citizens.discord_id = $1::BIGINT
2026-09-18 11:42:02,984 INFO sqlalchemy.engine.Engine [cached since 48.06s ago] (436507782263603200,)
2026-09-18 11:42:02,985 INFO sqlalchemy.engine.Engine SELECT citizens.id, citizens.discord_id, citizens.username, citizens.minecraft_uuid, citizens.role_ids, citizens.main_role_id, citizens.reputation, citizens.citizenship_date, citizens.last_login, citizens.created_at, citizens.updated_at, citizens.is_active, citizens.is_verified 
FROM citizens 
WHERE citizens.id = $1::INTEGER
2026-09-18 11:42:02,985 INFO sqlalchemy.engine.Engine [cached since 47.35s ago] (2,)
2026-09-18 11:42:02,987 INFO sqlalchemy.engine.Engine SELECT citizens.id, citizens.discord_id, citizens.username, citizens.minecraft_uuid, citizens.role_ids, citizens.main_role_id, citizens.reputation, citizens.citizenship_date, citizens.last_login, citizens.created_at, citizens.updated_at, citizens.is_active, citizens.is_verified 
FROM citizens 
WHERE citizens.id = $1::INTEGER
2026-09-18 11:42:02,987 INFO sqlalchemy.engine.Engine [cached since 47.35s ago] (2,)
2026-09-18 11:42:02,989 INFO sqlalchemy.engine.Engine SELECT isb_sector_assignments.id, isb_sector_assignments.sector_id, isb_sector_assignments.employee_id, isb_sector_assignments.assigned_at, isb_sector_assignments.is_leader, isb_sector_assignments.notes 
FROM isb_sector_assignments 
WHERE isb_sector_assignments.sector_id = $1::INTEGER
2026-09-18 11:42:02,989 INFO sqlalchemy.engine.Engine [cached since 47.35s ago] (2,)
2026-09-18 11:42:02,991 INFO sqlalchemy.engine.Engine SELECT isb_sectors.id, isb_sectors.number, isb_sectors.name, isb_sectors.description, isb_sectors.center_x, isb_sectors.center_z, isb_sectors.threat_level, isb_sectors.is_active, isb_sectors.created_at 
FROM isb_sectors 
WHERE isb_sectors.id = $1::INTEGER
2026-09-18 11:42:02,991 INFO sqlalchemy.engine.Engine [cached since 47.34s ago] (10,)
2026-09-18 11:42:02,993 INFO sqlalchemy.engine.Engine SELECT roles.id, roles.name, roles.display_name, roles.level, roles.is_active, roles.created_at, roles.updated_at 
FROM roles 
WHERE roles.id IN ($1::INTEGER, $2::INTEGER, $3::INTEGER)
2026-09-18 11:42:02,993 INFO sqlalchemy.engine.Engine [cached since 47.99s ago] (2, 19, 7)
2026-09-18 11:42:02,994 INFO sqlalchemy.engine.Engine SELECT isb_sector_assignments.id, isb_sector_assignments.sector_id, isb_sector_assignments.employee_id, isb_sector_assignments.assigned_at, isb_sector_assignments.is_leader, isb_sector_assignments.notes 
FROM isb_sector_assignments 
WHERE isb_sector_assignments.sector_id = $1::INTEGER
2026-09-18 11:42:02,994 INFO sqlalchemy.engine.Engine [cached since 47.35s ago] (3,)
INFO:     127.0.0.1:57380 - "GET /api/isb/logs?limit=30 HTTP/1.1" 200 OK
2026-09-18 11:42:02,996 INFO sqlalchemy.engine.Engine ROLLBACK
2026-09-18 11:42:02,998 INFO sqlalchemy.engine.Engine SELECT permissions.id, permissions.name, permissions.display_name, permissions.category, permissions.is_active, permissions.created_at, permissions.updated_at 
FROM permissions JOIN role_permissions ON permissions.id = role_permissions.permission_id 
WHERE role_permissions.role_id = $1::INTEGER
2026-09-18 11:42:02,998 INFO sqlalchemy.engine.Engine [cached since 47.98s ago] (2,)
2026-09-18 11:42:02,999 INFO sqlalchemy.engine.Engine SELECT isb_sector_assignments.id, isb_sector_assignments.sector_id, isb_sector_assignments.employee_id, isb_sector_assignments.assigned_at, isb_sector_assignments.is_leader, isb_sector_assignments.notes 
FROM isb_sector_assignments 
WHERE isb_sector_assignments.sector_id = $1::INTEGER
2026-09-18 11:42:02,999 INFO sqlalchemy.engine.Engine [cached since 47.36s ago] (4,)
2026-09-18 11:42:03,002 INFO sqlalchemy.engine.Engine SELECT permissions.id, permissions.name, permissions.display_name, permissions.category, permissions.is_active, permissions.created_at, permissions.updated_at 
FROM permissions JOIN role_permissions ON permissions.id = role_permissions.permission_id 
WHERE role_permissions.role_id = $1::INTEGER
2026-09-18 11:42:03,002 INFO sqlalchemy.engine.Engine [cached since 47.99s ago] (7,)
2026-09-18 11:42:03,004 INFO sqlalchemy.engine.Engine SELECT isb_sector_assignments.id, isb_sector_assignments.sector_id, isb_sector_assignments.employee_id, isb_sector_assignments.assigned_at, isb_sector_assignments.is_leader, isb_sector_assignments.notes 
FROM isb_sector_assignments 
WHERE isb_sector_assignments.sector_id = $1::INTEGER
2026-09-18 11:42:03,004 INFO sqlalchemy.engine.Engine [cached since 47.36s ago] (5,)
2026-09-18 11:42:03,005 INFO sqlalchemy.engine.Engine SELECT permissions.id, permissions.name, permissions.display_name, permissions.category, permissions.is_active, permissions.created_at, permissions.updated_at 
FROM permissions JOIN role_permissions ON permissions.id = role_permissions.permission_id 
WHERE role_permissions.role_id = $1::INTEGER
2026-09-18 11:42:03,006 INFO sqlalchemy.engine.Engine [cached since 47.99s ago] (19,)
2026-09-18 11:42:03,007 INFO sqlalchemy.engine.Engine SELECT isb_sector_assignments.id, isb_sector_assignments.sector_id, isb_sector_assignments.employee_id, isb_sector_assignments.assigned_at, isb_sector_assignments.is_leader, isb_sector_assignments.notes 
FROM isb_sector_assignments 
WHERE isb_sector_assignments.sector_id = $1::INTEGER
2026-09-18 11:42:03,007 INFO sqlalchemy.engine.Engine [cached since 47.36s ago] (6,)
2026-09-18 11:42:03,010 INFO sqlalchemy.engine.Engine SELECT roles.id, roles.name, roles.display_name, roles.level, roles.is_active, roles.created_at, roles.updated_at 
FROM roles 
WHERE roles.id IN ($1::INTEGER, $2::INTEGER, $3::INTEGER)
2026-09-18 11:42:03,010 INFO sqlalchemy.engine.Engine [cached since 48.01s ago] (2, 19, 7)
2026-09-18 11:42:03,011 INFO sqlalchemy.engine.Engine SELECT isb_sector_assignments.id, isb_sector_assignments.sector_id, isb_sector_assignments.employee_id, isb_sector_assignments.assigned_at, isb_sector_assignments.is_leader, isb_sector_assignments.notes 
FROM isb_sector_assignments 
WHERE isb_sector_assignments.sector_id = $1::INTEGER
2026-09-18 11:42:03,012 INFO sqlalchemy.engine.Engine [cached since 47.37s ago] (7,)
2026-09-18 11:42:03,013 INFO sqlalchemy.engine.Engine SELECT permissions.id, permissions.name, permissions.display_name, permissions.category, permissions.is_active, permissions.created_at, permissions.updated_at 
FROM permissions JOIN role_permissions ON permissions.id = role_permissions.permission_id 
WHERE role_permissions.role_id = $1::INTEGER
2026-09-18 11:42:03,013 INFO sqlalchemy.engine.Engine [cached since 48s ago] (2,)
2026-09-18 11:42:03,015 INFO sqlalchemy.engine.Engine SELECT isb_sector_assignments.id, isb_sector_assignments.sector_id, isb_sector_assignments.employee_id, isb_sector_assignments.assigned_at, isb_sector_assignments.is_leader, isb_sector_assignments.notes 
FROM isb_sector_assignments 
WHERE isb_sector_assignments.sector_id = $1::INTEGER
2026-09-18 11:42:03,015 INFO sqlalchemy.engine.Engine [cached since 47.37s ago] (8,)
2026-09-18 11:42:03,019 INFO sqlalchemy.engine.Engine SELECT permissions.id, permissions.name, permissions.display_name, permissions.category, permissions.is_active, permissions.created_at, permissions.updated_at 
FROM permissions JOIN role_permissions ON permissions.id = role_permissions.permission_id 
WHERE role_permissions.role_id = $1::INTEGER
2026-09-18 11:42:03,019 INFO sqlalchemy.engine.Engine [cached since 48s ago] (7,)
2026-09-18 11:42:03,021 INFO sqlalchemy.engine.Engine SELECT isb_sector_assignments.id, isb_sector_assignments.sector_id, isb_sector_assignments.employee_id, isb_sector_assignments.assigned_at, isb_sector_assignments.is_leader, isb_sector_assignments.notes 
FROM isb_sector_assignments 
WHERE isb_sector_assignments.sector_id = $1::INTEGER
2026-09-18 11:42:03,021 INFO sqlalchemy.engine.Engine [cached since 47.38s ago] (9,)
2026-09-18 11:42:03,023 INFO sqlalchemy.engine.Engine SELECT permissions.id, permissions.name, permissions.display_name, permissions.category, permissions.is_active, permissions.created_at, permissions.updated_at 
FROM permissions JOIN role_permissions ON permissions.id = role_permissions.permission_id 
WHERE role_permissions.role_id = $1::INTEGER
2026-09-18 11:42:03,023 INFO sqlalchemy.engine.Engine [cached since 48.01s ago] (19,)
2026-09-18 11:42:03,024 INFO sqlalchemy.engine.Engine SELECT isb_sector_assignments.id, isb_sector_assignments.sector_id, isb_sector_assignments.employee_id, isb_sector_assignments.assigned_at, isb_sector_assignments.is_leader, isb_sector_assignments.notes 
FROM isb_sector_assignments 
WHERE isb_sector_assignments.sector_id = $1::INTEGER
2026-09-18 11:42:03,025 INFO sqlalchemy.engine.Engine [cached since 47.38s ago] (10,)
2026-09-18 11:42:03,027 INFO sqlalchemy.engine.Engine SELECT algorithms.id, algorithms.number, algorithms.title, algorithms.description, algorithms.task_type, algorithms.scope, algorithms.status, algorithms.deadline, algorithms.reward_reputation, algorithms.created_by, algorithms.max_participants, algorithms.created_at, algorithms.updated_at 
FROM algorithms ORDER BY algorithms.created_at DESC 
 LIMIT $1::INTEGER OFFSET $2::INTEGER
2026-09-18 11:42:03,027 INFO sqlalchemy.engine.Engine [cached since 47.29s ago] (200, 0)
2026-09-18 11:42:03,028 INFO sqlalchemy.engine.Engine SELECT isb_employees.id, isb_employees.citizen_id, isb_employees.service_number, isb_employees.rank_name, isb_employees.rank_short, isb_employees.branch, isb_employees.level, isb_employees.access_level, isb_employees.position, isb_employees.enlisted_at, isb_employees.promoted_at, isb_employees.discharged_at, isb_employees.is_active, isb_employees.can_arrest, isb_employees.can_conduct_searches, isb_employees.can_issue_warrants, isb_employees.can_command, isb_employees.notes, isb_employees.created_at, isb_employees.updated_at 
FROM isb_employees 
WHERE isb_employees.id = $1::INTEGER
2026-09-18 11:42:03,028 INFO sqlalchemy.engine.Engine [cached since 47.37s ago] (2,)
INFO:     127.0.0.1:57384 - "GET /api/algorithms HTTP/1.1" 200 OK
2026-09-18 11:42:03,030 INFO sqlalchemy.engine.Engine ROLLBACK
2026-09-18 11:42:03,031 INFO sqlalchemy.engine.Engine SELECT citizens.id, citizens.discord_id, citizens.username, citizens.minecraft_uuid, citizens.role_ids, citizens.main_role_id, citizens.reputation, citizens.citizenship_date, citizens.last_login, citizens.created_at, citizens.updated_at, citizens.is_active, citizens.is_verified 
FROM citizens 
WHERE citizens.id = $1::INTEGER
2026-09-18 11:42:03,031 INFO sqlalchemy.engine.Engine [cached since 47.4s ago] (4,)
INFO:     127.0.0.1:57376 - "GET /api/isb/sectors HTTP/1.1" 200 OK
2026-09-18 11:42:03,034 INFO sqlalchemy.engine.Engine ROLLBACK
2026-09-18 11:42:03,040 INFO sqlalchemy.engine.Engine BEGIN (implicit)
2026-09-18 11:42:03,040 INFO sqlalchemy.engine.Engine SELECT citizens.id, citizens.discord_id, citizens.username, citizens.minecraft_uuid, citizens.role_ids, citizens.main_role_id, citizens.reputation, citizens.citizenship_date, citizens.last_login, citizens.created_at, citizens.updated_at, citizens.is_active, citizens.is_verified 
FROM citizens 
WHERE citizens.username ILIKE $1::VARCHAR OR citizens.minecraft_uuid ILIKE $2::VARCHAR 
 LIMIT $3::INTEGER
2026-09-18 11:42:03,040 INFO sqlalchemy.engine.Engine [cached since 47.28s ago] ('%test%', '%test%', 10)
2026-09-18 11:42:03,043 INFO sqlalchemy.engine.Engine SELECT roles.id, roles.name, roles.display_name, roles.level, roles.is_active, roles.created_at, roles.updated_at 
FROM roles 
WHERE roles.name ILIKE $1::VARCHAR OR roles.display_name ILIKE $2::VARCHAR 
 LIMIT $3::INTEGER
2026-09-18 11:42:03,043 INFO sqlalchemy.engine.Engine [cached since 47.27s ago] ('%test%', '%test%', 5)
2026-09-18 11:42:03,045 INFO sqlalchemy.engine.Engine SELECT isb_awards.id, isb_awards.name, isb_awards.display_name, isb_awards.description, isb_awards.icon, isb_awards.rarity, isb_awards.category, isb_awards.is_active, isb_awards.created_at 
FROM isb_awards 
WHERE isb_awards.name ILIKE $1::VARCHAR OR isb_awards.display_name ILIKE $2::VARCHAR OR isb_awards.description ILIKE $3::VARCHAR 
 LIMIT $4::INTEGER
2026-09-18 11:42:03,045 INFO sqlalchemy.engine.Engine [cached since 47.23s ago] ('%test%', '%test%', '%test%', 5)
2026-09-18 11:42:03,047 INFO sqlalchemy.engine.Engine SELECT isb_employees.id, isb_employees.citizen_id, isb_employees.service_number, isb_employees.rank_name, isb_employees.rank_short, isb_employees.branch, isb_employees.level, isb_employees.access_level, isb_employees.position, isb_employees.enlisted_at, isb_employees.promoted_at, isb_employees.discharged_at, isb_employees.is_active, isb_employees.can_arrest, isb_employees.can_conduct_searches, isb_employees.can_issue_warrants, isb_employees.can_command, isb_employees.notes, isb_employees.created_at, isb_employees.updated_at 
FROM isb_employees 
WHERE isb_employees.service_number ILIKE $1::VARCHAR OR isb_employees.rank_name ILIKE $2::VARCHAR OR isb_employees.position ILIKE $3::VARCHAR 
 LIMIT $4::INTEGER
2026-09-18 11:42:03,047 INFO sqlalchemy.engine.Engine [cached since 47.23s ago] ('%test%', '%test%', '%test%', 10)
INFO:     127.0.0.1:57384 - "GET /api/search?q=test HTTP/1.1" 200 OK
2026-09-18 11:42:03,049 INFO sqlalchemy.engine.Engine ROLLBACK
2026-09-18 11:42:03,056 INFO sqlalchemy.engine.Engine BEGIN (implicit)
2026-09-18 11:42:03,057 INFO sqlalchemy.engine.Engine SELECT citizens.id, citizens.discord_id, citizens.username, citizens.minecraft_uuid, citizens.role_ids, citizens.main_role_id, citizens.reputation, citizens.citizenship_date, citizens.last_login, citizens.created_at, citizens.updated_at, citizens.is_active, citizens.is_verified 
FROM citizens 
WHERE citizens.discord_id = $1::BIGINT
2026-09-18 11:42:03,057 INFO sqlalchemy.engine.Engine [cached since 48.14s ago] (436507782263603200,)
2026-09-18 11:42:03,060 INFO sqlalchemy.engine.Engine SELECT roles.id, roles.name, roles.display_name, roles.level, roles.is_active, roles.created_at, roles.updated_at 
FROM roles 
WHERE roles.id IN ($1::INTEGER, $2::INTEGER, $3::INTEGER)
2026-09-18 11:42:03,060 INFO sqlalchemy.engine.Engine [cached since 48.06s ago] (2, 19, 7)
2026-09-18 11:42:03,062 INFO sqlalchemy.engine.Engine SELECT permissions.id, permissions.name, permissions.display_name, permissions.category, permissions.is_active, permissions.created_at, permissions.updated_at 
FROM permissions JOIN role_permissions ON permissions.id = role_permissions.permission_id 
WHERE role_permissions.role_id = $1::INTEGER
2026-09-18 11:42:03,062 INFO sqlalchemy.engine.Engine [cached since 48.05s ago] (2,)
2026-09-18 11:42:03,064 INFO sqlalchemy.engine.Engine SELECT permissions.id, permissions.name, permissions.display_name, permissions.category, permissions.is_active, permissions.created_at, permissions.updated_at 
FROM permissions JOIN role_permissions ON permissions.id = role_permissions.permission_id 
WHERE role_permissions.role_id = $1::INTEGER
2026-09-18 11:42:03,064 INFO sqlalchemy.engine.Engine [cached since 48.05s ago] (7,)
2026-09-18 11:42:03,066 INFO sqlalchemy.engine.Engine SELECT permissions.id, permissions.name, permissions.display_name, permissions.category, permissions.is_active, permissions.created_at, permissions.updated_at 
FROM permissions JOIN role_permissions ON permissions.id = role_permissions.permission_id 
WHERE role_permissions.role_id = $1::INTEGER
2026-09-18 11:42:03,066 INFO sqlalchemy.engine.Engine [cached since 48.05s ago] (19,)
2026-09-18 11:42:03,069 INFO sqlalchemy.engine.Engine SELECT roles.id, roles.name, roles.display_name, roles.level, roles.is_active, roles.created_at, roles.updated_at 
FROM roles 
WHERE roles.id IN ($1::INTEGER, $2::INTEGER, $3::INTEGER)
2026-09-18 11:42:03,069 INFO sqlalchemy.engine.Engine [cached since 48.07s ago] (2, 19, 7)
2026-09-18 11:42:03,071 INFO sqlalchemy.engine.Engine SELECT permissions.id, permissions.name, permissions.display_name, permissions.category, permissions.is_active, permissions.created_at, permissions.updated_at 
FROM permissions JOIN role_permissions ON permissions.id = role_permissions.permission_id 
WHERE role_permissions.role_id = $1::INTEGER
2026-09-18 11:42:03,071 INFO sqlalchemy.engine.Engine [cached since 48.06s ago] (2,)
2026-09-18 11:42:03,075 INFO sqlalchemy.engine.Engine SELECT permissions.id, permissions.name, permissions.display_name, permissions.category, permissions.is_active, permissions.created_at, permissions.updated_at 
FROM permissions JOIN role_permissions ON permissions.id = role_permissions.permission_id 
WHERE role_permissions.role_id = $1::INTEGER
2026-09-18 11:42:03,075 INFO sqlalchemy.engine.Engine [cached since 48.06s ago] (7,)
2026-09-18 11:42:03,078 INFO sqlalchemy.engine.Engine SELECT permissions.id, permissions.name, permissions.display_name, permissions.category, permissions.is_active, permissions.created_at, permissions.updated_at 
FROM permissions JOIN role_permissions ON permissions.id = role_permissions.permission_id 
WHERE role_permissions.role_id = $1::INTEGER
2026-09-18 11:42:03,078 INFO sqlalchemy.engine.Engine [cached since 48.06s ago] (19,)
2026-09-18 11:42:03,080 INFO sqlalchemy.engine.Engine SELECT algorithms.id, algorithms.number, algorithms.title, algorithms.description, algorithms.task_type, algorithms.scope, algorithms.status, algorithms.deadline, algorithms.reward_reputation, algorithms.created_by, algorithms.max_participants, algorithms.created_at, algorithms.updated_at 
FROM algorithms ORDER BY algorithms.created_at DESC 
 LIMIT $1::INTEGER OFFSET $2::INTEGER
2026-09-18 11:42:03,081 INFO sqlalchemy.engine.Engine [cached since 47.34s ago] (200, 0)
INFO:     127.0.0.1:57384 - "GET /api/algorithms HTTP/1.1" 200 OK
2026-09-18 11:42:03,084 INFO sqlalchemy.engine.Engine ROLLBACK
2026-09-18 11:42:04,895 INFO sqlalchemy.engine.Engine BEGIN (implicit)
2026-09-18 11:42:04,897 INFO sqlalchemy.engine.Engine SELECT citizens.id, citizens.discord_id, citizens.username, citizens.minecraft_uuid, citizens.role_ids, citizens.main_role_id, citizens.reputation, citizens.citizenship_date, citizens.last_login, citizens.created_at, citizens.updated_at, citizens.is_active, citizens.is_verified 
FROM citizens 
WHERE citizens.discord_id = $1::BIGINT
2026-09-18 11:42:04,898 INFO sqlalchemy.engine.Engine [cached since 49.98s ago] (436507782263603200,)
2026-09-18 11:42:04,908 INFO sqlalchemy.engine.Engine SELECT roles.id, roles.name, roles.display_name, roles.level, roles.is_active, roles.created_at, roles.updated_at 
FROM roles 
WHERE roles.id IN ($1::INTEGER, $2::INTEGER, $3::INTEGER)
2026-09-18 11:42:04,908 INFO sqlalchemy.engine.Engine [cached since 49.91s ago] (2, 19, 7)
2026-09-18 11:42:04,916 INFO sqlalchemy.engine.Engine SELECT permissions.id, permissions.name, permissions.display_name, permissions.category, permissions.is_active, permissions.created_at, permissions.updated_at 
FROM permissions JOIN role_permissions ON permissions.id = role_permissions.permission_id 
WHERE role_permissions.role_id = $1::INTEGER
2026-09-18 11:42:04,916 INFO sqlalchemy.engine.Engine [cached since 49.9s ago] (2,)
2026-09-18 11:42:04,925 INFO sqlalchemy.engine.Engine SELECT permissions.id, permissions.name, permissions.display_name, permissions.category, permissions.is_active, permissions.created_at, permissions.updated_at 
FROM permissions JOIN role_permissions ON permissions.id = role_permissions.permission_id 
WHERE role_permissions.role_id = $1::INTEGER
2026-09-18 11:42:04,926 INFO sqlalchemy.engine.Engine [cached since 49.91s ago] (7,)
2026-09-18 11:42:04,929 INFO sqlalchemy.engine.Engine SELECT permissions.id, permissions.name, permissions.display_name, permissions.category, permissions.is_active, permissions.created_at, permissions.updated_at 
FROM permissions JOIN role_permissions ON permissions.id = role_permissions.permission_id 
WHERE role_permissions.role_id = $1::INTEGER
2026-09-18 11:42:04,929 INFO sqlalchemy.engine.Engine [cached since 49.91s ago] (19,)
2026-09-18 11:42:04,932 INFO sqlalchemy.engine.Engine SELECT isb_employees.id, isb_employees.citizen_id, isb_employees.service_number, isb_employees.rank_name, isb_employees.rank_short, isb_employees.branch, isb_employees.level, isb_employees.access_level, isb_employees.position, isb_employees.enlisted_at, isb_employees.promoted_at, isb_employees.discharged_at, isb_employees.is_active, isb_employees.can_arrest, isb_employees.can_conduct_searches, isb_employees.can_issue_warrants, isb_employees.can_command, isb_employees.notes, isb_employees.created_at, isb_employees.updated_at 
FROM isb_employees ORDER BY isb_employees.level DESC
2026-09-18 11:42:04,932 INFO sqlalchemy.engine.Engine [cached since 49.51s ago] ()
2026-09-18 11:42:04,934 INFO sqlalchemy.engine.Engine SELECT citizens.id, citizens.discord_id, citizens.username, citizens.minecraft_uuid, citizens.role_ids, citizens.main_role_id, citizens.reputation, citizens.citizenship_date, citizens.last_login, citizens.created_at, citizens.updated_at, citizens.is_active, citizens.is_verified 
FROM citizens 
WHERE citizens.id IN ($1::INTEGER, $2::INTEGER)
2026-09-18 11:42:04,934 INFO sqlalchemy.engine.Engine [cached since 49.48s ago] (2, 4)
INFO:     127.0.0.1:57384 - "GET /api/admin/isb/employees HTTP/1.1" 200 OK
2026-09-18 11:42:04,938 INFO sqlalchemy.engine.Engine ROLLBACK
2026-09-18 11:42:12,903 INFO sqlalchemy.engine.Engine BEGIN (implicit)
2026-09-18 11:42:12,905 INFO sqlalchemy.engine.Engine SELECT citizens.id, citizens.discord_id, citizens.username, citizens.minecraft_uuid, citizens.role_ids, citizens.main_role_id, citizens.reputation, citizens.citizenship_date, citizens.last_login, citizens.created_at, citizens.updated_at, citizens.is_active, citizens.is_verified 
FROM citizens 
WHERE citizens.discord_id = $1::BIGINT
2026-09-18 11:42:12,905 INFO sqlalchemy.engine.Engine [cached since 57.98s ago] (436507782263603200,)
2026-09-18 11:42:12,914 INFO sqlalchemy.engine.Engine SELECT roles.id, roles.name, roles.display_name, roles.level, roles.is_active, roles.created_at, roles.updated_at 
FROM roles 
WHERE roles.id IN ($1::INTEGER, $2::INTEGER, $3::INTEGER)
2026-09-18 11:42:12,915 INFO sqlalchemy.engine.Engine [cached since 57.92s ago] (2, 19, 7)
2026-09-18 11:42:12,922 INFO sqlalchemy.engine.Engine SELECT permissions.id, permissions.name, permissions.display_name, permissions.category, permissions.is_active, permissions.created_at, permissions.updated_at 
FROM permissions JOIN role_permissions ON permissions.id = role_permissions.permission_id 
WHERE role_permissions.role_id = $1::INTEGER
2026-09-18 11:42:12,922 INFO sqlalchemy.engine.Engine [cached since 57.91s ago] (2,)
2026-09-18 11:42:12,932 INFO sqlalchemy.engine.Engine SELECT permissions.id, permissions.name, permissions.display_name, permissions.category, permissions.is_active, permissions.created_at, permissions.updated_at 
FROM permissions JOIN role_permissions ON permissions.id = role_permissions.permission_id 
WHERE role_permissions.role_id = $1::INTEGER
2026-09-18 11:42:12,932 INFO sqlalchemy.engine.Engine [cached since 57.92s ago] (7,)
2026-09-18 11:42:12,939 INFO sqlalchemy.engine.Engine SELECT permissions.id, permissions.name, permissions.display_name, permissions.category, permissions.is_active, permissions.created_at, permissions.updated_at 
FROM permissions JOIN role_permissions ON permissions.id = role_permissions.permission_id 
WHERE role_permissions.role_id = $1::INTEGER
2026-09-18 11:42:12,940 INFO sqlalchemy.engine.Engine [cached since 57.93s ago] (19,)
2026-09-18 11:42:12,948 INFO sqlalchemy.engine.Engine SELECT isb_logs.id, isb_logs.created_at, isb_logs.severity, isb_logs.category, isb_logs.message, isb_logs.actor_id, isb_logs.sector_id, isb_logs.meta 
FROM isb_logs ORDER BY isb_logs.created_at DESC 
 LIMIT $1::INTEGER
2026-09-18 11:42:12,948 INFO sqlalchemy.engine.Engine [cached since 57.33s ago] (30,)
2026-09-18 11:42:12,955 INFO sqlalchemy.engine.Engine SELECT citizens.id, citizens.discord_id, citizens.username, citizens.minecraft_uuid, citizens.role_ids, citizens.main_role_id, citizens.reputation, citizens.citizenship_date, citizens.last_login, citizens.created_at, citizens.updated_at, citizens.is_active, citizens.is_verified 
FROM citizens 
WHERE citizens.id = $1::INTEGER
2026-09-18 11:42:12,955 INFO sqlalchemy.engine.Engine [cached since 57.32s ago] (2,)
2026-09-18 11:42:12,961 INFO sqlalchemy.engine.Engine SELECT isb_sectors.id, isb_sectors.number, isb_sectors.name, isb_sectors.description, isb_sectors.center_x, isb_sectors.center_z, isb_sectors.threat_level, isb_sectors.is_active, isb_sectors.created_at 
FROM isb_sectors 
WHERE isb_sectors.id = $1::INTEGER
2026-09-18 11:42:12,962 INFO sqlalchemy.engine.Engine [cached since 57.31s ago] (1,)
2026-09-18 11:42:12,967 INFO sqlalchemy.engine.Engine SELECT citizens.id, citizens.discord_id, citizens.username, citizens.minecraft_uuid, citizens.role_ids, citizens.main_role_id, citizens.reputation, citizens.citizenship_date, citizens.last_login, citizens.created_at, citizens.updated_at, citizens.is_active, citizens.is_verified 
FROM citizens 
WHERE citizens.id = $1::INTEGER
2026-09-18 11:42:12,968 INFO sqlalchemy.engine.Engine [cached since 57.33s ago] (2,)
2026-09-18 11:42:12,974 INFO sqlalchemy.engine.Engine SELECT isb_sectors.id, isb_sectors.number, isb_sectors.name, isb_sectors.description, isb_sectors.center_x, isb_sectors.center_z, isb_sectors.threat_level, isb_sectors.is_active, isb_sectors.created_at 
FROM isb_sectors 
WHERE isb_sectors.id = $1::INTEGER
2026-09-18 11:42:12,974 INFO sqlalchemy.engine.Engine [cached since 57.33s ago] (1,)
2026-09-18 11:42:12,980 INFO sqlalchemy.engine.Engine SELECT citizens.id, citizens.discord_id, citizens.username, citizens.minecraft_uuid, citizens.role_ids, citizens.main_role_id, citizens.reputation, citizens.citizenship_date, citizens.last_login, citizens.created_at, citizens.updated_at, citizens.is_active, citizens.is_verified 
FROM citizens 
WHERE citizens.id = $1::INTEGER
2026-09-18 11:42:12,981 INFO sqlalchemy.engine.Engine [cached since 57.35s ago] (2,)
2026-09-18 11:42:12,987 INFO sqlalchemy.engine.Engine SELECT isb_sectors.id, isb_sectors.number, isb_sectors.name, isb_sectors.description, isb_sectors.center_x, isb_sectors.center_z, isb_sectors.threat_level, isb_sectors.is_active, isb_sectors.created_at 
FROM isb_sectors 
WHERE isb_sectors.id = $1::INTEGER
2026-09-18 11:42:12,987 INFO sqlalchemy.engine.Engine [cached since 57.34s ago] (10,)
INFO:     127.0.0.1:57392 - "GET /api/isb/logs?limit=30 HTTP/1.1" 200 OK
2026-09-18 11:42:12,995 INFO sqlalchemy.engine.Engine ROLLBACK
INFO:     127.0.0.1:57392 - "GET /health HTTP/1.1" 200 OK
2026-09-18 11:42:17,900 INFO sqlalchemy.engine.Engine BEGIN (implicit)
2026-09-18 11:42:17,901 INFO sqlalchemy.engine.Engine SELECT count(citizens.id) AS count_1 
FROM citizens
2026-09-18 11:42:17,901 INFO sqlalchemy.engine.Engine [cached since 66.14s ago] ()
2026-09-18 11:42:17,904 INFO sqlalchemy.engine.Engine SELECT roles.id, roles.name, roles.display_name, roles.level, roles.is_active, roles.created_at, roles.updated_at 
FROM roles ORDER BY roles.level DESC
2026-09-18 11:42:17,905 INFO sqlalchemy.engine.Engine [cached since 62.42s ago] ()
2026-09-18 11:42:17,907 INFO sqlalchemy.engine.Engine SELECT roles_1.id AS roles_1_id, permissions.id AS permissions_id, permissions.name AS permissions_name, permissions.display_name AS permissions_display_name, permissions.category AS permissions_category, permissions.is_active AS permissions_is_active, permissions.created_at AS permissions_created_at, permissions.updated_at AS permissions_updated_at 
FROM roles AS roles_1 JOIN role_permissions AS role_permissions_1 ON roles_1.id = role_permissions_1.role_id JOIN permissions ON permissions.id = role_permissions_1.permission_id 
WHERE roles_1.id IN ($1::INTEGER, $2::INTEGER, $3::INTEGER, $4::INTEGER, $5::INTEGER, $6::INTEGER, $7::INTEGER)
2026-09-18 11:42:17,907 INFO sqlalchemy.engine.Engine [cached since 62.38s ago] (2, 15, 16, 17, 18, 19, 7)
2026-09-18 11:42:17,912 INFO sqlalchemy.engine.Engine SELECT citizens.id, citizens.discord_id, citizens.username, citizens.minecraft_uuid, citizens.role_ids, citizens.main_role_id, citizens.reputation, citizens.citizenship_date, citizens.last_login, citizens.created_at, citizens.updated_at, citizens.is_active, citizens.is_verified 
FROM citizens ORDER BY citizens.citizenship_date DESC 
 LIMIT $1::INTEGER OFFSET $2::INTEGER
2026-09-18 11:42:17,912 INFO sqlalchemy.engine.Engine [cached since 62.36s ago] (10000, 0)
INFO:     127.0.0.1:57392 - "GET /api/stats HTTP/1.1" 200 OK
2026-09-18 11:42:17,914 INFO sqlalchemy.engine.Engine ROLLBACK
2026-09-18 11:42:17,922 INFO sqlalchemy.engine.Engine BEGIN (implicit)
2026-09-18 11:42:17,922 INFO sqlalchemy.engine.Engine SELECT citizens.id, citizens.discord_id, citizens.username, citizens.minecraft_uuid, citizens.role_ids, citizens.main_role_id, citizens.reputation, citizens.citizenship_date, citizens.last_login, citizens.created_at, citizens.updated_at, citizens.is_active, citizens.is_verified 
FROM citizens 
WHERE citizens.discord_id = $1::BIGINT
2026-09-18 11:42:17,922 INFO sqlalchemy.engine.Engine [cached since 63s ago] (436507782263603200,)
2026-09-18 11:42:17,925 INFO sqlalchemy.engine.Engine SELECT roles.id, roles.name, roles.display_name, roles.level, roles.is_active, roles.created_at, roles.updated_at 
FROM roles 
WHERE roles.id IN ($1::INTEGER, $2::INTEGER, $3::INTEGER)
2026-09-18 11:42:17,925 INFO sqlalchemy.engine.Engine [cached since 62.93s ago] (2, 19, 7)
2026-09-18 11:42:17,927 INFO sqlalchemy.engine.Engine SELECT permissions.id, permissions.name, permissions.display_name, permissions.category, permissions.is_active, permissions.created_at, permissions.updated_at 
FROM permissions JOIN role_permissions ON permissions.id = role_permissions.permission_id 
WHERE role_permissions.role_id = $1::INTEGER
2026-09-18 11:42:17,927 INFO sqlalchemy.engine.Engine [cached since 62.91s ago] (2,)
2026-09-18 11:42:17,929 INFO sqlalchemy.engine.Engine SELECT permissions.id, permissions.name, permissions.display_name, permissions.category, permissions.is_active, permissions.created_at, permissions.updated_at 
FROM permissions JOIN role_permissions ON permissions.id = role_permissions.permission_id 
WHERE role_permissions.role_id = $1::INTEGER
2026-09-18 11:42:17,929 INFO sqlalchemy.engine.Engine [cached since 62.91s ago] (7,)
2026-09-18 11:42:17,931 INFO sqlalchemy.engine.Engine SELECT permissions.id, permissions.name, permissions.display_name, permissions.category, permissions.is_active, permissions.created_at, permissions.updated_at 
FROM permissions JOIN role_permissions ON permissions.id = role_permissions.permission_id 
WHERE role_permissions.role_id = $1::INTEGER
2026-09-18 11:42:17,931 INFO sqlalchemy.engine.Engine [cached since 62.92s ago] (19,)
2026-09-18 11:42:17,933 INFO sqlalchemy.engine.Engine SELECT roles.id, roles.name, roles.display_name, roles.level, roles.is_active, roles.created_at, roles.updated_at 
FROM roles 
WHERE roles.id IN ($1::INTEGER, $2::INTEGER, $3::INTEGER)
2026-09-18 11:42:17,933 INFO sqlalchemy.engine.Engine [cached since 62.93s ago] (2, 19, 7)
2026-09-18 11:42:17,935 INFO sqlalchemy.engine.Engine SELECT permissions.id, permissions.name, permissions.display_name, permissions.category, permissions.is_active, permissions.created_at, permissions.updated_at 
FROM permissions JOIN role_permissions ON permissions.id = role_permissions.permission_id 
WHERE role_permissions.role_id = $1::INTEGER
2026-09-18 11:42:17,936 INFO sqlalchemy.engine.Engine [cached since 62.92s ago] (2,)
2026-09-18 11:42:17,938 INFO sqlalchemy.engine.Engine SELECT permissions.id, permissions.name, permissions.display_name, permissions.category, permissions.is_active, permissions.created_at, permissions.updated_at 
FROM permissions JOIN role_permissions ON permissions.id = role_permissions.permission_id 
WHERE role_permissions.role_id = $1::INTEGER
2026-09-18 11:42:17,938 INFO sqlalchemy.engine.Engine [cached since 62.92s ago] (7,)
2026-09-18 11:42:17,940 INFO sqlalchemy.engine.Engine SELECT permissions.id, permissions.name, permissions.display_name, permissions.category, permissions.is_active, permissions.created_at, permissions.updated_at 
FROM permissions JOIN role_permissions ON permissions.id = role_permissions.permission_id 
WHERE role_permissions.role_id = $1::INTEGER
2026-09-18 11:42:17,940 INFO sqlalchemy.engine.Engine [cached since 62.93s ago] (19,)
2026-09-18 11:42:17,943 INFO sqlalchemy.engine.Engine SELECT algorithms.id, algorithms.number, algorithms.title, algorithms.description, algorithms.task_type, algorithms.scope, algorithms.status, algorithms.deadline, algorithms.reward_reputation, algorithms.created_by, algorithms.max_participants, algorithms.created_at, algorithms.updated_at 
FROM algorithms ORDER BY algorithms.created_at DESC 
 LIMIT $1::INTEGER OFFSET $2::INTEGER
2026-09-18 11:42:17,943 INFO sqlalchemy.engine.Engine [cached since 62.21s ago] (200, 0)
INFO:     127.0.0.1:57392 - "GET /api/algorithms HTTP/1.1" 200 OK
2026-09-18 11:42:17,945 INFO sqlalchemy.engine.Engine ROLLBACK
2026-09-18 11:42:17,952 INFO sqlalchemy.engine.Engine BEGIN (implicit)
2026-09-18 11:42:17,953 INFO sqlalchemy.engine.Engine SELECT citizens.id, citizens.discord_id, citizens.username, citizens.minecraft_uuid, citizens.role_ids, citizens.main_role_id, citizens.reputation, citizens.citizenship_date, citizens.last_login, citizens.created_at, citizens.updated_at, citizens.is_active, citizens.is_verified 
FROM citizens 
WHERE citizens.username ILIKE $1::VARCHAR OR citizens.minecraft_uuid ILIKE $2::VARCHAR 
 LIMIT $3::INTEGER
2026-09-18 11:42:17,953 INFO sqlalchemy.engine.Engine [cached since 62.19s ago] ('%test%', '%test%', 10)
2026-09-18 11:42:17,955 INFO sqlalchemy.engine.Engine SELECT roles.id, roles.name, roles.display_name, roles.level, roles.is_active, roles.created_at, roles.updated_at 
FROM roles 
WHERE roles.name ILIKE $1::VARCHAR OR roles.display_name ILIKE $2::VARCHAR 
 LIMIT $3::INTEGER
2026-09-18 11:42:17,956 INFO sqlalchemy.engine.Engine [cached since 62.18s ago] ('%test%', '%test%', 5)
2026-09-18 11:42:17,958 INFO sqlalchemy.engine.Engine SELECT isb_awards.id, isb_awards.name, isb_awards.display_name, isb_awards.description, isb_awards.icon, isb_awards.rarity, isb_awards.category, isb_awards.is_active, isb_awards.created_at 
FROM isb_awards 
WHERE isb_awards.name ILIKE $1::VARCHAR OR isb_awards.display_name ILIKE $2::VARCHAR OR isb_awards.description ILIKE $3::VARCHAR 
 LIMIT $4::INTEGER
2026-09-18 11:42:17,958 INFO sqlalchemy.engine.Engine [cached since 62.15s ago] ('%test%', '%test%', '%test%', 5)
2026-09-18 11:42:17,963 INFO sqlalchemy.engine.Engine SELECT isb_employees.id, isb_employees.citizen_id, isb_employees.service_number, isb_employees.rank_name, isb_employees.rank_short, isb_employees.branch, isb_employees.level, isb_employees.access_level, isb_employees.position, isb_employees.enlisted_at, isb_employees.promoted_at, isb_employees.discharged_at, isb_employees.is_active, isb_employees.can_arrest, isb_employees.can_conduct_searches, isb_employees.can_issue_warrants, isb_employees.can_command, isb_employees.notes, isb_employees.created_at, isb_employees.updated_at 
FROM isb_employees 
WHERE isb_employees.service_number ILIKE $1::VARCHAR OR isb_employees.rank_name ILIKE $2::VARCHAR OR isb_employees.position ILIKE $3::VARCHAR 
 LIMIT $4::INTEGER
2026-09-18 11:42:17,963 INFO sqlalchemy.engine.Engine [cached since 62.15s ago] ('%test%', '%test%', '%test%', 10)
INFO:     127.0.0.1:57392 - "GET /api/search?q=test HTTP/1.1" 200 OK
2026-09-18 11:42:17,967 INFO sqlalchemy.engine.Engine ROLLBACK
2026-09-18 11:42:17,977 INFO sqlalchemy.engine.Engine BEGIN (implicit)
2026-09-18 11:42:17,978 INFO sqlalchemy.engine.Engine SELECT citizens.id, citizens.discord_id, citizens.username, citizens.minecraft_uuid, citizens.role_ids, citizens.main_role_id, citizens.reputation, citizens.citizenship_date, citizens.last_login, citizens.created_at, citizens.updated_at, citizens.is_active, citizens.is_verified 
FROM citizens 
WHERE citizens.discord_id = $1::BIGINT
2026-09-18 11:42:17,978 INFO sqlalchemy.engine.Engine [cached since 63.06s ago] (436507782263603200,)
2026-09-18 11:42:17,980 INFO sqlalchemy.engine.Engine SELECT roles.id, roles.name, roles.display_name, roles.level, roles.is_active, roles.created_at, roles.updated_at 
FROM roles 
WHERE roles.id IN ($1::INTEGER, $2::INTEGER, $3::INTEGER)
2026-09-18 11:42:17,980 INFO sqlalchemy.engine.Engine [cached since 62.98s ago] (2, 19, 7)
2026-09-18 11:42:17,982 INFO sqlalchemy.engine.Engine SELECT permissions.id, permissions.name, permissions.display_name, permissions.category, permissions.is_active, permissions.created_at, permissions.updated_at 
FROM permissions JOIN role_permissions ON permissions.id = role_permissions.permission_id 
WHERE role_permissions.role_id = $1::INTEGER
2026-09-18 11:42:17,983 INFO sqlalchemy.engine.Engine [cached since 62.97s ago] (2,)
2026-09-18 11:42:17,985 INFO sqlalchemy.engine.Engine SELECT permissions.id, permissions.name, permissions.display_name, permissions.category, permissions.is_active, permissions.created_at, permissions.updated_at 
FROM permissions JOIN role_permissions ON permissions.id = role_permissions.permission_id 
WHERE role_permissions.role_id = $1::INTEGER
2026-09-18 11:42:17,985 INFO sqlalchemy.engine.Engine [cached since 62.97s ago] (7,)
2026-09-18 11:42:17,988 INFO sqlalchemy.engine.Engine SELECT permissions.id, permissions.name, permissions.display_name, permissions.category, permissions.is_active, permissions.created_at, permissions.updated_at 
FROM permissions JOIN role_permissions ON permissions.id = role_permissions.permission_id 
WHERE role_permissions.role_id = $1::INTEGER
2026-09-18 11:42:17,988 INFO sqlalchemy.engine.Engine [cached since 62.97s ago] (19,)
2026-09-18 11:42:17,991 INFO sqlalchemy.engine.Engine SELECT roles.id, roles.name, roles.display_name, roles.level, roles.is_active, roles.created_at, roles.updated_at 
FROM roles 
WHERE roles.id IN ($1::INTEGER, $2::INTEGER, $3::INTEGER)
2026-09-18 11:42:17,991 INFO sqlalchemy.engine.Engine [cached since 62.99s ago] (2, 19, 7)
2026-09-18 11:42:17,994 INFO sqlalchemy.engine.Engine SELECT permissions.id, permissions.name, permissions.display_name, permissions.category, permissions.is_active, permissions.created_at, permissions.updated_at 
FROM permissions JOIN role_permissions ON permissions.id = role_permissions.permission_id 
WHERE role_permissions.role_id = $1::INTEGER
2026-09-18 11:42:17,995 INFO sqlalchemy.engine.Engine [cached since 62.98s ago] (2,)
2026-09-18 11:42:17,997 INFO sqlalchemy.engine.Engine SELECT permissions.id, permissions.name, permissions.display_name, permissions.category, permissions.is_active, permissions.created_at, permissions.updated_at 
FROM permissions JOIN role_permissions ON permissions.id = role_permissions.permission_id 
WHERE role_permissions.role_id = $1::INTEGER
2026-09-18 11:42:17,997 INFO sqlalchemy.engine.Engine [cached since 62.98s ago] (7,)
2026-09-18 11:42:17,999 INFO sqlalchemy.engine.Engine SELECT permissions.id, permissions.name, permissions.display_name, permissions.category, permissions.is_active, permissions.created_at, permissions.updated_at 
FROM permissions JOIN role_permissions ON permissions.id = role_permissions.permission_id 
WHERE role_permissions.role_id = $1::INTEGER
2026-09-18 11:42:17,999 INFO sqlalchemy.engine.Engine [cached since 62.98s ago] (19,)
2026-09-18 11:42:18,001 INFO sqlalchemy.engine.Engine SELECT algorithms.id, algorithms.number, algorithms.title, algorithms.description, algorithms.task_type, algorithms.scope, algorithms.status, algorithms.deadline, algorithms.reward_reputation, algorithms.created_by, algorithms.max_participants, algorithms.created_at, algorithms.updated_at 
FROM algorithms ORDER BY algorithms.created_at DESC 
 LIMIT $1::INTEGER OFFSET $2::INTEGER
2026-09-18 11:42:18,002 INFO sqlalchemy.engine.Engine [cached since 62.27s ago] (200, 0)
INFO:     127.0.0.1:57392 - "GET /api/algorithms HTTP/1.1" 200 OK
2026-09-18 11:42:18,005 INFO sqlalchemy.engine.Engine ROLLBACK
2026-09-18 11:42:22,897 INFO sqlalchemy.engine.Engine BEGIN (implicit)
2026-09-18 11:42:22,900 INFO sqlalchemy.engine.Engine SELECT citizens.id, citizens.discord_id, citizens.username, citizens.minecraft_uuid, citizens.role_ids, citizens.main_role_id, citizens.reputation, citizens.citizenship_date, citizens.last_login, citizens.created_at, citizens.updated_at, citizens.is_active, citizens.is_verified 
FROM citizens 
WHERE citizens.discord_id = $1::BIGINT
2026-09-18 11:42:22,900 INFO sqlalchemy.engine.Engine [cached since 67.98s ago] (436507782263603200,)
2026-09-18 11:42:22,909 INFO sqlalchemy.engine.Engine SELECT roles.id, roles.name, roles.display_name, roles.level, roles.is_active, roles.created_at, roles.updated_at 
FROM roles 
WHERE roles.id IN ($1::INTEGER, $2::INTEGER, $3::INTEGER)
2026-09-18 11:42:22,910 INFO sqlalchemy.engine.Engine [cached since 67.91s ago] (2, 19, 7)
2026-09-18 11:42:22,916 INFO sqlalchemy.engine.Engine SELECT permissions.id, permissions.name, permissions.display_name, permissions.category, permissions.is_active, permissions.created_at, permissions.updated_at 
FROM permissions JOIN role_permissions ON permissions.id = role_permissions.permission_id 
WHERE role_permissions.role_id = $1::INTEGER
2026-09-18 11:42:22,917 INFO sqlalchemy.engine.Engine [cached since 67.9s ago] (2,)
2026-09-18 11:42:22,926 INFO sqlalchemy.engine.Engine SELECT permissions.id, permissions.name, permissions.display_name, permissions.category, permissions.is_active, permissions.created_at, permissions.updated_at 
FROM permissions JOIN role_permissions ON permissions.id = role_permissions.permission_id 
WHERE role_permissions.role_id = $1::INTEGER
2026-09-18 11:42:22,927 INFO sqlalchemy.engine.Engine [cached since 67.91s ago] (7,)
2026-09-18 11:42:22,936 INFO sqlalchemy.engine.Engine SELECT permissions.id, permissions.name, permissions.display_name, permissions.category, permissions.is_active, permissions.created_at, permissions.updated_at 
FROM permissions JOIN role_permissions ON permissions.id = role_permissions.permission_id 
WHERE role_permissions.role_id = $1::INTEGER
2026-09-18 11:42:22,937 INFO sqlalchemy.engine.Engine [cached since 67.92s ago] (19,)
2026-09-18 11:42:22,946 INFO sqlalchemy.engine.Engine SELECT isb_logs.id, isb_logs.created_at, isb_logs.severity, isb_logs.category, isb_logs.message, isb_logs.actor_id, isb_logs.sector_id, isb_logs.meta 
FROM isb_logs ORDER BY isb_logs.created_at DESC 
 LIMIT $1::INTEGER
2026-09-18 11:42:22,947 INFO sqlalchemy.engine.Engine [cached since 67.33s ago] (30,)
2026-09-18 11:42:22,955 INFO sqlalchemy.engine.Engine SELECT citizens.id, citizens.discord_id, citizens.username, citizens.minecraft_uuid, citizens.role_ids, citizens.main_role_id, citizens.reputation, citizens.citizenship_date, citizens.last_login, citizens.created_at, citizens.updated_at, citizens.is_active, citizens.is_verified 
FROM citizens 
WHERE citizens.id = $1::INTEGER
2026-09-18 11:42:22,956 INFO sqlalchemy.engine.Engine [cached since 67.32s ago] (2,)
2026-09-18 11:42:22,961 INFO sqlalchemy.engine.Engine SELECT isb_sectors.id, isb_sectors.number, isb_sectors.name, isb_sectors.description, isb_sectors.center_x, isb_sectors.center_z, isb_sectors.threat_level, isb_sectors.is_active, isb_sectors.created_at 
FROM isb_sectors 
WHERE isb_sectors.id = $1::INTEGER
2026-09-18 11:42:22,962 INFO sqlalchemy.engine.Engine [cached since 67.31s ago] (1,)
2026-09-18 11:42:22,964 INFO sqlalchemy.engine.Engine SELECT citizens.id, citizens.discord_id, citizens.username, citizens.minecraft_uuid, citizens.role_ids, citizens.main_role_id, citizens.reputation, citizens.citizenship_date, citizens.last_login, citizens.created_at, citizens.updated_at, citizens.is_active, citizens.is_verified 
FROM citizens 
WHERE citizens.id = $1::INTEGER
2026-09-18 11:42:22,964 INFO sqlalchemy.engine.Engine [cached since 67.33s ago] (2,)
2026-09-18 11:42:22,966 INFO sqlalchemy.engine.Engine SELECT isb_sectors.id, isb_sectors.number, isb_sectors.name, isb_sectors.description, isb_sectors.center_x, isb_sectors.center_z, isb_sectors.threat_level, isb_sectors.is_active, isb_sectors.created_at 
FROM isb_sectors 
WHERE isb_sectors.id = $1::INTEGER
2026-09-18 11:42:22,966 INFO sqlalchemy.engine.Engine [cached since 67.32s ago] (1,)
2026-09-18 11:42:22,968 INFO sqlalchemy.engine.Engine SELECT citizens.id, citizens.discord_id, citizens.username, citizens.minecraft_uuid, citizens.role_ids, citizens.main_role_id, citizens.reputation, citizens.citizenship_date, citizens.last_login, citizens.created_at, citizens.updated_at, citizens.is_active, citizens.is_verified 
FROM citizens 
WHERE citizens.id = $1::INTEGER
2026-09-18 11:42:22,968 INFO sqlalchemy.engine.Engine [cached since 67.33s ago] (2,)
2026-09-18 11:42:22,969 INFO sqlalchemy.engine.Engine SELECT isb_sectors.id, isb_sectors.number, isb_sectors.name, isb_sectors.description, isb_sectors.center_x, isb_sectors.center_z, isb_sectors.threat_level, isb_sectors.is_active, isb_sectors.created_at 
FROM isb_sectors 
WHERE isb_sectors.id = $1::INTEGER
2026-09-18 11:42:22,970 INFO sqlalchemy.engine.Engine [cached since 67.32s ago] (10,)
INFO:     127.0.0.1:57392 - "GET /api/isb/logs?limit=30 HTTP/1.1" 200 OK
2026-09-18 11:42:22,973 INFO sqlalchemy.engine.Engine ROLLBACK
2026-09-18 11:42:32,920 INFO sqlalchemy.engine.Engine BEGIN (implicit)
2026-09-18 11:42:32,921 INFO sqlalchemy.engine.Engine SELECT citizens.id, citizens.discord_id, citizens.username, citizens.minecraft_uuid, citizens.role_ids, citizens.main_role_id, citizens.reputation, citizens.citizenship_date, citizens.last_login, citizens.created_at, citizens.updated_at, citizens.is_active, citizens.is_verified 
FROM citizens 
WHERE citizens.discord_id = $1::BIGINT
2026-09-18 11:42:32,921 INFO sqlalchemy.engine.Engine [cached since 78s ago] (436507782263603200,)
2026-09-18 11:42:32,925 INFO sqlalchemy.engine.Engine BEGIN (implicit)
2026-09-18 11:42:32,926 INFO sqlalchemy.engine.Engine SELECT citizens.id, citizens.discord_id, citizens.username, citizens.minecraft_uuid, citizens.role_ids, citizens.main_role_id, citizens.reputation, citizens.citizenship_date, citizens.last_login, citizens.created_at, citizens.updated_at, citizens.is_active, citizens.is_verified 
FROM citizens 
WHERE citizens.discord_id = $1::BIGINT
2026-09-18 11:42:32,926 INFO sqlalchemy.engine.Engine [cached since 78s ago] (436507782263603200,)
2026-09-18 11:42:32,931 INFO sqlalchemy.engine.Engine BEGIN (implicit)
2026-09-18 11:42:32,931 INFO sqlalchemy.engine.Engine SELECT citizens.id, citizens.discord_id, citizens.username, citizens.minecraft_uuid, citizens.role_ids, citizens.main_role_id, citizens.reputation, citizens.citizenship_date, citizens.last_login, citizens.created_at, citizens.updated_at, citizens.is_active, citizens.is_verified 
FROM citizens 
WHERE citizens.discord_id = $1::BIGINT
2026-09-18 11:42:32,932 INFO sqlalchemy.engine.Engine [cached since 78.01s ago] (436507782263603200,)
INFO:     127.0.0.1:57412 - "GET /health HTTP/1.1" 200 OK
2026-09-18 11:42:32,936 INFO sqlalchemy.engine.Engine BEGIN (implicit)
2026-09-18 11:42:32,936 INFO sqlalchemy.engine.Engine SELECT citizens.id, citizens.discord_id, citizens.username, citizens.minecraft_uuid, citizens.role_ids, citizens.main_role_id, citizens.reputation, citizens.citizenship_date, citizens.last_login, citizens.created_at, citizens.updated_at, citizens.is_active, citizens.is_verified 
FROM citizens 
WHERE citizens.discord_id = $1::BIGINT
2026-09-18 11:42:32,937 INFO sqlalchemy.engine.Engine [cached since 78.01s ago] (436507782263603200,)
2026-09-18 11:42:32,943 INFO sqlalchemy.engine.Engine SELECT roles.id, roles.name, roles.display_name, roles.level, roles.is_active, roles.created_at, roles.updated_at 
FROM roles 
WHERE roles.id IN ($1::INTEGER, $2::INTEGER, $3::INTEGER)
2026-09-18 11:42:32,943 INFO sqlalchemy.engine.Engine [cached since 77.94s ago] (2, 19, 7)
2026-09-18 11:42:32,948 INFO sqlalchemy.engine.Engine SELECT roles.id, roles.name, roles.display_name, roles.level, roles.is_active, roles.created_at, roles.updated_at 
FROM roles 
WHERE roles.id IN ($1::INTEGER, $2::INTEGER, $3::INTEGER)
2026-09-18 11:42:32,949 INFO sqlalchemy.engine.Engine [cached since 77.95s ago] (2, 19, 7)
2026-09-18 11:42:32,953 INFO sqlalchemy.engine.Engine SELECT roles.id, roles.name, roles.display_name, roles.level, roles.is_active, roles.created_at, roles.updated_at 
FROM roles 
WHERE roles.id IN ($1::INTEGER, $2::INTEGER, $3::INTEGER)
2026-09-18 11:42:32,953 INFO sqlalchemy.engine.Engine [cached since 77.95s ago] (2, 19, 7)
2026-09-18 11:42:32,957 INFO sqlalchemy.engine.Engine SELECT isb_employees.id, isb_employees.citizen_id, isb_employees.service_number, isb_employees.rank_name, isb_employees.rank_short, isb_employees.branch, isb_employees.level, isb_employees.access_level, isb_employees.position, isb_employees.enlisted_at, isb_employees.promoted_at, isb_employees.discharged_at, isb_employees.is_active, isb_employees.can_arrest, isb_employees.can_conduct_searches, isb_employees.can_issue_warrants, isb_employees.can_command, isb_employees.notes, isb_employees.created_at, isb_employees.updated_at 
FROM isb_employees 
WHERE isb_employees.citizen_id = $1::INTEGER
2026-09-18 11:42:32,958 INFO sqlalchemy.engine.Engine [cached since 77.97s ago] (2,)
2026-09-18 11:42:32,963 INFO sqlalchemy.engine.Engine SELECT permissions.id, permissions.name, permissions.display_name, permissions.category, permissions.is_active, permissions.created_at, permissions.updated_at 
FROM permissions JOIN role_permissions ON permissions.id = role_permissions.permission_id 
WHERE role_permissions.role_id = $1::INTEGER
2026-09-18 11:42:32,963 INFO sqlalchemy.engine.Engine [cached since 77.95s ago] (2,)
2026-09-18 11:42:32,969 INFO sqlalchemy.engine.Engine BEGIN (implicit)
2026-09-18 11:42:32,970 INFO sqlalchemy.engine.Engine SELECT count(citizens.id) AS count_1 
FROM citizens
2026-09-18 11:42:32,970 INFO sqlalchemy.engine.Engine [cached since 81.21s ago] ()
2026-09-18 11:42:32,973 INFO sqlalchemy.engine.Engine SELECT permissions.id, permissions.name, permissions.display_name, permissions.category, permissions.is_active, permissions.created_at, permissions.updated_at 
FROM permissions JOIN role_permissions ON permissions.id = role_permissions.permission_id 
WHERE role_permissions.role_id = $1::INTEGER
2026-09-18 11:42:32,974 INFO sqlalchemy.engine.Engine [cached since 77.96s ago] (2,)
2026-09-18 11:42:32,977 INFO sqlalchemy.engine.Engine SELECT permissions.id, permissions.name, permissions.display_name, permissions.category, permissions.is_active, permissions.created_at, permissions.updated_at 
FROM permissions JOIN role_permissions ON permissions.id = role_permissions.permission_id 
WHERE role_permissions.role_id = $1::INTEGER
2026-09-18 11:42:32,977 INFO sqlalchemy.engine.Engine [cached since 77.96s ago] (2,)
INFO:     127.0.0.1:57416 - "GET /api/isb/me/access HTTP/1.1" 200 OK
2026-09-18 11:42:32,979 INFO sqlalchemy.engine.Engine ROLLBACK
2026-09-18 11:42:32,981 INFO sqlalchemy.engine.Engine SELECT permissions.id, permissions.name, permissions.display_name, permissions.category, permissions.is_active, permissions.created_at, permissions.updated_at 
FROM permissions JOIN role_permissions ON permissions.id = role_permissions.permission_id 
WHERE role_permissions.role_id = $1::INTEGER
2026-09-18 11:42:32,982 INFO sqlalchemy.engine.Engine [cached since 77.97s ago] (7,)
2026-09-18 11:42:32,984 INFO sqlalchemy.engine.Engine SELECT permissions.id, permissions.name, permissions.display_name, permissions.category, permissions.is_active, permissions.created_at, permissions.updated_at 
FROM permissions JOIN role_permissions ON permissions.id = role_permissions.permission_id 
WHERE role_permissions.role_id = $1::INTEGER
2026-09-18 11:42:32,984 INFO sqlalchemy.engine.Engine [cached since 77.97s ago] (7,)
2026-09-18 11:42:32,985 INFO sqlalchemy.engine.Engine SELECT permissions.id, permissions.name, permissions.display_name, permissions.category, permissions.is_active, permissions.created_at, permissions.updated_at 
FROM permissions JOIN role_permissions ON permissions.id = role_permissions.permission_id 
WHERE role_permissions.role_id = $1::INTEGER
2026-09-18 11:42:32,986 INFO sqlalchemy.engine.Engine [cached since 77.97s ago] (7,)
2026-09-18 11:42:32,987 INFO sqlalchemy.engine.Engine SELECT permissions.id, permissions.name, permissions.display_name, permissions.category, permissions.is_active, permissions.created_at, permissions.updated_at 
FROM permissions JOIN role_permissions ON permissions.id = role_permissions.permission_id 
WHERE role_permissions.role_id = $1::INTEGER
2026-09-18 11:42:32,987 INFO sqlalchemy.engine.Engine [cached since 77.97s ago] (19,)
2026-09-18 11:42:32,989 INFO sqlalchemy.engine.Engine SELECT roles.id, roles.name, roles.display_name, roles.level, roles.is_active, roles.created_at, roles.updated_at 
FROM roles ORDER BY roles.level DESC
2026-09-18 11:42:32,990 INFO sqlalchemy.engine.Engine [cached since 77.5s ago] ()
2026-09-18 11:42:32,992 INFO sqlalchemy.engine.Engine SELECT permissions.id, permissions.name, permissions.display_name, permissions.category, permissions.is_active, permissions.created_at, permissions.updated_at 
FROM permissions JOIN role_permissions ON permissions.id = role_permissions.permission_id 
WHERE role_permissions.role_id = $1::INTEGER
2026-09-18 11:42:32,993 INFO sqlalchemy.engine.Engine [cached since 77.98s ago] (19,)
2026-09-18 11:42:32,994 INFO sqlalchemy.engine.Engine SELECT permissions.id, permissions.name, permissions.display_name, permissions.category, permissions.is_active, permissions.created_at, permissions.updated_at 
FROM permissions JOIN role_permissions ON permissions.id = role_permissions.permission_id 
WHERE role_permissions.role_id = $1::INTEGER
2026-09-18 11:42:32,994 INFO sqlalchemy.engine.Engine [cached since 77.98s ago] (19,)
2026-09-18 11:42:32,997 INFO sqlalchemy.engine.Engine SELECT isb_employees.id, isb_employees.citizen_id, isb_employees.service_number, isb_employees.rank_name, isb_employees.rank_short, isb_employees.branch, isb_employees.level, isb_employees.access_level, isb_employees.position, isb_employees.enlisted_at, isb_employees.promoted_at, isb_employees.discharged_at, isb_employees.is_active, isb_employees.can_arrest, isb_employees.can_conduct_searches, isb_employees.can_issue_warrants, isb_employees.can_command, isb_employees.notes, isb_employees.created_at, isb_employees.updated_at 
FROM isb_employees ORDER BY isb_employees.level DESC
2026-09-18 11:42:32,997 INFO sqlalchemy.engine.Engine [cached since 77.58s ago] ()
2026-09-18 11:42:32,999 INFO sqlalchemy.engine.Engine SELECT roles_1.id AS roles_1_id, permissions.id AS permissions_id, permissions.name AS permissions_name, permissions.display_name AS permissions_display_name, permissions.category AS permissions_category, permissions.is_active AS permissions_is_active, permissions.created_at AS permissions_created_at, permissions.updated_at AS permissions_updated_at 
FROM roles AS roles_1 JOIN role_permissions AS role_permissions_1 ON roles_1.id = role_permissions_1.role_id JOIN permissions ON permissions.id = role_permissions_1.permission_id 
WHERE roles_1.id IN ($1::INTEGER, $2::INTEGER, $3::INTEGER, $4::INTEGER, $5::INTEGER, $6::INTEGER, $7::INTEGER)
2026-09-18 11:42:32,999 INFO sqlalchemy.engine.Engine [cached since 77.48s ago] (2, 15, 16, 17, 18, 19, 7)
2026-09-18 11:42:33,001 INFO sqlalchemy.engine.Engine SELECT isb_logs.id, isb_logs.created_at, isb_logs.severity, isb_logs.category, isb_logs.message, isb_logs.actor_id, isb_logs.sector_id, isb_logs.meta 
FROM isb_logs ORDER BY isb_logs.created_at DESC 
 LIMIT $1::INTEGER
2026-09-18 11:42:33,002 INFO sqlalchemy.engine.Engine [cached since 77.38s ago] (30,)
2026-09-18 11:42:33,003 INFO sqlalchemy.engine.Engine SELECT isb_sectors.id, isb_sectors.number, isb_sectors.name, isb_sectors.description, isb_sectors.center_x, isb_sectors.center_z, isb_sectors.threat_level, isb_sectors.is_active, isb_sectors.created_at 
FROM isb_sectors ORDER BY isb_sectors.number
2026-09-18 11:42:33,003 INFO sqlalchemy.engine.Engine [cached since 77.38s ago] ()
2026-09-18 11:42:33,005 INFO sqlalchemy.engine.Engine SELECT citizens.id, citizens.discord_id, citizens.username, citizens.minecraft_uuid, citizens.role_ids, citizens.main_role_id, citizens.reputation, citizens.citizenship_date, citizens.last_login, citizens.created_at, citizens.updated_at, citizens.is_active, citizens.is_verified 
FROM citizens 
WHERE citizens.id IN ($1::INTEGER, $2::INTEGER)
2026-09-18 11:42:33,005 INFO sqlalchemy.engine.Engine [cached since 77.55s ago] (2, 4)
2026-09-18 11:42:33,008 INFO sqlalchemy.engine.Engine SELECT citizens.id, citizens.discord_id, citizens.username, citizens.minecraft_uuid, citizens.role_ids, citizens.main_role_id, citizens.reputation, citizens.citizenship_date, citizens.last_login, citizens.created_at, citizens.updated_at, citizens.is_active, citizens.is_verified 
FROM citizens ORDER BY citizens.citizenship_date DESC 
 LIMIT $1::INTEGER OFFSET $2::INTEGER
2026-09-18 11:42:33,008 INFO sqlalchemy.engine.Engine [cached since 77.45s ago] (10000, 0)
2026-09-18 11:42:33,010 INFO sqlalchemy.engine.Engine SELECT citizens.id, citizens.discord_id, citizens.username, citizens.minecraft_uuid, citizens.role_ids, citizens.main_role_id, citizens.reputation, citizens.citizenship_date, citizens.last_login, citizens.created_at, citizens.updated_at, citizens.is_active, citizens.is_verified 
FROM citizens 
WHERE citizens.id = $1::INTEGER
2026-09-18 11:42:33,010 INFO sqlalchemy.engine.Engine [cached since 77.37s ago] (2,)
2026-09-18 11:42:33,012 INFO sqlalchemy.engine.Engine SELECT isb_sector_assignments.id, isb_sector_assignments.sector_id, isb_sector_assignments.employee_id, isb_sector_assignments.assigned_at, isb_sector_assignments.is_leader, isb_sector_assignments.notes 
FROM isb_sector_assignments 
WHERE isb_sector_assignments.sector_id = $1::INTEGER
2026-09-18 11:42:33,012 INFO sqlalchemy.engine.Engine [cached since 77.37s ago] (1,)
INFO:     127.0.0.1:57400 - "GET /api/admin/isb/employees HTTP/1.1" 200 OK
2026-09-18 11:42:33,014 INFO sqlalchemy.engine.Engine ROLLBACK
INFO:     127.0.0.1:57412 - "GET /api/stats HTTP/1.1" 200 OK
2026-09-18 11:42:33,016 INFO sqlalchemy.engine.Engine ROLLBACK
2026-09-18 11:42:33,018 INFO sqlalchemy.engine.Engine SELECT isb_sectors.id, isb_sectors.number, isb_sectors.name, isb_sectors.description, isb_sectors.center_x, isb_sectors.center_z, isb_sectors.threat_level, isb_sectors.is_active, isb_sectors.created_at 
FROM isb_sectors 
WHERE isb_sectors.id = $1::INTEGER
2026-09-18 11:42:33,018 INFO sqlalchemy.engine.Engine [cached since 77.37s ago] (1,)
2026-09-18 11:42:33,020 INFO sqlalchemy.engine.Engine SELECT isb_employees.id, isb_employees.citizen_id, isb_employees.service_number, isb_employees.rank_name, isb_employees.rank_short, isb_employees.branch, isb_employees.level, isb_employees.access_level, isb_employees.position, isb_employees.enlisted_at, isb_employees.promoted_at, isb_employees.discharged_at, isb_employees.is_active, isb_employees.can_arrest, isb_employees.can_conduct_searches, isb_employees.can_issue_warrants, isb_employees.can_command, isb_employees.notes, isb_employees.created_at, isb_employees.updated_at 
FROM isb_employees 
WHERE isb_employees.id = $1::INTEGER
2026-09-18 11:42:33,021 INFO sqlalchemy.engine.Engine [cached since 77.36s ago] (2,)
2026-09-18 11:42:33,025 INFO sqlalchemy.engine.Engine SELECT citizens.id, citizens.discord_id, citizens.username, citizens.minecraft_uuid, citizens.role_ids, citizens.main_role_id, citizens.reputation, citizens.citizenship_date, citizens.last_login, citizens.created_at, citizens.updated_at, citizens.is_active, citizens.is_verified 
FROM citizens 
WHERE citizens.id = $1::INTEGER
2026-09-18 11:42:33,026 INFO sqlalchemy.engine.Engine [cached since 77.39s ago] (2,)
2026-09-18 11:42:33,028 INFO sqlalchemy.engine.Engine SELECT citizens.id, citizens.discord_id, citizens.username, citizens.minecraft_uuid, citizens.role_ids, citizens.main_role_id, citizens.reputation, citizens.citizenship_date, citizens.last_login, citizens.created_at, citizens.updated_at, citizens.is_active, citizens.is_verified 
FROM citizens 
WHERE citizens.id = $1::INTEGER
2026-09-18 11:42:33,028 INFO sqlalchemy.engine.Engine [cached since 77.39s ago] (4,)
2026-09-18 11:42:33,031 INFO sqlalchemy.engine.Engine BEGIN (implicit)
2026-09-18 11:42:33,032 INFO sqlalchemy.engine.Engine SELECT citizens.id, citizens.discord_id, citizens.username, citizens.minecraft_uuid, citizens.role_ids, citizens.main_role_id, citizens.reputation, citizens.citizenship_date, citizens.last_login, citizens.created_at, citizens.updated_at, citizens.is_active, citizens.is_verified 
FROM citizens 
WHERE citizens.discord_id = $1::BIGINT
2026-09-18 11:42:33,032 INFO sqlalchemy.engine.Engine [cached since 78.11s ago] (436507782263603200,)
2026-09-18 11:42:33,034 INFO sqlalchemy.engine.Engine SELECT isb_employees.id, isb_employees.citizen_id, isb_employees.service_number, isb_employees.rank_name, isb_employees.rank_short, isb_employees.branch, isb_employees.level, isb_employees.access_level, isb_employees.position, isb_employees.enlisted_at, isb_employees.promoted_at, isb_employees.discharged_at, isb_employees.is_active, isb_employees.can_arrest, isb_employees.can_conduct_searches, isb_employees.can_issue_warrants, isb_employees.can_command, isb_employees.notes, isb_employees.created_at, isb_employees.updated_at 
FROM isb_employees 
WHERE isb_employees.id = $1::INTEGER
2026-09-18 11:42:33,034 INFO sqlalchemy.engine.Engine [cached since 77.38s ago] (1,)
2026-09-18 11:42:33,036 INFO sqlalchemy.engine.Engine SELECT isb_sectors.id, isb_sectors.number, isb_sectors.name, isb_sectors.description, isb_sectors.center_x, isb_sectors.center_z, isb_sectors.threat_level, isb_sectors.is_active, isb_sectors.created_at 
FROM isb_sectors 
WHERE isb_sectors.id = $1::INTEGER
2026-09-18 11:42:33,036 INFO sqlalchemy.engine.Engine [cached since 77.39s ago] (1,)
2026-09-18 11:42:33,039 INFO sqlalchemy.engine.Engine BEGIN (implicit)
2026-09-18 11:42:33,040 INFO sqlalchemy.engine.Engine SELECT isb_awards.id, isb_awards.name, isb_awards.display_name, isb_awards.description, isb_awards.icon, isb_awards.rarity, isb_awards.category, isb_awards.is_active, isb_awards.created_at 
FROM isb_awards 
WHERE isb_awards.is_active = true ORDER BY isb_awards.rarity, isb_awards.display_name
2026-09-18 11:42:33,040 INFO sqlalchemy.engine.Engine [cached since 77.54s ago] ()
2026-09-18 11:42:33,042 INFO sqlalchemy.engine.Engine SELECT citizens.id, citizens.discord_id, citizens.username, citizens.minecraft_uuid, citizens.role_ids, citizens.main_role_id, citizens.reputation, citizens.citizenship_date, citizens.last_login, citizens.created_at, citizens.updated_at, citizens.is_active, citizens.is_verified 
FROM citizens 
WHERE citizens.id = $1::INTEGER
2026-09-18 11:42:33,042 INFO sqlalchemy.engine.Engine [cached since 77.41s ago] (2,)
2026-09-18 11:42:33,044 INFO sqlalchemy.engine.Engine SELECT citizens.id, citizens.discord_id, citizens.username, citizens.minecraft_uuid, citizens.role_ids, citizens.main_role_id, citizens.reputation, citizens.citizenship_date, citizens.last_login, citizens.created_at, citizens.updated_at, citizens.is_active, citizens.is_verified 
FROM citizens 
WHERE citizens.id = $1::INTEGER
2026-09-18 11:42:33,044 INFO sqlalchemy.engine.Engine [cached since 77.41s ago] (2,)
2026-09-18 11:42:33,047 INFO sqlalchemy.engine.Engine SELECT roles.id, roles.name, roles.display_name, roles.level, roles.is_active, roles.created_at, roles.updated_at 
FROM roles 
WHERE roles.id IN ($1::INTEGER, $2::INTEGER, $3::INTEGER)
2026-09-18 11:42:33,048 INFO sqlalchemy.engine.Engine [cached since 78.05s ago] (2, 19, 7)
2026-09-18 11:42:33,050 INFO sqlalchemy.engine.Engine SELECT isb_sector_assignments.id, isb_sector_assignments.sector_id, isb_sector_assignments.employee_id, isb_sector_assignments.assigned_at, isb_sector_assignments.is_leader, isb_sector_assignments.notes 
FROM isb_sector_assignments 
WHERE isb_sector_assignments.sector_id = $1::INTEGER
2026-09-18 11:42:33,050 INFO sqlalchemy.engine.Engine [cached since 77.41s ago] (2,)
2026-09-18 11:42:33,052 INFO sqlalchemy.engine.Engine SELECT isb_sectors.id, isb_sectors.number, isb_sectors.name, isb_sectors.description, isb_sectors.center_x, isb_sectors.center_z, isb_sectors.threat_level, isb_sectors.is_active, isb_sectors.created_at 
FROM isb_sectors 
WHERE isb_sectors.id = $1::INTEGER
2026-09-18 11:42:33,052 INFO sqlalchemy.engine.Engine [cached since 77.4s ago] (10,)
2026-09-18 11:42:33,056 INFO sqlalchemy.engine.Engine SELECT permissions.id, permissions.name, permissions.display_name, permissions.category, permissions.is_active, permissions.created_at, permissions.updated_at 
FROM permissions JOIN role_permissions ON permissions.id = role_permissions.permission_id 
WHERE role_permissions.role_id = $1::INTEGER
2026-09-18 11:42:33,056 INFO sqlalchemy.engine.Engine [cached since 78.04s ago] (2,)
2026-09-18 11:42:33,058 INFO sqlalchemy.engine.Engine SELECT count(isb_award_grants.id) AS count_1 
FROM isb_award_grants 
WHERE isb_award_grants.award_id = $1::INTEGER
2026-09-18 11:42:33,059 INFO sqlalchemy.engine.Engine [cached since 77.52s ago] (3,)
INFO:     127.0.0.1:57408 - "GET /api/isb/logs?limit=30 HTTP/1.1" 200 OK
2026-09-18 11:42:33,061 INFO sqlalchemy.engine.Engine ROLLBACK
2026-09-18 11:42:33,064 INFO sqlalchemy.engine.Engine SELECT isb_sector_assignments.id, isb_sector_assignments.sector_id, isb_sector_assignments.employee_id, isb_sector_assignments.assigned_at, isb_sector_assignments.is_leader, isb_sector_assignments.notes 
FROM isb_sector_assignments 
WHERE isb_sector_assignments.sector_id = $1::INTEGER
2026-09-18 11:42:33,065 INFO sqlalchemy.engine.Engine [cached since 77.42s ago] (3,)
2026-09-18 11:42:33,068 INFO sqlalchemy.engine.Engine SELECT count(isb_award_grants.id) AS count_1 
FROM isb_award_grants 
WHERE isb_award_grants.award_id = $1::INTEGER
2026-09-18 11:42:33,068 INFO sqlalchemy.engine.Engine [cached since 77.53s ago] (1,)
2026-09-18 11:42:33,071 INFO sqlalchemy.engine.Engine SELECT permissions.id, permissions.name, permissions.display_name, permissions.category, permissions.is_active, permissions.created_at, permissions.updated_at 
FROM permissions JOIN role_permissions ON permissions.id = role_permissions.permission_id 
WHERE role_permissions.role_id = $1::INTEGER
2026-09-18 11:42:33,071 INFO sqlalchemy.engine.Engine [cached since 78.06s ago] (7,)
2026-09-18 11:42:33,074 INFO sqlalchemy.engine.Engine SELECT isb_sector_assignments.id, isb_sector_assignments.sector_id, isb_sector_assignments.employee_id, isb_sector_assignments.assigned_at, isb_sector_assignments.is_leader, isb_sector_assignments.notes 
FROM isb_sector_assignments 
WHERE isb_sector_assignments.sector_id = $1::INTEGER
2026-09-18 11:42:33,074 INFO sqlalchemy.engine.Engine [cached since 77.43s ago] (4,)
2026-09-18 11:42:33,077 INFO sqlalchemy.engine.Engine SELECT count(isb_award_grants.id) AS count_1 
FROM isb_award_grants 
WHERE isb_award_grants.award_id = $1::INTEGER
2026-09-18 11:42:33,077 INFO sqlalchemy.engine.Engine [cached since 77.54s ago] (2,)
2026-09-18 11:42:33,080 INFO sqlalchemy.engine.Engine SELECT permissions.id, permissions.name, permissions.display_name, permissions.category, permissions.is_active, permissions.created_at, permissions.updated_at 
FROM permissions JOIN role_permissions ON permissions.id = role_permissions.permission_id 
WHERE role_permissions.role_id = $1::INTEGER
2026-09-18 11:42:33,080 INFO sqlalchemy.engine.Engine [cached since 78.07s ago] (19,)
2026-09-18 11:42:33,083 INFO sqlalchemy.engine.Engine SELECT isb_sector_assignments.id, isb_sector_assignments.sector_id, isb_sector_assignments.employee_id, isb_sector_assignments.assigned_at, isb_sector_assignments.is_leader, isb_sector_assignments.notes 
FROM isb_sector_assignments 
WHERE isb_sector_assignments.sector_id = $1::INTEGER
2026-09-18 11:42:33,083 INFO sqlalchemy.engine.Engine [cached since 77.44s ago] (5,)
2026-09-18 11:42:33,086 INFO sqlalchemy.engine.Engine SELECT count(isb_award_grants.id) AS count_1 
FROM isb_award_grants 
WHERE isb_award_grants.award_id = $1::INTEGER
2026-09-18 11:42:33,086 INFO sqlalchemy.engine.Engine [cached since 77.55s ago] (11,)
2026-09-18 11:42:33,088 INFO sqlalchemy.engine.Engine SELECT roles.id, roles.name, roles.display_name, roles.level, roles.is_active, roles.created_at, roles.updated_at 
FROM roles 
WHERE roles.id IN ($1::INTEGER, $2::INTEGER, $3::INTEGER)
2026-09-18 11:42:33,089 INFO sqlalchemy.engine.Engine [cached since 78.09s ago] (2, 19, 7)
2026-09-18 11:42:33,091 INFO sqlalchemy.engine.Engine SELECT isb_sector_assignments.id, isb_sector_assignments.sector_id, isb_sector_assignments.employee_id, isb_sector_assignments.assigned_at, isb_sector_assignments.is_leader, isb_sector_assignments.notes 
FROM isb_sector_assignments 
WHERE isb_sector_assignments.sector_id = $1::INTEGER
2026-09-18 11:42:33,091 INFO sqlalchemy.engine.Engine [cached since 77.45s ago] (6,)
2026-09-18 11:42:33,093 INFO sqlalchemy.engine.Engine SELECT count(isb_award_grants.id) AS count_1 
FROM isb_award_grants 
WHERE isb_award_grants.award_id = $1::INTEGER
2026-09-18 11:42:33,093 INFO sqlalchemy.engine.Engine [cached since 77.55s ago] (10,)
2026-09-18 11:42:33,095 INFO sqlalchemy.engine.Engine SELECT permissions.id, permissions.name, permissions.display_name, permissions.category, permissions.is_active, permissions.created_at, permissions.updated_at 
FROM permissions JOIN role_permissions ON permissions.id = role_permissions.permission_id 
WHERE role_permissions.role_id = $1::INTEGER
2026-09-18 11:42:33,096 INFO sqlalchemy.engine.Engine [cached since 78.08s ago] (2,)
2026-09-18 11:42:33,099 INFO sqlalchemy.engine.Engine SELECT isb_sector_assignments.id, isb_sector_assignments.sector_id, isb_sector_assignments.employee_id, isb_sector_assignments.assigned_at, isb_sector_assignments.is_leader, isb_sector_assignments.notes 
FROM isb_sector_assignments 
WHERE isb_sector_assignments.sector_id = $1::INTEGER
2026-09-18 11:42:33,099 INFO sqlalchemy.engine.Engine [cached since 77.46s ago] (7,)
2026-09-18 11:42:33,102 INFO sqlalchemy.engine.Engine SELECT count(isb_award_grants.id) AS count_1 
FROM isb_award_grants 
WHERE isb_award_grants.award_id = $1::INTEGER
2026-09-18 11:42:33,102 INFO sqlalchemy.engine.Engine [cached since 77.56s ago] (12,)
2026-09-18 11:42:33,104 INFO sqlalchemy.engine.Engine SELECT permissions.id, permissions.name, permissions.display_name, permissions.category, permissions.is_active, permissions.created_at, permissions.updated_at 
FROM permissions JOIN role_permissions ON permissions.id = role_permissions.permission_id 
WHERE role_permissions.role_id = $1::INTEGER
2026-09-18 11:42:33,105 INFO sqlalchemy.engine.Engine [cached since 78.09s ago] (7,)
2026-09-18 11:42:33,107 INFO sqlalchemy.engine.Engine SELECT isb_sector_assignments.id, isb_sector_assignments.sector_id, isb_sector_assignments.employee_id, isb_sector_assignments.assigned_at, isb_sector_assignments.is_leader, isb_sector_assignments.notes 
FROM isb_sector_assignments 
WHERE isb_sector_assignments.sector_id = $1::INTEGER
2026-09-18 11:42:33,107 INFO sqlalchemy.engine.Engine [cached since 77.46s ago] (8,)
2026-09-18 11:42:33,110 INFO sqlalchemy.engine.Engine SELECT count(isb_award_grants.id) AS count_1 
FROM isb_award_grants 
WHERE isb_award_grants.award_id = $1::INTEGER
2026-09-18 11:42:33,110 INFO sqlalchemy.engine.Engine [cached since 77.57s ago] (8,)
2026-09-18 11:42:33,112 INFO sqlalchemy.engine.Engine SELECT permissions.id, permissions.name, permissions.display_name, permissions.category, permissions.is_active, permissions.created_at, permissions.updated_at 
FROM permissions JOIN role_permissions ON permissions.id = role_permissions.permission_id 
WHERE role_permissions.role_id = $1::INTEGER
2026-09-18 11:42:33,112 INFO sqlalchemy.engine.Engine [cached since 78.1s ago] (19,)
2026-09-18 11:42:33,115 INFO sqlalchemy.engine.Engine SELECT isb_sector_assignments.id, isb_sector_assignments.sector_id, isb_sector_assignments.employee_id, isb_sector_assignments.assigned_at, isb_sector_assignments.is_leader, isb_sector_assignments.notes 
FROM isb_sector_assignments 
WHERE isb_sector_assignments.sector_id = $1::INTEGER
2026-09-18 11:42:33,115 INFO sqlalchemy.engine.Engine [cached since 77.47s ago] (9,)
2026-09-18 11:42:33,118 INFO sqlalchemy.engine.Engine SELECT count(isb_award_grants.id) AS count_1 
FROM isb_award_grants 
WHERE isb_award_grants.award_id = $1::INTEGER
2026-09-18 11:42:33,118 INFO sqlalchemy.engine.Engine [cached since 77.58s ago] (9,)
2026-09-18 11:42:33,121 INFO sqlalchemy.engine.Engine SELECT algorithms.id, algorithms.number, algorithms.title, algorithms.description, algorithms.task_type, algorithms.scope, algorithms.status, algorithms.deadline, algorithms.reward_reputation, algorithms.created_by, algorithms.max_participants, algorithms.created_at, algorithms.updated_at 
FROM algorithms ORDER BY algorithms.created_at DESC 
 LIMIT $1::INTEGER OFFSET $2::INTEGER
2026-09-18 11:42:33,121 INFO sqlalchemy.engine.Engine [cached since 77.38s ago] (200, 0)
2026-09-18 11:42:33,123 INFO sqlalchemy.engine.Engine SELECT isb_sector_assignments.id, isb_sector_assignments.sector_id, isb_sector_assignments.employee_id, isb_sector_assignments.assigned_at, isb_sector_assignments.is_leader, isb_sector_assignments.notes 
FROM isb_sector_assignments 
WHERE isb_sector_assignments.sector_id = $1::INTEGER
2026-09-18 11:42:33,124 INFO sqlalchemy.engine.Engine [cached since 77.48s ago] (10,)
2026-09-18 11:42:33,126 INFO sqlalchemy.engine.Engine SELECT count(isb_award_grants.id) AS count_1 
FROM isb_award_grants 
WHERE isb_award_grants.award_id = $1::INTEGER
2026-09-18 11:42:33,127 INFO sqlalchemy.engine.Engine [cached since 77.59s ago] (7,)
INFO:     127.0.0.1:57400 - "GET /api/algorithms HTTP/1.1" 200 OK
2026-09-18 11:42:33,129 INFO sqlalchemy.engine.Engine ROLLBACK
2026-09-18 11:42:33,131 INFO sqlalchemy.engine.Engine SELECT isb_employees.id, isb_employees.citizen_id, isb_employees.service_number, isb_employees.rank_name, isb_employees.rank_short, isb_employees.branch, isb_employees.level, isb_employees.access_level, isb_employees.position, isb_employees.enlisted_at, isb_employees.promoted_at, isb_employees.discharged_at, isb_employees.is_active, isb_employees.can_arrest, isb_employees.can_conduct_searches, isb_employees.can_issue_warrants, isb_employees.can_command, isb_employees.notes, isb_employees.created_at, isb_employees.updated_at 
FROM isb_employees 
WHERE isb_employees.id = $1::INTEGER
2026-09-18 11:42:33,131 INFO sqlalchemy.engine.Engine [cached since 77.47s ago] (2,)
2026-09-18 11:42:33,132 INFO sqlalchemy.engine.Engine SELECT count(isb_award_grants.id) AS count_1 
FROM isb_award_grants 
WHERE isb_award_grants.award_id = $1::INTEGER
2026-09-18 11:42:33,132 INFO sqlalchemy.engine.Engine [cached since 77.59s ago] (5,)
2026-09-18 11:42:33,134 INFO sqlalchemy.engine.Engine SELECT citizens.id, citizens.discord_id, citizens.username, citizens.minecraft_uuid, citizens.role_ids, citizens.main_role_id, citizens.reputation, citizens.citizenship_date, citizens.last_login, citizens.created_at, citizens.updated_at, citizens.is_active, citizens.is_verified 
FROM citizens 
WHERE citizens.id = $1::INTEGER
2026-09-18 11:42:33,134 INFO sqlalchemy.engine.Engine [cached since 77.5s ago] (4,)
2026-09-18 11:42:33,136 INFO sqlalchemy.engine.Engine SELECT count(isb_award_grants.id) AS count_1 
FROM isb_award_grants 
WHERE isb_award_grants.award_id = $1::INTEGER
2026-09-18 11:42:33,136 INFO sqlalchemy.engine.Engine [cached since 77.6s ago] (4,)
INFO:     127.0.0.1:57404 - "GET /api/isb/sectors HTTP/1.1" 200 OK
2026-09-18 11:42:33,139 INFO sqlalchemy.engine.Engine ROLLBACK
2026-09-18 11:42:33,141 INFO sqlalchemy.engine.Engine BEGIN (implicit)
2026-09-18 11:42:33,141 INFO sqlalchemy.engine.Engine SELECT citizens.id, citizens.discord_id, citizens.username, citizens.minecraft_uuid, citizens.role_ids, citizens.main_role_id, citizens.reputation, citizens.citizenship_date, citizens.last_login, citizens.created_at, citizens.updated_at, citizens.is_active, citizens.is_verified 
FROM citizens 
WHERE citizens.username ILIKE $1::VARCHAR OR citizens.minecraft_uuid ILIKE $2::VARCHAR 
 LIMIT $3::INTEGER
2026-09-18 11:42:33,142 INFO sqlalchemy.engine.Engine [cached since 77.38s ago] ('%test%', '%test%', 10)
2026-09-18 11:42:33,143 INFO sqlalchemy.engine.Engine SELECT count(isb_award_grants.id) AS count_1 
FROM isb_award_grants 
WHERE isb_award_grants.award_id = $1::INTEGER
2026-09-18 11:42:33,143 INFO sqlalchemy.engine.Engine [cached since 77.6s ago] (6,)
INFO:     127.0.0.1:57412 - "GET /api/admin/isb/awards/public HTTP/1.1" 200 OK
2026-09-18 11:42:33,146 INFO sqlalchemy.engine.Engine ROLLBACK
2026-09-18 11:42:33,149 INFO sqlalchemy.engine.Engine SELECT roles.id, roles.name, roles.display_name, roles.level, roles.is_active, roles.created_at, roles.updated_at 
FROM roles 
WHERE roles.name ILIKE $1::VARCHAR OR roles.display_name ILIKE $2::VARCHAR 
 LIMIT $3::INTEGER
2026-09-18 11:42:33,149 INFO sqlalchemy.engine.Engine [cached since 77.38s ago] ('%test%', '%test%', 5)
2026-09-18 11:42:33,159 INFO sqlalchemy.engine.Engine SELECT isb_awards.id, isb_awards.name, isb_awards.display_name, isb_awards.description, isb_awards.icon, isb_awards.rarity, isb_awards.category, isb_awards.is_active, isb_awards.created_at 
FROM isb_awards 
WHERE isb_awards.name ILIKE $1::VARCHAR OR isb_awards.display_name ILIKE $2::VARCHAR OR isb_awards.description ILIKE $3::VARCHAR 
 LIMIT $4::INTEGER
2026-09-18 11:42:33,159 INFO sqlalchemy.engine.Engine [cached since 77.35s ago] ('%test%', '%test%', '%test%', 5)
2026-09-18 11:42:33,162 INFO sqlalchemy.engine.Engine SELECT isb_employees.id, isb_employees.citizen_id, isb_employees.service_number, isb_employees.rank_name, isb_employees.rank_short, isb_employees.branch, isb_employees.level, isb_employees.access_level, isb_employees.position, isb_employees.enlisted_at, isb_employees.promoted_at, isb_employees.discharged_at, isb_employees.is_active, isb_employees.can_arrest, isb_employees.can_conduct_searches, isb_employees.can_issue_warrants, isb_employees.can_command, isb_employees.notes, isb_employees.created_at, isb_employees.updated_at 
FROM isb_employees 
WHERE isb_employees.service_number ILIKE $1::VARCHAR OR isb_employees.rank_name ILIKE $2::VARCHAR OR isb_employees.position ILIKE $3::VARCHAR 
 LIMIT $4::INTEGER
2026-09-18 11:42:33,162 INFO sqlalchemy.engine.Engine [cached since 77.34s ago] ('%test%', '%test%', '%test%', 10)
INFO:     127.0.0.1:57400 - "GET /api/search?q=test HTTP/1.1" 200 OK
2026-09-18 11:42:33,165 INFO sqlalchemy.engine.Engine ROLLBACK
2026-09-18 11:42:33,172 INFO sqlalchemy.engine.Engine BEGIN (implicit)
2026-09-18 11:42:33,172 INFO sqlalchemy.engine.Engine SELECT citizens.id, citizens.discord_id, citizens.username, citizens.minecraft_uuid, citizens.role_ids, citizens.main_role_id, citizens.reputation, citizens.citizenship_date, citizens.last_login, citizens.created_at, citizens.updated_at, citizens.is_active, citizens.is_verified 
FROM citizens 
WHERE citizens.discord_id = $1::BIGINT
2026-09-18 11:42:33,173 INFO sqlalchemy.engine.Engine [cached since 78.25s ago] (436507782263603200,)
2026-09-18 11:42:33,175 INFO sqlalchemy.engine.Engine SELECT roles.id, roles.name, roles.display_name, roles.level, roles.is_active, roles.created_at, roles.updated_at 
FROM roles 
WHERE roles.id IN ($1::INTEGER, $2::INTEGER, $3::INTEGER)
2026-09-18 11:42:33,175 INFO sqlalchemy.engine.Engine [cached since 78.18s ago] (2, 19, 7)
2026-09-18 11:42:33,177 INFO sqlalchemy.engine.Engine SELECT permissions.id, permissions.name, permissions.display_name, permissions.category, permissions.is_active, permissions.created_at, permissions.updated_at 
FROM permissions JOIN role_permissions ON permissions.id = role_permissions.permission_id 
WHERE role_permissions.role_id = $1::INTEGER
2026-09-18 11:42:33,178 INFO sqlalchemy.engine.Engine [cached since 78.16s ago] (2,)
2026-09-18 11:42:33,180 INFO sqlalchemy.engine.Engine SELECT permissions.id, permissions.name, permissions.display_name, permissions.category, permissions.is_active, permissions.created_at, permissions.updated_at 
FROM permissions JOIN role_permissions ON permissions.id = role_permissions.permission_id 
WHERE role_permissions.role_id = $1::INTEGER
2026-09-18 11:42:33,180 INFO sqlalchemy.engine.Engine [cached since 78.17s ago] (7,)
2026-09-18 11:42:33,182 INFO sqlalchemy.engine.Engine SELECT permissions.id, permissions.name, permissions.display_name, permissions.category, permissions.is_active, permissions.created_at, permissions.updated_at 
FROM permissions JOIN role_permissions ON permissions.id = role_permissions.permission_id 
WHERE role_permissions.role_id = $1::INTEGER
2026-09-18 11:42:33,182 INFO sqlalchemy.engine.Engine [cached since 78.17s ago] (19,)
2026-09-18 11:42:33,184 INFO sqlalchemy.engine.Engine SELECT roles.id, roles.name, roles.display_name, roles.level, roles.is_active, roles.created_at, roles.updated_at 
FROM roles 
WHERE roles.id IN ($1::INTEGER, $2::INTEGER, $3::INTEGER)
2026-09-18 11:42:33,185 INFO sqlalchemy.engine.Engine [cached since 78.19s ago] (2, 19, 7)
2026-09-18 11:42:33,188 INFO sqlalchemy.engine.Engine SELECT permissions.id, permissions.name, permissions.display_name, permissions.category, permissions.is_active, permissions.created_at, permissions.updated_at 
FROM permissions JOIN role_permissions ON permissions.id = role_permissions.permission_id 
WHERE role_permissions.role_id = $1::INTEGER
2026-09-18 11:42:33,189 INFO sqlalchemy.engine.Engine [cached since 78.17s ago] (2,)
2026-09-18 11:42:33,194 INFO sqlalchemy.engine.Engine SELECT permissions.id, permissions.name, permissions.display_name, permissions.category, permissions.is_active, permissions.created_at, permissions.updated_at 
FROM permissions JOIN role_permissions ON permissions.id = role_permissions.permission_id 
WHERE role_permissions.role_id = $1::INTEGER
2026-09-18 11:42:33,195 INFO sqlalchemy.engine.Engine [cached since 78.18s ago] (7,)
2026-09-18 11:42:33,198 INFO sqlalchemy.engine.Engine SELECT permissions.id, permissions.name, permissions.display_name, permissions.category, permissions.is_active, permissions.created_at, permissions.updated_at 
FROM permissions JOIN role_permissions ON permissions.id = role_permissions.permission_id 
WHERE role_permissions.role_id = $1::INTEGER
2026-09-18 11:42:33,199 INFO sqlalchemy.engine.Engine [cached since 78.18s ago] (19,)
2026-09-18 11:42:33,204 INFO sqlalchemy.engine.Engine SELECT algorithms.id, algorithms.number, algorithms.title, algorithms.description, algorithms.task_type, algorithms.scope, algorithms.status, algorithms.deadline, algorithms.reward_reputation, algorithms.created_by, algorithms.max_participants, algorithms.created_at, algorithms.updated_at 
FROM algorithms ORDER BY algorithms.created_at DESC 
 LIMIT $1::INTEGER OFFSET $2::INTEGER
2026-09-18 11:42:33,204 INFO sqlalchemy.engine.Engine [cached since 77.47s ago] (200, 0)
INFO:     127.0.0.1:57400 - "GET /api/algorithms HTTP/1.1" 200 OK
2026-09-18 11:42:33,208 INFO sqlalchemy.engine.Engine ROLLBACK
2026-09-18 11:42:34,901 INFO sqlalchemy.engine.Engine BEGIN (implicit)
2026-09-18 11:42:34,904 INFO sqlalchemy.engine.Engine SELECT citizens.id, citizens.discord_id, citizens.username, citizens.minecraft_uuid, citizens.role_ids, citizens.main_role_id, citizens.reputation, citizens.citizenship_date, citizens.last_login, citizens.created_at, citizens.updated_at, citizens.is_active, citizens.is_verified 
FROM citizens 
WHERE citizens.discord_id = $1::BIGINT
2026-09-18 11:42:34,905 INFO sqlalchemy.engine.Engine [cached since 79.98s ago] (436507782263603200,)
2026-09-18 11:42:34,917 INFO sqlalchemy.engine.Engine BEGIN (implicit)
2026-09-18 11:42:34,919 INFO sqlalchemy.engine.Engine SELECT citizens.id, citizens.discord_id, citizens.username, citizens.minecraft_uuid, citizens.role_ids, citizens.main_role_id, citizens.reputation, citizens.citizenship_date, citizens.last_login, citizens.created_at, citizens.updated_at, citizens.is_active, citizens.is_verified 
FROM citizens 
WHERE citizens.discord_id = $1::BIGINT
2026-09-18 11:42:34,920 INFO sqlalchemy.engine.Engine [cached since 80s ago] (436507782263603200,)
2026-09-18 11:42:34,930 INFO sqlalchemy.engine.Engine SELECT roles.id, roles.name, roles.display_name, roles.level, roles.is_active, roles.created_at, roles.updated_at 
FROM roles 
WHERE roles.id IN ($1::INTEGER, $2::INTEGER, $3::INTEGER)
2026-09-18 11:42:34,931 INFO sqlalchemy.engine.Engine [cached since 79.93s ago] (2, 19, 7)
2026-09-18 11:42:34,938 INFO sqlalchemy.engine.Engine SELECT roles.id, roles.name, roles.display_name, roles.level, roles.is_active, roles.created_at, roles.updated_at 
FROM roles 
WHERE roles.id IN ($1::INTEGER, $2::INTEGER, $3::INTEGER)
2026-09-18 11:42:34,939 INFO sqlalchemy.engine.Engine [cached since 79.94s ago] (2, 19, 7)
2026-09-18 11:42:34,945 INFO sqlalchemy.engine.Engine SELECT permissions.id, permissions.name, permissions.display_name, permissions.category, permissions.is_active, permissions.created_at, permissions.updated_at 
FROM permissions JOIN role_permissions ON permissions.id = role_permissions.permission_id 
WHERE role_permissions.role_id = $1::INTEGER
2026-09-18 11:42:34,946 INFO sqlalchemy.engine.Engine [cached since 79.93s ago] (2,)
2026-09-18 11:42:34,953 INFO sqlalchemy.engine.Engine SELECT permissions.id, permissions.name, permissions.display_name, permissions.category, permissions.is_active, permissions.created_at, permissions.updated_at 
FROM permissions JOIN role_permissions ON permissions.id = role_permissions.permission_id 
WHERE role_permissions.role_id = $1::INTEGER
2026-09-18 11:42:34,953 INFO sqlalchemy.engine.Engine [cached since 79.94s ago] (2,)
2026-09-18 11:42:34,965 INFO sqlalchemy.engine.Engine SELECT permissions.id, permissions.name, permissions.display_name, permissions.category, permissions.is_active, permissions.created_at, permissions.updated_at 
FROM permissions JOIN role_permissions ON permissions.id = role_permissions.permission_id 
WHERE role_permissions.role_id = $1::INTEGER
2026-09-18 11:42:34,966 INFO sqlalchemy.engine.Engine [cached since 79.95s ago] (7,)
2026-09-18 11:42:34,975 INFO sqlalchemy.engine.Engine SELECT permissions.id, permissions.name, permissions.display_name, permissions.category, permissions.is_active, permissions.created_at, permissions.updated_at 
FROM permissions JOIN role_permissions ON permissions.id = role_permissions.permission_id 
WHERE role_permissions.role_id = $1::INTEGER
2026-09-18 11:42:34,976 INFO sqlalchemy.engine.Engine [cached since 79.96s ago] (7,)
2026-09-18 11:42:34,982 INFO sqlalchemy.engine.Engine SELECT permissions.id, permissions.name, permissions.display_name, permissions.category, permissions.is_active, permissions.created_at, permissions.updated_at 
FROM permissions JOIN role_permissions ON permissions.id = role_permissions.permission_id 
WHERE role_permissions.role_id = $1::INTEGER
2026-09-18 11:42:34,983 INFO sqlalchemy.engine.Engine [cached since 79.97s ago] (19,)
2026-09-18 11:42:34,990 INFO sqlalchemy.engine.Engine SELECT permissions.id, permissions.name, permissions.display_name, permissions.category, permissions.is_active, permissions.created_at, permissions.updated_at 
FROM permissions JOIN role_permissions ON permissions.id = role_permissions.permission_id 
WHERE role_permissions.role_id = $1::INTEGER
2026-09-18 11:42:34,990 INFO sqlalchemy.engine.Engine [cached since 79.98s ago] (19,)
2026-09-18 11:42:34,998 INFO sqlalchemy.engine.Engine SELECT isb_sectors.id, isb_sectors.number, isb_sectors.name, isb_sectors.description, isb_sectors.center_x, isb_sectors.center_z, isb_sectors.threat_level, isb_sectors.is_active, isb_sectors.created_at 
FROM isb_sectors ORDER BY isb_sectors.number
2026-09-18 11:42:34,998 INFO sqlalchemy.engine.Engine [cached since 79.37s ago] ()
2026-09-18 11:42:35,005 INFO sqlalchemy.engine.Engine SELECT isb_employees.id, isb_employees.citizen_id, isb_employees.service_number, isb_employees.rank_name, isb_employees.rank_short, isb_employees.branch, isb_employees.level, isb_employees.access_level, isb_employees.position, isb_employees.enlisted_at, isb_employees.promoted_at, isb_employees.discharged_at, isb_employees.is_active, isb_employees.can_arrest, isb_employees.can_conduct_searches, isb_employees.can_issue_warrants, isb_employees.can_command, isb_employees.notes, isb_employees.created_at, isb_employees.updated_at 
FROM isb_employees ORDER BY isb_employees.level DESC
2026-09-18 11:42:35,006 INFO sqlalchemy.engine.Engine [cached since 79.58s ago] ()
2026-09-18 11:42:35,012 INFO sqlalchemy.engine.Engine SELECT count(isb_sector_assignments.id) AS count_1 
FROM isb_sector_assignments 
WHERE isb_sector_assignments.sector_id = $1::INTEGER
2026-09-18 11:42:35,014 INFO sqlalchemy.engine.Engine [cached since 78.13s ago] (1,)
2026-09-18 11:42:35,020 INFO sqlalchemy.engine.Engine SELECT citizens.id, citizens.discord_id, citizens.username, citizens.minecraft_uuid, citizens.role_ids, citizens.main_role_id, citizens.reputation, citizens.citizenship_date, citizens.last_login, citizens.created_at, citizens.updated_at, citizens.is_active, citizens.is_verified 
FROM citizens 
WHERE citizens.id IN ($1::INTEGER, $2::INTEGER)
2026-09-18 11:42:35,021 INFO sqlalchemy.engine.Engine [cached since 79.57s ago] (2, 4)
2026-09-18 11:42:35,026 INFO sqlalchemy.engine.Engine SELECT count(isb_sector_assignments.id) AS count_1 
FROM isb_sector_assignments 
WHERE isb_sector_assignments.sector_id = $1::INTEGER
2026-09-18 11:42:35,026 INFO sqlalchemy.engine.Engine [cached since 78.14s ago] (2,)
INFO:     127.0.0.1:57412 - "GET /api/admin/isb/employees HTTP/1.1" 200 OK
2026-09-18 11:42:35,033 INFO sqlalchemy.engine.Engine ROLLBACK
2026-09-18 11:42:35,038 INFO sqlalchemy.engine.Engine SELECT count(isb_sector_assignments.id) AS count_1 
FROM isb_sector_assignments 
WHERE isb_sector_assignments.sector_id = $1::INTEGER
2026-09-18 11:42:35,039 INFO sqlalchemy.engine.Engine [cached since 78.15s ago] (3,)
2026-09-18 11:42:35,045 INFO sqlalchemy.engine.Engine SELECT count(isb_sector_assignments.id) AS count_1 
FROM isb_sector_assignments 
WHERE isb_sector_assignments.sector_id = $1::INTEGER
2026-09-18 11:42:35,045 INFO sqlalchemy.engine.Engine [cached since 78.16s ago] (4,)
2026-09-18 11:42:35,049 INFO sqlalchemy.engine.Engine SELECT count(isb_sector_assignments.id) AS count_1 
FROM isb_sector_assignments 
WHERE isb_sector_assignments.sector_id = $1::INTEGER
2026-09-18 11:42:35,050 INFO sqlalchemy.engine.Engine [cached since 78.16s ago] (5,)
2026-09-18 11:42:35,053 INFO sqlalchemy.engine.Engine SELECT count(isb_sector_assignments.id) AS count_1 
FROM isb_sector_assignments 
WHERE isb_sector_assignments.sector_id = $1::INTEGER
2026-09-18 11:42:35,054 INFO sqlalchemy.engine.Engine [cached since 78.17s ago] (6,)
2026-09-18 11:42:35,057 INFO sqlalchemy.engine.Engine SELECT count(isb_sector_assignments.id) AS count_1 
FROM isb_sector_assignments 
WHERE isb_sector_assignments.sector_id = $1::INTEGER
2026-09-18 11:42:35,058 INFO sqlalchemy.engine.Engine [cached since 78.17s ago] (7,)
2026-09-18 11:42:35,062 INFO sqlalchemy.engine.Engine SELECT count(isb_sector_assignments.id) AS count_1 
FROM isb_sector_assignments 
WHERE isb_sector_assignments.sector_id = $1::INTEGER
2026-09-18 11:42:35,062 INFO sqlalchemy.engine.Engine [cached since 78.18s ago] (8,)
2026-09-18 11:42:35,066 INFO sqlalchemy.engine.Engine SELECT count(isb_sector_assignments.id) AS count_1 
FROM isb_sector_assignments 
WHERE isb_sector_assignments.sector_id = $1::INTEGER
2026-09-18 11:42:35,066 INFO sqlalchemy.engine.Engine [cached since 78.18s ago] (9,)
2026-09-18 11:42:35,070 INFO sqlalchemy.engine.Engine SELECT count(isb_sector_assignments.id) AS count_1 
FROM isb_sector_assignments 
WHERE isb_sector_assignments.sector_id = $1::INTEGER
2026-09-18 11:42:35,070 INFO sqlalchemy.engine.Engine [cached since 78.18s ago] (10,)
INFO:     127.0.0.1:57400 - "GET /api/isb/graphs/sectors HTTP/1.1" 200 OK
2026-09-18 11:42:35,075 INFO sqlalchemy.engine.Engine ROLLBACK
2026-09-18 11:42:35,181 INFO sqlalchemy.engine.Engine BEGIN (implicit)
2026-09-18 11:42:35,182 INFO sqlalchemy.engine.Engine SELECT citizens.id, citizens.discord_id, citizens.username, citizens.minecraft_uuid, citizens.role_ids, citizens.main_role_id, citizens.reputation, citizens.citizenship_date, citizens.last_login, citizens.created_at, citizens.updated_at, citizens.is_active, citizens.is_verified 
FROM citizens 
WHERE citizens.discord_id = $1::BIGINT
2026-09-18 11:42:35,182 INFO sqlalchemy.engine.Engine [cached since 80.26s ago] (436507782263603200,)
2026-09-18 11:42:35,184 INFO sqlalchemy.engine.Engine SELECT roles.id, roles.name, roles.display_name, roles.level, roles.is_active, roles.created_at, roles.updated_at 
FROM roles 
WHERE roles.id IN ($1::INTEGER, $2::INTEGER, $3::INTEGER)
2026-09-18 11:42:35,184 INFO sqlalchemy.engine.Engine [cached since 80.18s ago] (2, 19, 7)
2026-09-18 11:42:35,186 INFO sqlalchemy.engine.Engine SELECT permissions.id, permissions.name, permissions.display_name, permissions.category, permissions.is_active, permissions.created_at, permissions.updated_at 
FROM permissions JOIN role_permissions ON permissions.id = role_permissions.permission_id 
WHERE role_permissions.role_id = $1::INTEGER
2026-09-18 11:42:35,186 INFO sqlalchemy.engine.Engine [cached since 80.17s ago] (2,)
2026-09-18 11:42:35,188 INFO sqlalchemy.engine.Engine SELECT permissions.id, permissions.name, permissions.display_name, permissions.category, permissions.is_active, permissions.created_at, permissions.updated_at 
FROM permissions JOIN role_permissions ON permissions.id = role_permissions.permission_id 
WHERE role_permissions.role_id = $1::INTEGER
2026-09-18 11:42:35,189 INFO sqlalchemy.engine.Engine [cached since 80.17s ago] (7,)
2026-09-18 11:42:35,191 INFO sqlalchemy.engine.Engine SELECT permissions.id, permissions.name, permissions.display_name, permissions.category, permissions.is_active, permissions.created_at, permissions.updated_at 
FROM permissions JOIN role_permissions ON permissions.id = role_permissions.permission_id 
WHERE role_permissions.role_id = $1::INTEGER
2026-09-18 11:42:35,191 INFO sqlalchemy.engine.Engine [cached since 80.18s ago] (19,)
2026-09-18 11:42:35,194 INFO sqlalchemy.engine.Engine SELECT date_trunc($1::VARCHAR, isb_logs.created_at) AS hour, count(isb_logs.id) AS count 
FROM isb_logs 
WHERE isb_logs.created_at >= $2::TIMESTAMP WITHOUT TIME ZONE GROUP BY hour ORDER BY hour
2026-09-18 11:42:35,194 INFO sqlalchemy.engine.Engine [cached since 78.16s ago] ('hour', datetime.datetime(2026, 9, 17, 8, 42, 35, 193381))
INFO:     127.0.0.1:57400 - "GET /api/isb/graphs/logs-24h HTTP/1.1" 200 OK
2026-09-18 11:42:35,197 INFO sqlalchemy.engine.Engine ROLLBACK
2026-09-18 11:42:35,282 INFO sqlalchemy.engine.Engine BEGIN (implicit)
2026-09-18 11:42:35,283 INFO sqlalchemy.engine.Engine SELECT citizens.id, citizens.discord_id, citizens.username, citizens.minecraft_uuid, citizens.role_ids, citizens.main_role_id, citizens.reputation, citizens.citizenship_date, citizens.last_login, citizens.created_at, citizens.updated_at, citizens.is_active, citizens.is_verified 
FROM citizens 
WHERE citizens.discord_id = $1::BIGINT
2026-09-18 11:42:35,283 INFO sqlalchemy.engine.Engine [cached since 80.36s ago] (436507782263603200,)
2026-09-18 11:42:35,287 INFO sqlalchemy.engine.Engine SELECT roles.id, roles.name, roles.display_name, roles.level, roles.is_active, roles.created_at, roles.updated_at 
FROM roles 
WHERE roles.id IN ($1::INTEGER, $2::INTEGER, $3::INTEGER)
2026-09-18 11:42:35,288 INFO sqlalchemy.engine.Engine [cached since 80.29s ago] (2, 19, 7)
2026-09-18 11:42:35,292 INFO sqlalchemy.engine.Engine SELECT permissions.id, permissions.name, permissions.display_name, permissions.category, permissions.is_active, permissions.created_at, permissions.updated_at 
FROM permissions JOIN role_permissions ON permissions.id = role_permissions.permission_id 
WHERE role_permissions.role_id = $1::INTEGER
2026-09-18 11:42:35,292 INFO sqlalchemy.engine.Engine [cached since 80.28s ago] (2,)
2026-09-18 11:42:35,299 INFO sqlalchemy.engine.Engine SELECT permissions.id, permissions.name, permissions.display_name, permissions.category, permissions.is_active, permissions.created_at, permissions.updated_at 
FROM permissions JOIN role_permissions ON permissions.id = role_permissions.permission_id 
WHERE role_permissions.role_id = $1::INTEGER
2026-09-18 11:42:35,299 INFO sqlalchemy.engine.Engine [cached since 80.28s ago] (7,)
2026-09-18 11:42:35,306 INFO sqlalchemy.engine.Engine SELECT permissions.id, permissions.name, permissions.display_name, permissions.category, permissions.is_active, permissions.created_at, permissions.updated_at 
FROM permissions JOIN role_permissions ON permissions.id = role_permissions.permission_id 
WHERE role_permissions.role_id = $1::INTEGER
2026-09-18 11:42:35,307 INFO sqlalchemy.engine.Engine [cached since 80.29s ago] (19,)
2026-09-18 11:42:35,314 INFO sqlalchemy.engine.Engine SELECT isb_sectors.id, isb_sectors.number, isb_sectors.name, isb_sectors.description, isb_sectors.center_x, isb_sectors.center_z, isb_sectors.threat_level, isb_sectors.is_active, isb_sectors.created_at 
FROM isb_sectors ORDER BY isb_sectors.threat_level DESC 
 LIMIT $1::INTEGER
2026-09-18 11:42:35,314 INFO sqlalchemy.engine.Engine [cached since 78.18s ago] (5,)
INFO:     127.0.0.1:57400 - "GET /api/isb/graphs/threat HTTP/1.1" 200 OK
2026-09-18 11:42:35,321 INFO sqlalchemy.engine.Engine ROLLBACK
2026-09-18 11:42:46,908 INFO sqlalchemy.engine.Engine BEGIN (implicit)
2026-09-18 11:42:46,911 INFO sqlalchemy.engine.Engine SELECT citizens.id, citizens.discord_id, citizens.username, citizens.minecraft_uuid, citizens.role_ids, citizens.main_role_id, citizens.reputation, citizens.citizenship_date, citizens.last_login, citizens.created_at, citizens.updated_at, citizens.is_active, citizens.is_verified 
FROM citizens 
WHERE citizens.discord_id = $1::BIGINT
2026-09-18 11:42:46,912 INFO sqlalchemy.engine.Engine [cached since 91.99s ago] (436507782263603200,)
2026-09-18 11:42:46,925 INFO sqlalchemy.engine.Engine SELECT roles.id, roles.name, roles.display_name, roles.level, roles.is_active, roles.created_at, roles.updated_at 
FROM roles 
WHERE roles.id IN ($1::INTEGER, $2::INTEGER, $3::INTEGER)
2026-09-18 11:42:46,926 INFO sqlalchemy.engine.Engine [cached since 91.93s ago] (2, 19, 7)
2026-09-18 11:42:46,935 INFO sqlalchemy.engine.Engine SELECT permissions.id, permissions.name, permissions.display_name, permissions.category, permissions.is_active, permissions.created_at, permissions.updated_at 
FROM permissions JOIN role_permissions ON permissions.id = role_permissions.permission_id 
WHERE role_permissions.role_id = $1::INTEGER
2026-09-18 11:42:46,936 INFO sqlalchemy.engine.Engine [cached since 91.92s ago] (2,)
2026-09-18 11:42:46,946 INFO sqlalchemy.engine.Engine SELECT permissions.id, permissions.name, permissions.display_name, permissions.category, permissions.is_active, permissions.created_at, permissions.updated_at 
FROM permissions JOIN role_permissions ON permissions.id = role_permissions.permission_id 
WHERE role_permissions.role_id = $1::INTEGER
2026-09-18 11:42:46,947 INFO sqlalchemy.engine.Engine [cached since 91.93s ago] (7,)
2026-09-18 11:42:46,956 INFO sqlalchemy.engine.Engine SELECT permissions.id, permissions.name, permissions.display_name, permissions.category, permissions.is_active, permissions.created_at, permissions.updated_at 
FROM permissions JOIN role_permissions ON permissions.id = role_permissions.permission_id 
WHERE role_permissions.role_id = $1::INTEGER
2026-09-18 11:42:46,957 INFO sqlalchemy.engine.Engine [cached since 91.94s ago] (19,)
2026-09-18 11:42:46,966 INFO sqlalchemy.engine.Engine SELECT isb_logs.id, isb_logs.created_at, isb_logs.severity, isb_logs.category, isb_logs.message, isb_logs.actor_id, isb_logs.sector_id, isb_logs.meta 
FROM isb_logs ORDER BY isb_logs.created_at DESC 
 LIMIT $1::INTEGER
2026-09-18 11:42:46,967 INFO sqlalchemy.engine.Engine [cached since 91.35s ago] (30,)
2026-09-18 11:42:46,974 INFO sqlalchemy.engine.Engine SELECT citizens.id, citizens.discord_id, citizens.username, citizens.minecraft_uuid, citizens.role_ids, citizens.main_role_id, citizens.reputation, citizens.citizenship_date, citizens.last_login, citizens.created_at, citizens.updated_at, citizens.is_active, citizens.is_verified 
FROM citizens 
WHERE citizens.id = $1::INTEGER
2026-09-18 11:42:46,975 INFO sqlalchemy.engine.Engine [cached since 91.34s ago] (2,)
2026-09-18 11:42:46,981 INFO sqlalchemy.engine.Engine SELECT isb_sectors.id, isb_sectors.number, isb_sectors.name, isb_sectors.description, isb_sectors.center_x, isb_sectors.center_z, isb_sectors.threat_level, isb_sectors.is_active, isb_sectors.created_at 
FROM isb_sectors 
WHERE isb_sectors.id = $1::INTEGER
2026-09-18 11:42:46,981 INFO sqlalchemy.engine.Engine [cached since 91.33s ago] (1,)
2026-09-18 11:42:46,987 INFO sqlalchemy.engine.Engine SELECT citizens.id, citizens.discord_id, citizens.username, citizens.minecraft_uuid, citizens.role_ids, citizens.main_role_id, citizens.reputation, citizens.citizenship_date, citizens.last_login, citizens.created_at, citizens.updated_at, citizens.is_active, citizens.is_verified 
FROM citizens 
WHERE citizens.id = $1::INTEGER
2026-09-18 11:42:46,988 INFO sqlalchemy.engine.Engine [cached since 91.35s ago] (2,)
2026-09-18 11:42:46,994 INFO sqlalchemy.engine.Engine SELECT isb_sectors.id, isb_sectors.number, isb_sectors.name, isb_sectors.description, isb_sectors.center_x, isb_sectors.center_z, isb_sectors.threat_level, isb_sectors.is_active, isb_sectors.created_at 
FROM isb_sectors 
WHERE isb_sectors.id = $1::INTEGER
2026-09-18 11:42:46,995 INFO sqlalchemy.engine.Engine [cached since 91.35s ago] (1,)
2026-09-18 11:42:47,001 INFO sqlalchemy.engine.Engine SELECT citizens.id, citizens.discord_id, citizens.username, citizens.minecraft_uuid, citizens.role_ids, citizens.main_role_id, citizens.reputation, citizens.citizenship_date, citizens.last_login, citizens.created_at, citizens.updated_at, citizens.is_active, citizens.is_verified 
FROM citizens 
WHERE citizens.id = $1::INTEGER
2026-09-18 11:42:47,002 INFO sqlalchemy.engine.Engine [cached since 91.37s ago] (2,)
2026-09-18 11:42:47,008 INFO sqlalchemy.engine.Engine SELECT isb_sectors.id, isb_sectors.number, isb_sectors.name, isb_sectors.description, isb_sectors.center_x, isb_sectors.center_z, isb_sectors.threat_level, isb_sectors.is_active, isb_sectors.created_at 
FROM isb_sectors 
WHERE isb_sectors.id = $1::INTEGER
2026-09-18 11:42:47,009 INFO sqlalchemy.engine.Engine [cached since 91.36s ago] (10,)
INFO:     127.0.0.1:57420 - "GET /api/isb/logs?limit=30 HTTP/1.1" 200 OK
2026-09-18 11:42:47,017 INFO sqlalchemy.engine.Engine ROLLBACK
2026-09-18 11:43:02,889 INFO sqlalchemy.engine.Engine BEGIN (implicit)
2026-09-18 11:43:02,890 INFO sqlalchemy.engine.Engine SELECT citizens.id, citizens.discord_id, citizens.username, citizens.minecraft_uuid, citizens.role_ids, citizens.main_role_id, citizens.reputation, citizens.citizenship_date, citizens.last_login, citizens.created_at, citizens.updated_at, citizens.is_active, citizens.is_verified 
FROM citizens 
WHERE citizens.discord_id = $1::BIGINT
2026-09-18 11:43:02,890 INFO sqlalchemy.engine.Engine [cached since 108s ago] (436507782263603200,)
2026-09-18 11:43:02,892 INFO sqlalchemy.engine.Engine BEGIN (implicit)
2026-09-18 11:43:02,893 INFO sqlalchemy.engine.Engine SELECT citizens.id, citizens.discord_id, citizens.username, citizens.minecraft_uuid, citizens.role_ids, citizens.main_role_id, citizens.reputation, citizens.citizenship_date, citizens.last_login, citizens.created_at, citizens.updated_at, citizens.is_active, citizens.is_verified 
FROM citizens 
WHERE citizens.discord_id = $1::BIGINT
2026-09-18 11:43:02,893 INFO sqlalchemy.engine.Engine [cached since 108s ago] (436507782263603200,)
2026-09-18 11:43:02,896 INFO sqlalchemy.engine.Engine SELECT isb_employees.id, isb_employees.citizen_id, isb_employees.service_number, isb_employees.rank_name, isb_employees.rank_short, isb_employees.branch, isb_employees.level, isb_employees.access_level, isb_employees.position, isb_employees.enlisted_at, isb_employees.promoted_at, isb_employees.discharged_at, isb_employees.is_active, isb_employees.can_arrest, isb_employees.can_conduct_searches, isb_employees.can_issue_warrants, isb_employees.can_command, isb_employees.notes, isb_employees.created_at, isb_employees.updated_at 
FROM isb_employees 
WHERE isb_employees.citizen_id = $1::INTEGER
2026-09-18 11:43:02,896 INFO sqlalchemy.engine.Engine [cached since 107.9s ago] (2,)
2026-09-18 11:43:02,898 INFO sqlalchemy.engine.Engine SELECT roles.id, roles.name, roles.display_name, roles.level, roles.is_active, roles.created_at, roles.updated_at 
FROM roles 
WHERE roles.id IN ($1::INTEGER, $2::INTEGER, $3::INTEGER)
2026-09-18 11:43:02,898 INFO sqlalchemy.engine.Engine [cached since 107.9s ago] (2, 19, 7)
2026-09-18 11:43:02,901 INFO sqlalchemy.engine.Engine SELECT permissions.id, permissions.name, permissions.display_name, permissions.category, permissions.is_active, permissions.created_at, permissions.updated_at 
FROM permissions JOIN role_permissions ON permissions.id = role_permissions.permission_id 
WHERE role_permissions.role_id = $1::INTEGER
2026-09-18 11:43:02,902 INFO sqlalchemy.engine.Engine [cached since 107.9s ago] (2,)
INFO:     127.0.0.1:57428 - "GET /api/isb/me/access HTTP/1.1" 200 OK
2026-09-18 11:43:02,904 INFO sqlalchemy.engine.Engine ROLLBACK
2026-09-18 11:43:02,909 INFO sqlalchemy.engine.Engine SELECT permissions.id, permissions.name, permissions.display_name, permissions.category, permissions.is_active, permissions.created_at, permissions.updated_at 
FROM permissions JOIN role_permissions ON permissions.id = role_permissions.permission_id 
WHERE role_permissions.role_id = $1::INTEGER
2026-09-18 11:43:02,910 INFO sqlalchemy.engine.Engine [cached since 107.9s ago] (7,)
2026-09-18 11:43:02,915 INFO sqlalchemy.engine.Engine SELECT permissions.id, permissions.name, permissions.display_name, permissions.category, permissions.is_active, permissions.created_at, permissions.updated_at 
FROM permissions JOIN role_permissions ON permissions.id = role_permissions.permission_id 
WHERE role_permissions.role_id = $1::INTEGER
2026-09-18 11:43:02,915 INFO sqlalchemy.engine.Engine [cached since 107.9s ago] (19,)
2026-09-18 11:43:02,919 INFO sqlalchemy.engine.Engine SELECT isb_sectors.id, isb_sectors.number, isb_sectors.name, isb_sectors.description, isb_sectors.center_x, isb_sectors.center_z, isb_sectors.threat_level, isb_sectors.is_active, isb_sectors.created_at 
FROM isb_sectors ORDER BY isb_sectors.number
2026-09-18 11:43:02,920 INFO sqlalchemy.engine.Engine [cached since 107.3s ago] ()
2026-09-18 11:43:02,922 INFO sqlalchemy.engine.Engine SELECT isb_sector_assignments.id, isb_sector_assignments.sector_id, isb_sector_assignments.employee_id, isb_sector_assignments.assigned_at, isb_sector_assignments.is_leader, isb_sector_assignments.notes 
FROM isb_sector_assignments 
WHERE isb_sector_assignments.sector_id = $1::INTEGER
2026-09-18 11:43:02,923 INFO sqlalchemy.engine.Engine [cached since 107.3s ago] (1,)
2026-09-18 11:43:02,925 INFO sqlalchemy.engine.Engine SELECT isb_employees.id, isb_employees.citizen_id, isb_employees.service_number, isb_employees.rank_name, isb_employees.rank_short, isb_employees.branch, isb_employees.level, isb_employees.access_level, isb_employees.position, isb_employees.enlisted_at, isb_employees.promoted_at, isb_employees.discharged_at, isb_employees.is_active, isb_employees.can_arrest, isb_employees.can_conduct_searches, isb_employees.can_issue_warrants, isb_employees.can_command, isb_employees.notes, isb_employees.created_at, isb_employees.updated_at 
FROM isb_employees 
WHERE isb_employees.id = $1::INTEGER
2026-09-18 11:43:02,925 INFO sqlalchemy.engine.Engine [cached since 107.3s ago] (2,)
2026-09-18 11:43:02,928 INFO sqlalchemy.engine.Engine SELECT citizens.id, citizens.discord_id, citizens.username, citizens.minecraft_uuid, citizens.role_ids, citizens.main_role_id, citizens.reputation, citizens.citizenship_date, citizens.last_login, citizens.created_at, citizens.updated_at, citizens.is_active, citizens.is_verified 
FROM citizens 
WHERE citizens.id = $1::INTEGER
2026-09-18 11:43:02,929 INFO sqlalchemy.engine.Engine [cached since 107.3s ago] (4,)
2026-09-18 11:43:02,932 INFO sqlalchemy.engine.Engine SELECT isb_employees.id, isb_employees.citizen_id, isb_employees.service_number, isb_employees.rank_name, isb_employees.rank_short, isb_employees.branch, isb_employees.level, isb_employees.access_level, isb_employees.position, isb_employees.enlisted_at, isb_employees.promoted_at, isb_employees.discharged_at, isb_employees.is_active, isb_employees.can_arrest, isb_employees.can_conduct_searches, isb_employees.can_issue_warrants, isb_employees.can_command, isb_employees.notes, isb_employees.created_at, isb_employees.updated_at 
FROM isb_employees 
WHERE isb_employees.id = $1::INTEGER
2026-09-18 11:43:02,932 INFO sqlalchemy.engine.Engine [cached since 107.3s ago] (1,)
2026-09-18 11:43:02,936 INFO sqlalchemy.engine.Engine SELECT citizens.id, citizens.discord_id, citizens.username, citizens.minecraft_uuid, citizens.role_ids, citizens.main_role_id, citizens.reputation, citizens.citizenship_date, citizens.last_login, citizens.created_at, citizens.updated_at, citizens.is_active, citizens.is_verified 
FROM citizens 
WHERE citizens.id = $1::INTEGER
2026-09-18 11:43:02,936 INFO sqlalchemy.engine.Engine [cached since 107.3s ago] (2,)
2026-09-18 11:43:02,938 INFO sqlalchemy.engine.Engine SELECT isb_sector_assignments.id, isb_sector_assignments.sector_id, isb_sector_assignments.employee_id, isb_sector_assignments.assigned_at, isb_sector_assignments.is_leader, isb_sector_assignments.notes 
FROM isb_sector_assignments 
WHERE isb_sector_assignments.sector_id = $1::INTEGER
2026-09-18 11:43:02,939 INFO sqlalchemy.engine.Engine [cached since 107.3s ago] (2,)
2026-09-18 11:43:02,942 INFO sqlalchemy.engine.Engine SELECT isb_sector_assignments.id, isb_sector_assignments.sector_id, isb_sector_assignments.employee_id, isb_sector_assignments.assigned_at, isb_sector_assignments.is_leader, isb_sector_assignments.notes 
FROM isb_sector_assignments 
WHERE isb_sector_assignments.sector_id = $1::INTEGER
2026-09-18 11:43:02,942 INFO sqlalchemy.engine.Engine [cached since 107.3s ago] (3,)
2026-09-18 11:43:02,944 INFO sqlalchemy.engine.Engine SELECT isb_sector_assignments.id, isb_sector_assignments.sector_id, isb_sector_assignments.employee_id, isb_sector_assignments.assigned_at, isb_sector_assignments.is_leader, isb_sector_assignments.notes 
FROM isb_sector_assignments 
WHERE isb_sector_assignments.sector_id = $1::INTEGER
2026-09-18 11:43:02,944 INFO sqlalchemy.engine.Engine [cached since 107.3s ago] (4,)
2026-09-18 11:43:02,947 INFO sqlalchemy.engine.Engine SELECT isb_sector_assignments.id, isb_sector_assignments.sector_id, isb_sector_assignments.employee_id, isb_sector_assignments.assigned_at, isb_sector_assignments.is_leader, isb_sector_assignments.notes 
FROM isb_sector_assignments 
WHERE isb_sector_assignments.sector_id = $1::INTEGER
2026-09-18 11:43:02,947 INFO sqlalchemy.engine.Engine [cached since 107.3s ago] (5,)
2026-09-18 11:43:02,950 INFO sqlalchemy.engine.Engine SELECT isb_sector_assignments.id, isb_sector_assignments.sector_id, isb_sector_assignments.employee_id, isb_sector_assignments.assigned_at, isb_sector_assignments.is_leader, isb_sector_assignments.notes 
FROM isb_sector_assignments 
WHERE isb_sector_assignments.sector_id = $1::INTEGER
2026-09-18 11:43:02,951 INFO sqlalchemy.engine.Engine [cached since 107.3s ago] (6,)
2026-09-18 11:43:02,953 INFO sqlalchemy.engine.Engine SELECT isb_sector_assignments.id, isb_sector_assignments.sector_id, isb_sector_assignments.employee_id, isb_sector_assignments.assigned_at, isb_sector_assignments.is_leader, isb_sector_assignments.notes 
FROM isb_sector_assignments 
WHERE isb_sector_assignments.sector_id = $1::INTEGER
2026-09-18 11:43:02,953 INFO sqlalchemy.engine.Engine [cached since 107.3s ago] (7,)
2026-09-18 11:43:02,955 INFO sqlalchemy.engine.Engine SELECT isb_sector_assignments.id, isb_sector_assignments.sector_id, isb_sector_assignments.employee_id, isb_sector_assignments.assigned_at, isb_sector_assignments.is_leader, isb_sector_assignments.notes 
FROM isb_sector_assignments 
WHERE isb_sector_assignments.sector_id = $1::INTEGER
2026-09-18 11:43:02,956 INFO sqlalchemy.engine.Engine [cached since 107.3s ago] (8,)
2026-09-18 11:43:02,958 INFO sqlalchemy.engine.Engine SELECT isb_sector_assignments.id, isb_sector_assignments.sector_id, isb_sector_assignments.employee_id, isb_sector_assignments.assigned_at, isb_sector_assignments.is_leader, isb_sector_assignments.notes 
FROM isb_sector_assignments 
WHERE isb_sector_assignments.sector_id = $1::INTEGER
2026-09-18 11:43:02,958 INFO sqlalchemy.engine.Engine [cached since 107.3s ago] (9,)
2026-09-18 11:43:02,961 INFO sqlalchemy.engine.Engine SELECT isb_sector_assignments.id, isb_sector_assignments.sector_id, isb_sector_assignments.employee_id, isb_sector_assignments.assigned_at, isb_sector_assignments.is_leader, isb_sector_assignments.notes 
FROM isb_sector_assignments 
WHERE isb_sector_assignments.sector_id = $1::INTEGER
2026-09-18 11:43:02,961 INFO sqlalchemy.engine.Engine [cached since 107.3s ago] (10,)
2026-09-18 11:43:02,963 INFO sqlalchemy.engine.Engine SELECT isb_employees.id, isb_employees.citizen_id, isb_employees.service_number, isb_employees.rank_name, isb_employees.rank_short, isb_employees.branch, isb_employees.level, isb_employees.access_level, isb_employees.position, isb_employees.enlisted_at, isb_employees.promoted_at, isb_employees.discharged_at, isb_employees.is_active, isb_employees.can_arrest, isb_employees.can_conduct_searches, isb_employees.can_issue_warrants, isb_employees.can_command, isb_employees.notes, isb_employees.created_at, isb_employees.updated_at 
FROM isb_employees 
WHERE isb_employees.id = $1::INTEGER
2026-09-18 11:43:02,964 INFO sqlalchemy.engine.Engine [cached since 107.3s ago] (2,)
2026-09-18 11:43:02,966 INFO sqlalchemy.engine.Engine SELECT citizens.id, citizens.discord_id, citizens.username, citizens.minecraft_uuid, citizens.role_ids, citizens.main_role_id, citizens.reputation, citizens.citizenship_date, citizens.last_login, citizens.created_at, citizens.updated_at, citizens.is_active, citizens.is_verified 
FROM citizens 
WHERE citizens.id = $1::INTEGER
2026-09-18 11:43:02,966 INFO sqlalchemy.engine.Engine [cached since 107.3s ago] (4,)
INFO:     127.0.0.1:57424 - "GET /api/isb/sectors HTTP/1.1" 200 OK
2026-09-18 11:43:02,970 INFO sqlalchemy.engine.Engine ROLLBACK
2026-09-18 11:43:04,890 INFO sqlalchemy.engine.Engine BEGIN (implicit)
2026-09-18 11:43:04,891 INFO sqlalchemy.engine.Engine SELECT citizens.id, citizens.discord_id, citizens.username, citizens.minecraft_uuid, citizens.role_ids, citizens.main_role_id, citizens.reputation, citizens.citizenship_date, citizens.last_login, citizens.created_at, citizens.updated_at, citizens.is_active, citizens.is_verified 
FROM citizens 
WHERE citizens.discord_id = $1::BIGINT
2026-09-18 11:43:04,892 INFO sqlalchemy.engine.Engine [cached since 110s ago] (436507782263603200,)
2026-09-18 11:43:04,896 INFO sqlalchemy.engine.Engine SELECT roles.id, roles.name, roles.display_name, roles.level, roles.is_active, roles.created_at, roles.updated_at 
FROM roles 
WHERE roles.id IN ($1::INTEGER, $2::INTEGER, $3::INTEGER)
2026-09-18 11:43:04,897 INFO sqlalchemy.engine.Engine [cached since 109.9s ago] (2, 19, 7)
2026-09-18 11:43:04,903 INFO sqlalchemy.engine.Engine SELECT permissions.id, permissions.name, permissions.display_name, permissions.category, permissions.is_active, permissions.created_at, permissions.updated_at 
FROM permissions JOIN role_permissions ON permissions.id = role_permissions.permission_id 
WHERE role_permissions.role_id = $1::INTEGER
2026-09-18 11:43:04,903 INFO sqlalchemy.engine.Engine [cached since 109.9s ago] (2,)
2026-09-18 11:43:04,910 INFO sqlalchemy.engine.Engine SELECT permissions.id, permissions.name, permissions.display_name, permissions.category, permissions.is_active, permissions.created_at, permissions.updated_at 
FROM permissions JOIN role_permissions ON permissions.id = role_permissions.permission_id 
WHERE role_permissions.role_id = $1::INTEGER
2026-09-18 11:43:04,911 INFO sqlalchemy.engine.Engine [cached since 109.9s ago] (7,)
2026-09-18 11:43:04,916 INFO sqlalchemy.engine.Engine SELECT permissions.id, permissions.name, permissions.display_name, permissions.category, permissions.is_active, permissions.created_at, permissions.updated_at 
FROM permissions JOIN role_permissions ON permissions.id = role_permissions.permission_id 
WHERE role_permissions.role_id = $1::INTEGER
2026-09-18 11:43:04,917 INFO sqlalchemy.engine.Engine [cached since 109.9s ago] (19,)
2026-09-18 11:43:04,922 INFO sqlalchemy.engine.Engine SELECT isb_employees.id, isb_employees.citizen_id, isb_employees.service_number, isb_employees.rank_name, isb_employees.rank_short, isb_employees.branch, isb_employees.level, isb_employees.access_level, isb_employees.position, isb_employees.enlisted_at, isb_employees.promoted_at, isb_employees.discharged_at, isb_employees.is_active, isb_employees.can_arrest, isb_employees.can_conduct_searches, isb_employees.can_issue_warrants, isb_employees.can_command, isb_employees.notes, isb_employees.created_at, isb_employees.updated_at 
FROM isb_employees ORDER BY isb_employees.level DESC
2026-09-18 11:43:04,923 INFO sqlalchemy.engine.Engine [cached since 109.5s ago] ()
2026-09-18 11:43:04,928 INFO sqlalchemy.engine.Engine SELECT citizens.id, citizens.discord_id, citizens.username, citizens.minecraft_uuid, citizens.role_ids, citizens.main_role_id, citizens.reputation, citizens.citizenship_date, citizens.last_login, citizens.created_at, citizens.updated_at, citizens.is_active, citizens.is_verified 
FROM citizens 
WHERE citizens.id IN ($1::INTEGER, $2::INTEGER)
2026-09-18 11:43:04,929 INFO sqlalchemy.engine.Engine [cached since 109.5s ago] (2, 4)
INFO:     127.0.0.1:57424 - "GET /api/admin/isb/employees HTTP/1.1" 200 OK
2026-09-18 11:43:04,933 INFO sqlalchemy.engine.Engine ROLLBACK
2026-09-18 11:43:32,895 INFO sqlalchemy.engine.Engine BEGIN (implicit)
2026-09-18 11:43:32,896 INFO sqlalchemy.engine.Engine SELECT citizens.id, citizens.discord_id, citizens.username, citizens.minecraft_uuid, citizens.role_ids, citizens.main_role_id, citizens.reputation, citizens.citizenship_date, citizens.last_login, citizens.created_at, citizens.updated_at, citizens.is_active, citizens.is_verified 
FROM citizens 
WHERE citizens.discord_id = $1::BIGINT
2026-09-18 11:43:32,897 INFO sqlalchemy.engine.Engine [cached since 138s ago] (436507782263603200,)
2026-09-18 11:43:32,901 INFO sqlalchemy.engine.Engine BEGIN (implicit)
2026-09-18 11:43:32,902 INFO sqlalchemy.engine.Engine SELECT citizens.id, citizens.discord_id, citizens.username, citizens.minecraft_uuid, citizens.role_ids, citizens.main_role_id, citizens.reputation, citizens.citizenship_date, citizens.last_login, citizens.created_at, citizens.updated_at, citizens.is_active, citizens.is_verified 
FROM citizens 
WHERE citizens.discord_id = $1::BIGINT
2026-09-18 11:43:32,902 INFO sqlalchemy.engine.Engine [cached since 138s ago] (436507782263603200,)
2026-09-18 11:43:32,908 INFO sqlalchemy.engine.Engine BEGIN (implicit)
2026-09-18 11:43:32,908 INFO sqlalchemy.engine.Engine SELECT citizens.id, citizens.discord_id, citizens.username, citizens.minecraft_uuid, citizens.role_ids, citizens.main_role_id, citizens.reputation, citizens.citizenship_date, citizens.last_login, citizens.created_at, citizens.updated_at, citizens.is_active, citizens.is_verified 
FROM citizens 
WHERE citizens.discord_id = $1::BIGINT
2026-09-18 11:43:32,909 INFO sqlalchemy.engine.Engine [cached since 138s ago] (436507782263603200,)
2026-09-18 11:43:32,913 INFO sqlalchemy.engine.Engine SELECT roles.id, roles.name, roles.display_name, roles.level, roles.is_active, roles.created_at, roles.updated_at 
FROM roles 
WHERE roles.id IN ($1::INTEGER, $2::INTEGER, $3::INTEGER)
2026-09-18 11:43:32,913 INFO sqlalchemy.engine.Engine [cached since 137.9s ago] (2, 19, 7)
2026-09-18 11:43:32,917 INFO sqlalchemy.engine.Engine SELECT roles.id, roles.name, roles.display_name, roles.level, roles.is_active, roles.created_at, roles.updated_at 
FROM roles 
WHERE roles.id IN ($1::INTEGER, $2::INTEGER, $3::INTEGER)
2026-09-18 11:43:32,917 INFO sqlalchemy.engine.Engine [cached since 137.9s ago] (2, 19, 7)
2026-09-18 11:43:32,921 INFO sqlalchemy.engine.Engine SELECT isb_employees.id, isb_employees.citizen_id, isb_employees.service_number, isb_employees.rank_name, isb_employees.rank_short, isb_employees.branch, isb_employees.level, isb_employees.access_level, isb_employees.position, isb_employees.enlisted_at, isb_employees.promoted_at, isb_employees.discharged_at, isb_employees.is_active, isb_employees.can_arrest, isb_employees.can_conduct_searches, isb_employees.can_issue_warrants, isb_employees.can_command, isb_employees.notes, isb_employees.created_at, isb_employees.updated_at 
FROM isb_employees 
WHERE isb_employees.citizen_id = $1::INTEGER
2026-09-18 11:43:32,921 INFO sqlalchemy.engine.Engine [cached since 137.9s ago] (2,)
2026-09-18 11:43:32,925 INFO sqlalchemy.engine.Engine SELECT permissions.id, permissions.name, permissions.display_name, permissions.category, permissions.is_active, permissions.created_at, permissions.updated_at 
FROM permissions JOIN role_permissions ON permissions.id = role_permissions.permission_id 
WHERE role_permissions.role_id = $1::INTEGER
2026-09-18 11:43:32,925 INFO sqlalchemy.engine.Engine [cached since 137.9s ago] (2,)
2026-09-18 11:43:32,928 INFO sqlalchemy.engine.Engine SELECT permissions.id, permissions.name, permissions.display_name, permissions.category, permissions.is_active, permissions.created_at, permissions.updated_at 
FROM permissions JOIN role_permissions ON permissions.id = role_permissions.permission_id 
WHERE role_permissions.role_id = $1::INTEGER
2026-09-18 11:43:32,928 INFO sqlalchemy.engine.Engine [cached since 137.9s ago] (2,)
INFO:     127.0.0.1:57442 - "GET /api/isb/me/access HTTP/1.1" 200 OK
2026-09-18 11:43:32,931 INFO sqlalchemy.engine.Engine ROLLBACK
2026-09-18 11:43:32,933 INFO sqlalchemy.engine.Engine SELECT permissions.id, permissions.name, permissions.display_name, permissions.category, permissions.is_active, permissions.created_at, permissions.updated_at 
FROM permissions JOIN role_permissions ON permissions.id = role_permissions.permission_id 
WHERE role_permissions.role_id = $1::INTEGER
2026-09-18 11:43:32,933 INFO sqlalchemy.engine.Engine [cached since 137.9s ago] (7,)
2026-09-18 11:43:32,935 INFO sqlalchemy.engine.Engine SELECT permissions.id, permissions.name, permissions.display_name, permissions.category, permissions.is_active, permissions.created_at, permissions.updated_at 
FROM permissions JOIN role_permissions ON permissions.id = role_permissions.permission_id 
WHERE role_permissions.role_id = $1::INTEGER
2026-09-18 11:43:32,935 INFO sqlalchemy.engine.Engine [cached since 137.9s ago] (7,)
2026-09-18 11:43:32,938 INFO sqlalchemy.engine.Engine SELECT permissions.id, permissions.name, permissions.display_name, permissions.category, permissions.is_active, permissions.created_at, permissions.updated_at 
FROM permissions JOIN role_permissions ON permissions.id = role_permissions.permission_id 
WHERE role_permissions.role_id = $1::INTEGER
2026-09-18 11:43:32,939 INFO sqlalchemy.engine.Engine [cached since 137.9s ago] (19,)
2026-09-18 11:43:32,940 INFO sqlalchemy.engine.Engine SELECT permissions.id, permissions.name, permissions.display_name, permissions.category, permissions.is_active, permissions.created_at, permissions.updated_at 
FROM permissions JOIN role_permissions ON permissions.id = role_permissions.permission_id 
WHERE role_permissions.role_id = $1::INTEGER
2026-09-18 11:43:32,940 INFO sqlalchemy.engine.Engine [cached since 137.9s ago] (19,)
2026-09-18 11:43:32,942 INFO sqlalchemy.engine.Engine SELECT isb_employees.id, isb_employees.citizen_id, isb_employees.service_number, isb_employees.rank_name, isb_employees.rank_short, isb_employees.branch, isb_employees.level, isb_employees.access_level, isb_employees.position, isb_employees.enlisted_at, isb_employees.promoted_at, isb_employees.discharged_at, isb_employees.is_active, isb_employees.can_arrest, isb_employees.can_conduct_searches, isb_employees.can_issue_warrants, isb_employees.can_command, isb_employees.notes, isb_employees.created_at, isb_employees.updated_at 
FROM isb_employees ORDER BY isb_employees.level DESC
2026-09-18 11:43:32,943 INFO sqlalchemy.engine.Engine [cached since 137.5s ago] ()
2026-09-18 11:43:32,944 INFO sqlalchemy.engine.Engine SELECT isb_sectors.id, isb_sectors.number, isb_sectors.name, isb_sectors.description, isb_sectors.center_x, isb_sectors.center_z, isb_sectors.threat_level, isb_sectors.is_active, isb_sectors.created_at 
FROM isb_sectors ORDER BY isb_sectors.number
2026-09-18 11:43:32,944 INFO sqlalchemy.engine.Engine [cached since 137.3s ago] ()
2026-09-18 11:43:32,946 INFO sqlalchemy.engine.Engine SELECT citizens.id, citizens.discord_id, citizens.username, citizens.minecraft_uuid, citizens.role_ids, citizens.main_role_id, citizens.reputation, citizens.citizenship_date, citizens.last_login, citizens.created_at, citizens.updated_at, citizens.is_active, citizens.is_verified 
FROM citizens 
WHERE citizens.id IN ($1::INTEGER, $2::INTEGER)
2026-09-18 11:43:32,947 INFO sqlalchemy.engine.Engine [cached since 137.5s ago] (2, 4)
2026-09-18 11:43:32,948 INFO sqlalchemy.engine.Engine SELECT isb_sector_assignments.id, isb_sector_assignments.sector_id, isb_sector_assignments.employee_id, isb_sector_assignments.assigned_at, isb_sector_assignments.is_leader, isb_sector_assignments.notes 
FROM isb_sector_assignments 
WHERE isb_sector_assignments.sector_id = $1::INTEGER
2026-09-18 11:43:32,948 INFO sqlalchemy.engine.Engine [cached since 137.3s ago] (1,)
2026-09-18 11:43:32,951 INFO sqlalchemy.engine.Engine SELECT isb_employees.id, isb_employees.citizen_id, isb_employees.service_number, isb_employees.rank_name, isb_employees.rank_short, isb_employees.branch, isb_employees.level, isb_employees.access_level, isb_employees.position, isb_employees.enlisted_at, isb_employees.promoted_at, isb_employees.discharged_at, isb_employees.is_active, isb_employees.can_arrest, isb_employees.can_conduct_searches, isb_employees.can_issue_warrants, isb_employees.can_command, isb_employees.notes, isb_employees.created_at, isb_employees.updated_at 
FROM isb_employees 
WHERE isb_employees.id = $1::INTEGER
2026-09-18 11:43:32,951 INFO sqlalchemy.engine.Engine [cached since 137.3s ago] (2,)
INFO:     127.0.0.1:57434 - "GET /api/admin/isb/employees HTTP/1.1" 200 OK
2026-09-18 11:43:32,953 INFO sqlalchemy.engine.Engine ROLLBACK
2026-09-18 11:43:32,955 INFO sqlalchemy.engine.Engine SELECT citizens.id, citizens.discord_id, citizens.username, citizens.minecraft_uuid, citizens.role_ids, citizens.main_role_id, citizens.reputation, citizens.citizenship_date, citizens.last_login, citizens.created_at, citizens.updated_at, citizens.is_active, citizens.is_verified 
FROM citizens 
WHERE citizens.id = $1::INTEGER
2026-09-18 11:43:32,955 INFO sqlalchemy.engine.Engine [cached since 137.3s ago] (4,)
2026-09-18 11:43:32,959 INFO sqlalchemy.engine.Engine SELECT isb_employees.id, isb_employees.citizen_id, isb_employees.service_number, isb_employees.rank_name, isb_employees.rank_short, isb_employees.branch, isb_employees.level, isb_employees.access_level, isb_employees.position, isb_employees.enlisted_at, isb_employees.promoted_at, isb_employees.discharged_at, isb_employees.is_active, isb_employees.can_arrest, isb_employees.can_conduct_searches, isb_employees.can_issue_warrants, isb_employees.can_command, isb_employees.notes, isb_employees.created_at, isb_employees.updated_at 
FROM isb_employees 
WHERE isb_employees.id = $1::INTEGER
2026-09-18 11:43:32,959 INFO sqlalchemy.engine.Engine [cached since 137.3s ago] (1,)
2026-09-18 11:43:32,962 INFO sqlalchemy.engine.Engine SELECT citizens.id, citizens.discord_id, citizens.username, citizens.minecraft_uuid, citizens.role_ids, citizens.main_role_id, citizens.reputation, citizens.citizenship_date, citizens.last_login, citizens.created_at, citizens.updated_at, citizens.is_active, citizens.is_verified 
FROM citizens 
WHERE citizens.id = $1::INTEGER
2026-09-18 11:43:32,962 INFO sqlalchemy.engine.Engine [cached since 137.3s ago] (2,)
2026-09-18 11:43:32,964 INFO sqlalchemy.engine.Engine BEGIN (implicit)
2026-09-18 11:43:32,965 INFO sqlalchemy.engine.Engine SELECT isb_awards.id, isb_awards.name, isb_awards.display_name, isb_awards.description, isb_awards.icon, isb_awards.rarity, isb_awards.category, isb_awards.is_active, isb_awards.created_at 
FROM isb_awards 
WHERE isb_awards.is_active = true ORDER BY isb_awards.rarity, isb_awards.display_name
2026-09-18 11:43:32,965 INFO sqlalchemy.engine.Engine [cached since 137.5s ago] ()
2026-09-18 11:43:32,967 INFO sqlalchemy.engine.Engine SELECT isb_sector_assignments.id, isb_sector_assignments.sector_id, isb_sector_assignments.employee_id, isb_sector_assignments.assigned_at, isb_sector_assignments.is_leader, isb_sector_assignments.notes 
FROM isb_sector_assignments 
WHERE isb_sector_assignments.sector_id = $1::INTEGER
2026-09-18 11:43:32,967 INFO sqlalchemy.engine.Engine [cached since 137.3s ago] (2,)
2026-09-18 11:43:32,969 INFO sqlalchemy.engine.Engine SELECT isb_sector_assignments.id, isb_sector_assignments.sector_id, isb_sector_assignments.employee_id, isb_sector_assignments.assigned_at, isb_sector_assignments.is_leader, isb_sector_assignments.notes 
FROM isb_sector_assignments 
WHERE isb_sector_assignments.sector_id = $1::INTEGER
2026-09-18 11:43:32,969 INFO sqlalchemy.engine.Engine [cached since 137.3s ago] (3,)
2026-09-18 11:43:32,972 INFO sqlalchemy.engine.Engine SELECT isb_sector_assignments.id, isb_sector_assignments.sector_id, isb_sector_assignments.employee_id, isb_sector_assignments.assigned_at, isb_sector_assignments.is_leader, isb_sector_assignments.notes 
FROM isb_sector_assignments 
WHERE isb_sector_assignments.sector_id = $1::INTEGER
2026-09-18 11:43:32,972 INFO sqlalchemy.engine.Engine [cached since 137.3s ago] (4,)
2026-09-18 11:43:32,975 INFO sqlalchemy.engine.Engine SELECT count(isb_award_grants.id) AS count_1 
FROM isb_award_grants 
WHERE isb_award_grants.award_id = $1::INTEGER
2026-09-18 11:43:32,975 INFO sqlalchemy.engine.Engine [cached since 137.4s ago] (3,)
2026-09-18 11:43:32,977 INFO sqlalchemy.engine.Engine SELECT isb_sector_assignments.id, isb_sector_assignments.sector_id, isb_sector_assignments.employee_id, isb_sector_assignments.assigned_at, isb_sector_assignments.is_leader, isb_sector_assignments.notes 
FROM isb_sector_assignments 
WHERE isb_sector_assignments.sector_id = $1::INTEGER
2026-09-18 11:43:32,977 INFO sqlalchemy.engine.Engine [cached since 137.3s ago] (5,)
2026-09-18 11:43:32,981 INFO sqlalchemy.engine.Engine SELECT isb_sector_assignments.id, isb_sector_assignments.sector_id, isb_sector_assignments.employee_id, isb_sector_assignments.assigned_at, isb_sector_assignments.is_leader, isb_sector_assignments.notes 
FROM isb_sector_assignments 
WHERE isb_sector_assignments.sector_id = $1::INTEGER
2026-09-18 11:43:32,981 INFO sqlalchemy.engine.Engine [cached since 137.3s ago] (6,)
2026-09-18 11:43:32,983 INFO sqlalchemy.engine.Engine SELECT count(isb_award_grants.id) AS count_1 
FROM isb_award_grants 
WHERE isb_award_grants.award_id = $1::INTEGER
2026-09-18 11:43:32,984 INFO sqlalchemy.engine.Engine [cached since 137.4s ago] (1,)
2026-09-18 11:43:32,986 INFO sqlalchemy.engine.Engine SELECT isb_sector_assignments.id, isb_sector_assignments.sector_id, isb_sector_assignments.employee_id, isb_sector_assignments.assigned_at, isb_sector_assignments.is_leader, isb_sector_assignments.notes 
FROM isb_sector_assignments 
WHERE isb_sector_assignments.sector_id = $1::INTEGER
2026-09-18 11:43:32,986 INFO sqlalchemy.engine.Engine [cached since 137.3s ago] (7,)
2026-09-18 11:43:32,988 INFO sqlalchemy.engine.Engine SELECT count(isb_award_grants.id) AS count_1 
FROM isb_award_grants 
WHERE isb_award_grants.award_id = $1::INTEGER
2026-09-18 11:43:32,988 INFO sqlalchemy.engine.Engine [cached since 137.4s ago] (2,)
2026-09-18 11:43:32,990 INFO sqlalchemy.engine.Engine SELECT isb_sector_assignments.id, isb_sector_assignments.sector_id, isb_sector_assignments.employee_id, isb_sector_assignments.assigned_at, isb_sector_assignments.is_leader, isb_sector_assignments.notes 
FROM isb_sector_assignments 
WHERE isb_sector_assignments.sector_id = $1::INTEGER
2026-09-18 11:43:32,990 INFO sqlalchemy.engine.Engine [cached since 137.3s ago] (8,)
2026-09-18 11:43:32,993 INFO sqlalchemy.engine.Engine SELECT count(isb_award_grants.id) AS count_1 
FROM isb_award_grants 
WHERE isb_award_grants.award_id = $1::INTEGER
2026-09-18 11:43:32,993 INFO sqlalchemy.engine.Engine [cached since 137.5s ago] (11,)
2026-09-18 11:43:32,995 INFO sqlalchemy.engine.Engine SELECT isb_sector_assignments.id, isb_sector_assignments.sector_id, isb_sector_assignments.employee_id, isb_sector_assignments.assigned_at, isb_sector_assignments.is_leader, isb_sector_assignments.notes 
FROM isb_sector_assignments 
WHERE isb_sector_assignments.sector_id = $1::INTEGER
2026-09-18 11:43:32,996 INFO sqlalchemy.engine.Engine [cached since 137.4s ago] (9,)
2026-09-18 11:43:32,999 INFO sqlalchemy.engine.Engine SELECT count(isb_award_grants.id) AS count_1 
FROM isb_award_grants 
WHERE isb_award_grants.award_id = $1::INTEGER
2026-09-18 11:43:32,999 INFO sqlalchemy.engine.Engine [cached since 137.5s ago] (10,)
2026-09-18 11:43:33,001 INFO sqlalchemy.engine.Engine SELECT isb_sector_assignments.id, isb_sector_assignments.sector_id, isb_sector_assignments.employee_id, isb_sector_assignments.assigned_at, isb_sector_assignments.is_leader, isb_sector_assignments.notes 
FROM isb_sector_assignments 
WHERE isb_sector_assignments.sector_id = $1::INTEGER
2026-09-18 11:43:33,001 INFO sqlalchemy.engine.Engine [cached since 137.4s ago] (10,)
2026-09-18 11:43:33,004 INFO sqlalchemy.engine.Engine SELECT count(isb_award_grants.id) AS count_1 
FROM isb_award_grants 
WHERE isb_award_grants.award_id = $1::INTEGER
2026-09-18 11:43:33,004 INFO sqlalchemy.engine.Engine [cached since 137.5s ago] (12,)
2026-09-18 11:43:33,007 INFO sqlalchemy.engine.Engine SELECT isb_employees.id, isb_employees.citizen_id, isb_employees.service_number, isb_employees.rank_name, isb_employees.rank_short, isb_employees.branch, isb_employees.level, isb_employees.access_level, isb_employees.position, isb_employees.enlisted_at, isb_employees.promoted_at, isb_employees.discharged_at, isb_employees.is_active, isb_employees.can_arrest, isb_employees.can_conduct_searches, isb_employees.can_issue_warrants, isb_employees.can_command, isb_employees.notes, isb_employees.created_at, isb_employees.updated_at 
FROM isb_employees 
WHERE isb_employees.id = $1::INTEGER
2026-09-18 11:43:33,007 INFO sqlalchemy.engine.Engine [cached since 137.4s ago] (2,)
2026-09-18 11:43:33,009 INFO sqlalchemy.engine.Engine SELECT count(isb_award_grants.id) AS count_1 
FROM isb_award_grants 
WHERE isb_award_grants.award_id = $1::INTEGER
2026-09-18 11:43:33,009 INFO sqlalchemy.engine.Engine [cached since 137.5s ago] (8,)
2026-09-18 11:43:33,011 INFO sqlalchemy.engine.Engine SELECT citizens.id, citizens.discord_id, citizens.username, citizens.minecraft_uuid, citizens.role_ids, citizens.main_role_id, citizens.reputation, citizens.citizenship_date, citizens.last_login, citizens.created_at, citizens.updated_at, citizens.is_active, citizens.is_verified 
FROM citizens 
WHERE citizens.id = $1::INTEGER
2026-09-18 11:43:33,011 INFO sqlalchemy.engine.Engine [cached since 137.4s ago] (4,)
2026-09-18 11:43:33,013 INFO sqlalchemy.engine.Engine SELECT count(isb_award_grants.id) AS count_1 
FROM isb_award_grants 
WHERE isb_award_grants.award_id = $1::INTEGER
2026-09-18 11:43:33,014 INFO sqlalchemy.engine.Engine [cached since 137.5s ago] (9,)
INFO:     127.0.0.1:57438 - "GET /api/isb/sectors HTTP/1.1" 200 OK
2026-09-18 11:43:33,017 INFO sqlalchemy.engine.Engine ROLLBACK
2026-09-18 11:43:33,020 INFO sqlalchemy.engine.Engine SELECT count(isb_award_grants.id) AS count_1 
FROM isb_award_grants 
WHERE isb_award_grants.award_id = $1::INTEGER
2026-09-18 11:43:33,020 INFO sqlalchemy.engine.Engine [cached since 137.5s ago] (7,)
2026-09-18 11:43:33,023 INFO sqlalchemy.engine.Engine SELECT count(isb_award_grants.id) AS count_1 
FROM isb_award_grants 
WHERE isb_award_grants.award_id = $1::INTEGER
2026-09-18 11:43:33,023 INFO sqlalchemy.engine.Engine [cached since 137.5s ago] (5,)
2026-09-18 11:43:33,026 INFO sqlalchemy.engine.Engine SELECT count(isb_award_grants.id) AS count_1 
FROM isb_award_grants 
WHERE isb_award_grants.award_id = $1::INTEGER
2026-09-18 11:43:33,026 INFO sqlalchemy.engine.Engine [cached since 137.5s ago] (4,)
2026-09-18 11:43:33,029 INFO sqlalchemy.engine.Engine SELECT count(isb_award_grants.id) AS count_1 
FROM isb_award_grants 
WHERE isb_award_grants.award_id = $1::INTEGER
2026-09-18 11:43:33,030 INFO sqlalchemy.engine.Engine [cached since 137.5s ago] (6,)
INFO:     127.0.0.1:57434 - "GET /api/admin/isb/awards/public HTTP/1.1" 200 OK
2026-09-18 11:43:33,033 INFO sqlalchemy.engine.Engine ROLLBACK
2026-09-18 11:43:34,886 INFO sqlalchemy.engine.Engine BEGIN (implicit)
2026-09-18 11:43:34,887 INFO sqlalchemy.engine.Engine SELECT citizens.id, citizens.discord_id, citizens.username, citizens.minecraft_uuid, citizens.role_ids, citizens.main_role_id, citizens.reputation, citizens.citizenship_date, citizens.last_login, citizens.created_at, citizens.updated_at, citizens.is_active, citizens.is_verified 
FROM citizens 
WHERE citizens.discord_id = $1::BIGINT
2026-09-18 11:43:34,887 INFO sqlalchemy.engine.Engine [cached since 140s ago] (436507782263603200,)
2026-09-18 11:43:34,892 INFO sqlalchemy.engine.Engine SELECT roles.id, roles.name, roles.display_name, roles.level, roles.is_active, roles.created_at, roles.updated_at 
FROM roles 
WHERE roles.id IN ($1::INTEGER, $2::INTEGER, $3::INTEGER)
2026-09-18 11:43:34,893 INFO sqlalchemy.engine.Engine [cached since 139.9s ago] (2, 19, 7)
2026-09-18 11:43:34,896 INFO sqlalchemy.engine.Engine SELECT permissions.id, permissions.name, permissions.display_name, permissions.category, permissions.is_active, permissions.created_at, permissions.updated_at 
FROM permissions JOIN role_permissions ON permissions.id = role_permissions.permission_id 
WHERE role_permissions.role_id = $1::INTEGER
2026-09-18 11:43:34,897 INFO sqlalchemy.engine.Engine [cached since 139.9s ago] (2,)
2026-09-18 11:43:34,902 INFO sqlalchemy.engine.Engine SELECT permissions.id, permissions.name, permissions.display_name, permissions.category, permissions.is_active, permissions.created_at, permissions.updated_at 
FROM permissions JOIN role_permissions ON permissions.id = role_permissions.permission_id 
WHERE role_permissions.role_id = $1::INTEGER
2026-09-18 11:43:34,902 INFO sqlalchemy.engine.Engine [cached since 139.9s ago] (7,)
2026-09-18 11:43:34,907 INFO sqlalchemy.engine.Engine SELECT permissions.id, permissions.name, permissions.display_name, permissions.category, permissions.is_active, permissions.created_at, permissions.updated_at 
FROM permissions JOIN role_permissions ON permissions.id = role_permissions.permission_id 
WHERE role_permissions.role_id = $1::INTEGER
2026-09-18 11:43:34,907 INFO sqlalchemy.engine.Engine [cached since 139.9s ago] (19,)
2026-09-18 11:43:34,911 INFO sqlalchemy.engine.Engine SELECT isb_sectors.id, isb_sectors.number, isb_sectors.name, isb_sectors.description, isb_sectors.center_x, isb_sectors.center_z, isb_sectors.threat_level, isb_sectors.is_active, isb_sectors.created_at 
FROM isb_sectors ORDER BY isb_sectors.number
2026-09-18 11:43:34,911 INFO sqlalchemy.engine.Engine [cached since 139.3s ago] ()
2026-09-18 11:43:34,914 INFO sqlalchemy.engine.Engine SELECT count(isb_sector_assignments.id) AS count_1 
FROM isb_sector_assignments 
WHERE isb_sector_assignments.sector_id = $1::INTEGER
2026-09-18 11:43:34,915 INFO sqlalchemy.engine.Engine [cached since 138s ago] (1,)
2026-09-18 11:43:34,918 INFO sqlalchemy.engine.Engine SELECT count(isb_sector_assignments.id) AS count_1 
FROM isb_sector_assignments 
WHERE isb_sector_assignments.sector_id = $1::INTEGER
2026-09-18 11:43:34,919 INFO sqlalchemy.engine.Engine [cached since 138s ago] (2,)
2026-09-18 11:43:34,921 INFO sqlalchemy.engine.Engine SELECT count(isb_sector_assignments.id) AS count_1 
FROM isb_sector_assignments 
WHERE isb_sector_assignments.sector_id = $1::INTEGER
2026-09-18 11:43:34,921 INFO sqlalchemy.engine.Engine [cached since 138s ago] (3,)
2026-09-18 11:43:34,923 INFO sqlalchemy.engine.Engine SELECT count(isb_sector_assignments.id) AS count_1 
FROM isb_sector_assignments 
WHERE isb_sector_assignments.sector_id = $1::INTEGER
2026-09-18 11:43:34,924 INFO sqlalchemy.engine.Engine [cached since 138s ago] (4,)
2026-09-18 11:43:34,926 INFO sqlalchemy.engine.Engine SELECT count(isb_sector_assignments.id) AS count_1 
FROM isb_sector_assignments 
WHERE isb_sector_assignments.sector_id = $1::INTEGER
2026-09-18 11:43:34,926 INFO sqlalchemy.engine.Engine [cached since 138s ago] (5,)
2026-09-18 11:43:34,928 INFO sqlalchemy.engine.Engine SELECT count(isb_sector_assignments.id) AS count_1 
FROM isb_sector_assignments 
WHERE isb_sector_assignments.sector_id = $1::INTEGER
2026-09-18 11:43:34,928 INFO sqlalchemy.engine.Engine [cached since 138s ago] (6,)
2026-09-18 11:43:34,929 INFO sqlalchemy.engine.Engine SELECT count(isb_sector_assignments.id) AS count_1 
FROM isb_sector_assignments 
WHERE isb_sector_assignments.sector_id = $1::INTEGER
2026-09-18 11:43:34,930 INFO sqlalchemy.engine.Engine [cached since 138s ago] (7,)
2026-09-18 11:43:34,932 INFO sqlalchemy.engine.Engine SELECT count(isb_sector_assignments.id) AS count_1 
FROM isb_sector_assignments 
WHERE isb_sector_assignments.sector_id = $1::INTEGER
2026-09-18 11:43:34,932 INFO sqlalchemy.engine.Engine [cached since 138s ago] (8,)
2026-09-18 11:43:34,934 INFO sqlalchemy.engine.Engine SELECT count(isb_sector_assignments.id) AS count_1 
FROM isb_sector_assignments 
WHERE isb_sector_assignments.sector_id = $1::INTEGER
2026-09-18 11:43:34,934 INFO sqlalchemy.engine.Engine [cached since 138s ago] (9,)
2026-09-18 11:43:34,936 INFO sqlalchemy.engine.Engine SELECT count(isb_sector_assignments.id) AS count_1 
FROM isb_sector_assignments 
WHERE isb_sector_assignments.sector_id = $1::INTEGER
2026-09-18 11:43:34,936 INFO sqlalchemy.engine.Engine [cached since 138s ago] (10,)
INFO:     127.0.0.1:57434 - "GET /api/isb/graphs/sectors HTTP/1.1" 200 OK
2026-09-18 11:43:34,939 INFO sqlalchemy.engine.Engine ROLLBACK
2026-09-18 11:43:35,036 INFO sqlalchemy.engine.Engine BEGIN (implicit)
2026-09-18 11:43:35,036 INFO sqlalchemy.engine.Engine SELECT citizens.id, citizens.discord_id, citizens.username, citizens.minecraft_uuid, citizens.role_ids, citizens.main_role_id, citizens.reputation, citizens.citizenship_date, citizens.last_login, citizens.created_at, citizens.updated_at, citizens.is_active, citizens.is_verified 
FROM citizens 
WHERE citizens.discord_id = $1::BIGINT
2026-09-18 11:43:35,036 INFO sqlalchemy.engine.Engine [cached since 140.1s ago] (436507782263603200,)
2026-09-18 11:43:35,041 INFO sqlalchemy.engine.Engine SELECT roles.id, roles.name, roles.display_name, roles.level, roles.is_active, roles.created_at, roles.updated_at 
FROM roles 
WHERE roles.id IN ($1::INTEGER, $2::INTEGER, $3::INTEGER)
2026-09-18 11:43:35,041 INFO sqlalchemy.engine.Engine [cached since 140s ago] (2, 19, 7)
2026-09-18 11:43:35,043 INFO sqlalchemy.engine.Engine SELECT permissions.id, permissions.name, permissions.display_name, permissions.category, permissions.is_active, permissions.created_at, permissions.updated_at 
FROM permissions JOIN role_permissions ON permissions.id = role_permissions.permission_id 
WHERE role_permissions.role_id = $1::INTEGER
2026-09-18 11:43:35,044 INFO sqlalchemy.engine.Engine [cached since 140s ago] (2,)
2026-09-18 11:43:35,046 INFO sqlalchemy.engine.Engine SELECT permissions.id, permissions.name, permissions.display_name, permissions.category, permissions.is_active, permissions.created_at, permissions.updated_at 
FROM permissions JOIN role_permissions ON permissions.id = role_permissions.permission_id 
WHERE role_permissions.role_id = $1::INTEGER
2026-09-18 11:43:35,046 INFO sqlalchemy.engine.Engine [cached since 140s ago] (7,)
2026-09-18 11:43:35,048 INFO sqlalchemy.engine.Engine SELECT permissions.id, permissions.name, permissions.display_name, permissions.category, permissions.is_active, permissions.created_at, permissions.updated_at 
FROM permissions JOIN role_permissions ON permissions.id = role_permissions.permission_id 
WHERE role_permissions.role_id = $1::INTEGER
2026-09-18 11:43:35,048 INFO sqlalchemy.engine.Engine [cached since 140s ago] (19,)
2026-09-18 11:43:35,053 INFO sqlalchemy.engine.Engine SELECT date_trunc($1::VARCHAR, isb_logs.created_at) AS hour, count(isb_logs.id) AS count 
FROM isb_logs 
WHERE isb_logs.created_at >= $2::TIMESTAMP WITHOUT TIME ZONE GROUP BY hour ORDER BY hour
2026-09-18 11:43:35,053 INFO sqlalchemy.engine.Engine [cached since 138s ago] ('hour', datetime.datetime(2026, 9, 17, 8, 43, 35, 50793))
INFO:     127.0.0.1:57434 - "GET /api/isb/graphs/logs-24h HTTP/1.1" 200 OK
2026-09-18 11:43:35,060 INFO sqlalchemy.engine.Engine ROLLBACK
2026-09-18 11:43:35,129 INFO sqlalchemy.engine.Engine BEGIN (implicit)
2026-09-18 11:43:35,129 INFO sqlalchemy.engine.Engine SELECT citizens.id, citizens.discord_id, citizens.username, citizens.minecraft_uuid, citizens.role_ids, citizens.main_role_id, citizens.reputation, citizens.citizenship_date, citizens.last_login, citizens.created_at, citizens.updated_at, citizens.is_active, citizens.is_verified 
FROM citizens 
WHERE citizens.discord_id = $1::BIGINT
2026-09-18 11:43:35,130 INFO sqlalchemy.engine.Engine [cached since 140.2s ago] (436507782263603200,)
2026-09-18 11:43:35,132 INFO sqlalchemy.engine.Engine SELECT roles.id, roles.name, roles.display_name, roles.level, roles.is_active, roles.created_at, roles.updated_at 
FROM roles 
WHERE roles.id IN ($1::INTEGER, $2::INTEGER, $3::INTEGER)
2026-09-18 11:43:35,132 INFO sqlalchemy.engine.Engine [cached since 140.1s ago] (2, 19, 7)
2026-09-18 11:43:35,135 INFO sqlalchemy.engine.Engine SELECT permissions.id, permissions.name, permissions.display_name, permissions.category, permissions.is_active, permissions.created_at, permissions.updated_at 
FROM permissions JOIN role_permissions ON permissions.id = role_permissions.permission_id 
WHERE role_permissions.role_id = $1::INTEGER
2026-09-18 11:43:35,135 INFO sqlalchemy.engine.Engine [cached since 140.1s ago] (2,)
2026-09-18 11:43:35,137 INFO sqlalchemy.engine.Engine SELECT permissions.id, permissions.name, permissions.display_name, permissions.category, permissions.is_active, permissions.created_at, permissions.updated_at 
FROM permissions JOIN role_permissions ON permissions.id = role_permissions.permission_id 
WHERE role_permissions.role_id = $1::INTEGER
2026-09-18 11:43:35,137 INFO sqlalchemy.engine.Engine [cached since 140.1s ago] (7,)
2026-09-18 11:43:35,140 INFO sqlalchemy.engine.Engine SELECT permissions.id, permissions.name, permissions.display_name, permissions.category, permissions.is_active, permissions.created_at, permissions.updated_at 
FROM permissions JOIN role_permissions ON permissions.id = role_permissions.permission_id 
WHERE role_permissions.role_id = $1::INTEGER
2026-09-18 11:43:35,140 INFO sqlalchemy.engine.Engine [cached since 140.1s ago] (19,)
2026-09-18 11:43:35,143 INFO sqlalchemy.engine.Engine SELECT isb_sectors.id, isb_sectors.number, isb_sectors.name, isb_sectors.description, isb_sectors.center_x, isb_sectors.center_z, isb_sectors.threat_level, isb_sectors.is_active, isb_sectors.created_at 
FROM isb_sectors ORDER BY isb_sectors.threat_level DESC 
 LIMIT $1::INTEGER
2026-09-18 11:43:35,143 INFO sqlalchemy.engine.Engine [cached since 138s ago] (5,)
INFO:     127.0.0.1:57434 - "GET /api/isb/graphs/threat HTTP/1.1" 200 OK
2026-09-18 11:43:35,145 INFO sqlalchemy.engine.Engine ROLLBACK
INFO:     127.0.0.1:57448 - "GET /health HTTP/1.1" 200 OK
2026-09-18 11:43:46,909 INFO sqlalchemy.engine.Engine BEGIN (implicit)
2026-09-18 11:43:46,909 INFO sqlalchemy.engine.Engine SELECT citizens.id, citizens.discord_id, citizens.username, citizens.minecraft_uuid, citizens.role_ids, citizens.main_role_id, citizens.reputation, citizens.citizenship_date, citizens.last_login, citizens.created_at, citizens.updated_at, citizens.is_active, citizens.is_verified 
FROM citizens 
WHERE citizens.discord_id = $1::BIGINT
2026-09-18 11:43:46,910 INFO sqlalchemy.engine.Engine [cached since 152s ago] (436507782263603200,)
2026-09-18 11:43:46,911 INFO sqlalchemy.engine.Engine BEGIN (implicit)
2026-09-18 11:43:46,912 INFO sqlalchemy.engine.Engine SELECT citizens.id, citizens.discord_id, citizens.username, citizens.minecraft_uuid, citizens.role_ids, citizens.main_role_id, citizens.reputation, citizens.citizenship_date, citizens.last_login, citizens.created_at, citizens.updated_at, citizens.is_active, citizens.is_verified 
FROM citizens 
WHERE citizens.discord_id = $1::BIGINT
2026-09-18 11:43:46,912 INFO sqlalchemy.engine.Engine [cached since 152s ago] (436507782263603200,)
2026-09-18 11:43:46,914 INFO sqlalchemy.engine.Engine SELECT roles.id, roles.name, roles.display_name, roles.level, roles.is_active, roles.created_at, roles.updated_at 
FROM roles 
WHERE roles.id IN ($1::INTEGER, $2::INTEGER, $3::INTEGER)
2026-09-18 11:43:46,915 INFO sqlalchemy.engine.Engine [cached since 151.9s ago] (2, 19, 7)
2026-09-18 11:43:46,917 INFO sqlalchemy.engine.Engine SELECT roles.id, roles.name, roles.display_name, roles.level, roles.is_active, roles.created_at, roles.updated_at 
FROM roles 
WHERE roles.id IN ($1::INTEGER, $2::INTEGER, $3::INTEGER)
2026-09-18 11:43:46,917 INFO sqlalchemy.engine.Engine [cached since 151.9s ago] (2, 19, 7)
2026-09-18 11:43:46,919 INFO sqlalchemy.engine.Engine BEGIN (implicit)
2026-09-18 11:43:46,919 INFO sqlalchemy.engine.Engine SELECT count(citizens.id) AS count_1 
FROM citizens
2026-09-18 11:43:46,920 INFO sqlalchemy.engine.Engine [cached since 155.2s ago] ()
2026-09-18 11:43:46,922 INFO sqlalchemy.engine.Engine SELECT permissions.id, permissions.name, permissions.display_name, permissions.category, permissions.is_active, permissions.created_at, permissions.updated_at 
FROM permissions JOIN role_permissions ON permissions.id = role_permissions.permission_id 
WHERE role_permissions.role_id = $1::INTEGER
2026-09-18 11:43:46,922 INFO sqlalchemy.engine.Engine [cached since 151.9s ago] (2,)
2026-09-18 11:43:46,924 INFO sqlalchemy.engine.Engine SELECT roles.id, roles.name, roles.display_name, roles.level, roles.is_active, roles.created_at, roles.updated_at 
FROM roles ORDER BY roles.level DESC
2026-09-18 11:43:46,924 INFO sqlalchemy.engine.Engine [cached since 151.4s ago] ()
2026-09-18 11:43:46,926 INFO sqlalchemy.engine.Engine SELECT permissions.id, permissions.name, permissions.display_name, permissions.category, permissions.is_active, permissions.created_at, permissions.updated_at 
FROM permissions JOIN role_permissions ON permissions.id = role_permissions.permission_id 
WHERE role_permissions.role_id = $1::INTEGER
2026-09-18 11:43:46,926 INFO sqlalchemy.engine.Engine [cached since 151.9s ago] (7,)
2026-09-18 11:43:46,927 INFO sqlalchemy.engine.Engine SELECT permissions.id, permissions.name, permissions.display_name, permissions.category, permissions.is_active, permissions.created_at, permissions.updated_at 
FROM permissions JOIN role_permissions ON permissions.id = role_permissions.permission_id 
WHERE role_permissions.role_id = $1::INTEGER
2026-09-18 11:43:46,927 INFO sqlalchemy.engine.Engine [cached since 151.9s ago] (2,)
2026-09-18 11:43:46,930 INFO sqlalchemy.engine.Engine SELECT roles_1.id AS roles_1_id, permissions.id AS permissions_id, permissions.name AS permissions_name, permissions.display_name AS permissions_display_name, permissions.category AS permissions_category, permissions.is_active AS permissions_is_active, permissions.created_at AS permissions_created_at, permissions.updated_at AS permissions_updated_at 
FROM roles AS roles_1 JOIN role_permissions AS role_permissions_1 ON roles_1.id = role_permissions_1.role_id JOIN permissions ON permissions.id = role_permissions_1.permission_id 
WHERE roles_1.id IN ($1::INTEGER, $2::INTEGER, $3::INTEGER, $4::INTEGER, $5::INTEGER, $6::INTEGER, $7::INTEGER)
2026-09-18 11:43:46,930 INFO sqlalchemy.engine.Engine [cached since 151.4s ago] (2, 15, 16, 17, 18, 19, 7)
2026-09-18 11:43:46,932 INFO sqlalchemy.engine.Engine SELECT permissions.id, permissions.name, permissions.display_name, permissions.category, permissions.is_active, permissions.created_at, permissions.updated_at 
FROM permissions JOIN role_permissions ON permissions.id = role_permissions.permission_id 
WHERE role_permissions.role_id = $1::INTEGER
2026-09-18 11:43:46,932 INFO sqlalchemy.engine.Engine [cached since 151.9s ago] (19,)
2026-09-18 11:43:46,934 INFO sqlalchemy.engine.Engine SELECT permissions.id, permissions.name, permissions.display_name, permissions.category, permissions.is_active, permissions.created_at, permissions.updated_at 
FROM permissions JOIN role_permissions ON permissions.id = role_permissions.permission_id 
WHERE role_permissions.role_id = $1::INTEGER
2026-09-18 11:43:46,934 INFO sqlalchemy.engine.Engine [cached since 151.9s ago] (7,)
2026-09-18 11:43:46,937 INFO sqlalchemy.engine.Engine SELECT citizens.id, citizens.discord_id, citizens.username, citizens.minecraft_uuid, citizens.role_ids, citizens.main_role_id, citizens.reputation, citizens.citizenship_date, citizens.last_login, citizens.created_at, citizens.updated_at, citizens.is_active, citizens.is_verified 
FROM citizens ORDER BY citizens.citizenship_date DESC 
 LIMIT $1::INTEGER OFFSET $2::INTEGER
2026-09-18 11:43:46,938 INFO sqlalchemy.engine.Engine [cached since 151.4s ago] (10000, 0)
2026-09-18 11:43:46,939 INFO sqlalchemy.engine.Engine SELECT isb_employees.id, isb_employees.citizen_id, isb_employees.service_number, isb_employees.rank_name, isb_employees.rank_short, isb_employees.branch, isb_employees.level, isb_employees.access_level, isb_employees.position, isb_employees.enlisted_at, isb_employees.promoted_at, isb_employees.discharged_at, isb_employees.is_active, isb_employees.can_arrest, isb_employees.can_conduct_searches, isb_employees.can_issue_warrants, isb_employees.can_command, isb_employees.notes, isb_employees.created_at, isb_employees.updated_at 
FROM isb_employees ORDER BY isb_employees.level DESC
2026-09-18 11:43:46,940 INFO sqlalchemy.engine.Engine [cached since 151.5s ago] ()
2026-09-18 11:43:46,941 INFO sqlalchemy.engine.Engine SELECT permissions.id, permissions.name, permissions.display_name, permissions.category, permissions.is_active, permissions.created_at, permissions.updated_at 
FROM permissions JOIN role_permissions ON permissions.id = role_permissions.permission_id 
WHERE role_permissions.role_id = $1::INTEGER
2026-09-18 11:43:46,941 INFO sqlalchemy.engine.Engine [cached since 151.9s ago] (19,)
INFO:     127.0.0.1:57448 - "GET /api/stats HTTP/1.1" 200 OK
2026-09-18 11:43:46,943 INFO sqlalchemy.engine.Engine ROLLBACK
2026-09-18 11:43:46,945 INFO sqlalchemy.engine.Engine SELECT isb_logs.id, isb_logs.created_at, isb_logs.severity, isb_logs.category, isb_logs.message, isb_logs.actor_id, isb_logs.sector_id, isb_logs.meta 
FROM isb_logs ORDER BY isb_logs.created_at DESC 
 LIMIT $1::INTEGER
2026-09-18 11:43:46,945 INFO sqlalchemy.engine.Engine [cached since 151.3s ago] (30,)
2026-09-18 11:43:46,947 INFO sqlalchemy.engine.Engine SELECT citizens.id, citizens.discord_id, citizens.username, citizens.minecraft_uuid, citizens.role_ids, citizens.main_role_id, citizens.reputation, citizens.citizenship_date, citizens.last_login, citizens.created_at, citizens.updated_at, citizens.is_active, citizens.is_verified 
FROM citizens 
WHERE citizens.id IN ($1::INTEGER, $2::INTEGER)
2026-09-18 11:43:46,947 INFO sqlalchemy.engine.Engine [cached since 151.5s ago] (2, 4)
2026-09-18 11:43:46,949 INFO sqlalchemy.engine.Engine SELECT citizens.id, citizens.discord_id, citizens.username, citizens.minecraft_uuid, citizens.role_ids, citizens.main_role_id, citizens.reputation, citizens.citizenship_date, citizens.last_login, citizens.created_at, citizens.updated_at, citizens.is_active, citizens.is_verified 
FROM citizens 
WHERE citizens.id = $1::INTEGER
2026-09-18 11:43:46,949 INFO sqlalchemy.engine.Engine [cached since 151.3s ago] (2,)
INFO:     127.0.0.1:57456 - "GET /api/admin/isb/employees HTTP/1.1" 200 OK
2026-09-18 11:43:46,952 INFO sqlalchemy.engine.Engine ROLLBACK
2026-09-18 11:43:46,953 INFO sqlalchemy.engine.Engine BEGIN (implicit)
2026-09-18 11:43:46,954 INFO sqlalchemy.engine.Engine SELECT citizens.id, citizens.discord_id, citizens.username, citizens.minecraft_uuid, citizens.role_ids, citizens.main_role_id, citizens.reputation, citizens.citizenship_date, citizens.last_login, citizens.created_at, citizens.updated_at, citizens.is_active, citizens.is_verified 
FROM citizens 
WHERE citizens.discord_id = $1::BIGINT
2026-09-18 11:43:46,954 INFO sqlalchemy.engine.Engine [cached since 152s ago] (436507782263603200,)
2026-09-18 11:43:46,956 INFO sqlalchemy.engine.Engine SELECT isb_sectors.id, isb_sectors.number, isb_sectors.name, isb_sectors.description, isb_sectors.center_x, isb_sectors.center_z, isb_sectors.threat_level, isb_sectors.is_active, isb_sectors.created_at 
FROM isb_sectors 
WHERE isb_sectors.id = $1::INTEGER
2026-09-18 11:43:46,956 INFO sqlalchemy.engine.Engine [cached since 151.3s ago] (1,)
2026-09-18 11:43:46,958 INFO sqlalchemy.engine.Engine SELECT citizens.id, citizens.discord_id, citizens.username, citizens.minecraft_uuid, citizens.role_ids, citizens.main_role_id, citizens.reputation, citizens.citizenship_date, citizens.last_login, citizens.created_at, citizens.updated_at, citizens.is_active, citizens.is_verified 
FROM citizens 
WHERE citizens.id = $1::INTEGER
2026-09-18 11:43:46,958 INFO sqlalchemy.engine.Engine [cached since 151.3s ago] (2,)
2026-09-18 11:43:46,960 INFO sqlalchemy.engine.Engine SELECT roles.id, roles.name, roles.display_name, roles.level, roles.is_active, roles.created_at, roles.updated_at 
FROM roles 
WHERE roles.id IN ($1::INTEGER, $2::INTEGER, $3::INTEGER)
2026-09-18 11:43:46,960 INFO sqlalchemy.engine.Engine [cached since 152s ago] (2, 19, 7)
2026-09-18 11:43:46,962 INFO sqlalchemy.engine.Engine SELECT isb_sectors.id, isb_sectors.number, isb_sectors.name, isb_sectors.description, isb_sectors.center_x, isb_sectors.center_z, isb_sectors.threat_level, isb_sectors.is_active, isb_sectors.created_at 
FROM isb_sectors 
WHERE isb_sectors.id = $1::INTEGER
2026-09-18 11:43:46,962 INFO sqlalchemy.engine.Engine [cached since 151.3s ago] (1,)
2026-09-18 11:43:46,964 INFO sqlalchemy.engine.Engine SELECT permissions.id, permissions.name, permissions.display_name, permissions.category, permissions.is_active, permissions.created_at, permissions.updated_at 
FROM permissions JOIN role_permissions ON permissions.id = role_permissions.permission_id 
WHERE role_permissions.role_id = $1::INTEGER
2026-09-18 11:43:46,964 INFO sqlalchemy.engine.Engine [cached since 151.9s ago] (2,)
2026-09-18 11:43:46,965 INFO sqlalchemy.engine.Engine SELECT citizens.id, citizens.discord_id, citizens.username, citizens.minecraft_uuid, citizens.role_ids, citizens.main_role_id, citizens.reputation, citizens.citizenship_date, citizens.last_login, citizens.created_at, citizens.updated_at, citizens.is_active, citizens.is_verified 
FROM citizens 
WHERE citizens.id = $1::INTEGER
2026-09-18 11:43:46,965 INFO sqlalchemy.engine.Engine [cached since 151.3s ago] (2,)
2026-09-18 11:43:46,967 INFO sqlalchemy.engine.Engine SELECT permissions.id, permissions.name, permissions.display_name, permissions.category, permissions.is_active, permissions.created_at, permissions.updated_at 
FROM permissions JOIN role_permissions ON permissions.id = role_permissions.permission_id 
WHERE role_permissions.role_id = $1::INTEGER
2026-09-18 11:43:46,968 INFO sqlalchemy.engine.Engine [cached since 152s ago] (7,)
2026-09-18 11:43:46,969 INFO sqlalchemy.engine.Engine SELECT isb_sectors.id, isb_sectors.number, isb_sectors.name, isb_sectors.description, isb_sectors.center_x, isb_sectors.center_z, isb_sectors.threat_level, isb_sectors.is_active, isb_sectors.created_at 
FROM isb_sectors 
WHERE isb_sectors.id = $1::INTEGER
2026-09-18 11:43:46,969 INFO sqlalchemy.engine.Engine [cached since 151.3s ago] (10,)
2026-09-18 11:43:46,971 INFO sqlalchemy.engine.Engine SELECT permissions.id, permissions.name, permissions.display_name, permissions.category, permissions.is_active, permissions.created_at, permissions.updated_at 
FROM permissions JOIN role_permissions ON permissions.id = role_permissions.permission_id 
WHERE role_permissions.role_id = $1::INTEGER
2026-09-18 11:43:46,971 INFO sqlalchemy.engine.Engine [cached since 152s ago] (19,)
INFO:     127.0.0.1:57452 - "GET /api/isb/logs?limit=30 HTTP/1.1" 200 OK
2026-09-18 11:43:46,973 INFO sqlalchemy.engine.Engine ROLLBACK
2026-09-18 11:43:46,975 INFO sqlalchemy.engine.Engine SELECT roles.id, roles.name, roles.display_name, roles.level, roles.is_active, roles.created_at, roles.updated_at 
FROM roles 
WHERE roles.id IN ($1::INTEGER, $2::INTEGER, $3::INTEGER)
2026-09-18 11:43:46,975 INFO sqlalchemy.engine.Engine [cached since 152s ago] (2, 19, 7)
2026-09-18 11:43:46,977 INFO sqlalchemy.engine.Engine SELECT permissions.id, permissions.name, permissions.display_name, permissions.category, permissions.is_active, permissions.created_at, permissions.updated_at 
FROM permissions JOIN role_permissions ON permissions.id = role_permissions.permission_id 
WHERE role_permissions.role_id = $1::INTEGER
2026-09-18 11:43:46,978 INFO sqlalchemy.engine.Engine [cached since 152s ago] (2,)
2026-09-18 11:43:46,980 INFO sqlalchemy.engine.Engine SELECT permissions.id, permissions.name, permissions.display_name, permissions.category, permissions.is_active, permissions.created_at, permissions.updated_at 
FROM permissions JOIN role_permissions ON permissions.id = role_permissions.permission_id 
WHERE role_permissions.role_id = $1::INTEGER
2026-09-18 11:43:46,980 INFO sqlalchemy.engine.Engine [cached since 152s ago] (7,)
2026-09-18 11:43:46,982 INFO sqlalchemy.engine.Engine SELECT permissions.id, permissions.name, permissions.display_name, permissions.category, permissions.is_active, permissions.created_at, permissions.updated_at 
FROM permissions JOIN role_permissions ON permissions.id = role_permissions.permission_id 
WHERE role_permissions.role_id = $1::INTEGER
2026-09-18 11:43:46,983 INFO sqlalchemy.engine.Engine [cached since 152s ago] (19,)
2026-09-18 11:43:46,985 INFO sqlalchemy.engine.Engine SELECT algorithms.id, algorithms.number, algorithms.title, algorithms.description, algorithms.task_type, algorithms.scope, algorithms.status, algorithms.deadline, algorithms.reward_reputation, algorithms.created_by, algorithms.max_participants, algorithms.created_at, algorithms.updated_at 
FROM algorithms ORDER BY algorithms.created_at DESC 
 LIMIT $1::INTEGER OFFSET $2::INTEGER
2026-09-18 11:43:46,985 INFO sqlalchemy.engine.Engine [cached since 151.2s ago] (200, 0)
INFO:     127.0.0.1:57448 - "GET /api/algorithms HTTP/1.1" 200 OK
2026-09-18 11:43:46,987 INFO sqlalchemy.engine.Engine ROLLBACK
2026-09-18 11:43:46,995 INFO sqlalchemy.engine.Engine BEGIN (implicit)
2026-09-18 11:43:46,995 INFO sqlalchemy.engine.Engine SELECT citizens.id, citizens.discord_id, citizens.username, citizens.minecraft_uuid, citizens.role_ids, citizens.main_role_id, citizens.reputation, citizens.citizenship_date, citizens.last_login, citizens.created_at, citizens.updated_at, citizens.is_active, citizens.is_verified 
FROM citizens 
WHERE citizens.username ILIKE $1::VARCHAR OR citizens.minecraft_uuid ILIKE $2::VARCHAR 
 LIMIT $3::INTEGER
2026-09-18 11:43:46,995 INFO sqlalchemy.engine.Engine [cached since 151.2s ago] ('%test%', '%test%', 10)
2026-09-18 11:43:46,998 INFO sqlalchemy.engine.Engine SELECT roles.id, roles.name, roles.display_name, roles.level, roles.is_active, roles.created_at, roles.updated_at 
FROM roles 
WHERE roles.name ILIKE $1::VARCHAR OR roles.display_name ILIKE $2::VARCHAR 
 LIMIT $3::INTEGER
2026-09-18 11:43:46,998 INFO sqlalchemy.engine.Engine [cached since 151.2s ago] ('%test%', '%test%', 5)
2026-09-18 11:43:47,000 INFO sqlalchemy.engine.Engine SELECT isb_awards.id, isb_awards.name, isb_awards.display_name, isb_awards.description, isb_awards.icon, isb_awards.rarity, isb_awards.category, isb_awards.is_active, isb_awards.created_at 
FROM isb_awards 
WHERE isb_awards.name ILIKE $1::VARCHAR OR isb_awards.display_name ILIKE $2::VARCHAR OR isb_awards.description ILIKE $3::VARCHAR 
 LIMIT $4::INTEGER
2026-09-18 11:43:47,000 INFO sqlalchemy.engine.Engine [cached since 151.2s ago] ('%test%', '%test%', '%test%', 5)
2026-09-18 11:43:47,003 INFO sqlalchemy.engine.Engine SELECT isb_employees.id, isb_employees.citizen_id, isb_employees.service_number, isb_employees.rank_name, isb_employees.rank_short, isb_employees.branch, isb_employees.level, isb_employees.access_level, isb_employees.position, isb_employees.enlisted_at, isb_employees.promoted_at, isb_employees.discharged_at, isb_employees.is_active, isb_employees.can_arrest, isb_employees.can_conduct_searches, isb_employees.can_issue_warrants, isb_employees.can_command, isb_employees.notes, isb_employees.created_at, isb_employees.updated_at 
FROM isb_employees 
WHERE isb_employees.service_number ILIKE $1::VARCHAR OR isb_employees.rank_name ILIKE $2::VARCHAR OR isb_employees.position ILIKE $3::VARCHAR 
 LIMIT $4::INTEGER
2026-09-18 11:43:47,003 INFO sqlalchemy.engine.Engine [cached since 151.2s ago] ('%test%', '%test%', '%test%', 10)
INFO:     127.0.0.1:57448 - "GET /api/search?q=test HTTP/1.1" 200 OK
2026-09-18 11:43:47,006 INFO sqlalchemy.engine.Engine ROLLBACK
2026-09-18 11:43:47,013 INFO sqlalchemy.engine.Engine BEGIN (implicit)
2026-09-18 11:43:47,014 INFO sqlalchemy.engine.Engine SELECT citizens.id, citizens.discord_id, citizens.username, citizens.minecraft_uuid, citizens.role_ids, citizens.main_role_id, citizens.reputation, citizens.citizenship_date, citizens.last_login, citizens.created_at, citizens.updated_at, citizens.is_active, citizens.is_verified 
FROM citizens 
WHERE citizens.discord_id = $1::BIGINT
2026-09-18 11:43:47,014 INFO sqlalchemy.engine.Engine [cached since 152.1s ago] (436507782263603200,)
2026-09-18 11:43:47,016 INFO sqlalchemy.engine.Engine SELECT roles.id, roles.name, roles.display_name, roles.level, roles.is_active, roles.created_at, roles.updated_at 
FROM roles 
WHERE roles.id IN ($1::INTEGER, $2::INTEGER, $3::INTEGER)
2026-09-18 11:43:47,016 INFO sqlalchemy.engine.Engine [cached since 152s ago] (2, 19, 7)
2026-09-18 11:43:47,019 INFO sqlalchemy.engine.Engine SELECT permissions.id, permissions.name, permissions.display_name, permissions.category, permissions.is_active, permissions.created_at, permissions.updated_at 
FROM permissions JOIN role_permissions ON permissions.id = role_permissions.permission_id 
WHERE role_permissions.role_id = $1::INTEGER
2026-09-18 11:43:47,019 INFO sqlalchemy.engine.Engine [cached since 152s ago] (2,)
2026-09-18 11:43:47,021 INFO sqlalchemy.engine.Engine SELECT permissions.id, permissions.name, permissions.display_name, permissions.category, permissions.is_active, permissions.created_at, permissions.updated_at 
FROM permissions JOIN role_permissions ON permissions.id = role_permissions.permission_id 
WHERE role_permissions.role_id = $1::INTEGER
2026-09-18 11:43:47,022 INFO sqlalchemy.engine.Engine [cached since 152s ago] (7,)
2026-09-18 11:43:47,024 INFO sqlalchemy.engine.Engine SELECT permissions.id, permissions.name, permissions.display_name, permissions.category, permissions.is_active, permissions.created_at, permissions.updated_at 
FROM permissions JOIN role_permissions ON permissions.id = role_permissions.permission_id 
WHERE role_permissions.role_id = $1::INTEGER
2026-09-18 11:43:47,025 INFO sqlalchemy.engine.Engine [cached since 152s ago] (19,)
2026-09-18 11:43:47,027 INFO sqlalchemy.engine.Engine SELECT roles.id, roles.name, roles.display_name, roles.level, roles.is_active, roles.created_at, roles.updated_at 
FROM roles 
WHERE roles.id IN ($1::INTEGER, $2::INTEGER, $3::INTEGER)
2026-09-18 11:43:47,027 INFO sqlalchemy.engine.Engine [cached since 152s ago] (2, 19, 7)
2026-09-18 11:43:47,029 INFO sqlalchemy.engine.Engine SELECT permissions.id, permissions.name, permissions.display_name, permissions.category, permissions.is_active, permissions.created_at, permissions.updated_at 
FROM permissions JOIN role_permissions ON permissions.id = role_permissions.permission_id 
WHERE role_permissions.role_id = $1::INTEGER
2026-09-18 11:43:47,030 INFO sqlalchemy.engine.Engine [cached since 152s ago] (2,)
2026-09-18 11:43:47,033 INFO sqlalchemy.engine.Engine SELECT permissions.id, permissions.name, permissions.display_name, permissions.category, permissions.is_active, permissions.created_at, permissions.updated_at 
FROM permissions JOIN role_permissions ON permissions.id = role_permissions.permission_id 
WHERE role_permissions.role_id = $1::INTEGER
2026-09-18 11:43:47,033 INFO sqlalchemy.engine.Engine [cached since 152s ago] (7,)
2026-09-18 11:43:47,035 INFO sqlalchemy.engine.Engine SELECT permissions.id, permissions.name, permissions.display_name, permissions.category, permissions.is_active, permissions.created_at, permissions.updated_at 
FROM permissions JOIN role_permissions ON permissions.id = role_permissions.permission_id 
WHERE role_permissions.role_id = $1::INTEGER
2026-09-18 11:43:47,036 INFO sqlalchemy.engine.Engine [cached since 152s ago] (19,)
2026-09-18 11:43:47,038 INFO sqlalchemy.engine.Engine SELECT algorithms.id, algorithms.number, algorithms.title, algorithms.description, algorithms.task_type, algorithms.scope, algorithms.status, algorithms.deadline, algorithms.reward_reputation, algorithms.created_by, algorithms.max_participants, algorithms.created_at, algorithms.updated_at 
FROM algorithms ORDER BY algorithms.created_at DESC 
 LIMIT $1::INTEGER OFFSET $2::INTEGER
2026-09-18 11:43:47,038 INFO sqlalchemy.engine.Engine [cached since 151.3s ago] (200, 0)
INFO:     127.0.0.1:57448 - "GET /api/algorithms HTTP/1.1" 200 OK
2026-09-18 11:43:47,041 INFO sqlalchemy.engine.Engine ROLLBACK
2026-09-18 11:44:32,890 INFO sqlalchemy.engine.Engine BEGIN (implicit)
2026-09-18 11:44:32,891 INFO sqlalchemy.engine.Engine SELECT citizens.id, citizens.discord_id, citizens.username, citizens.minecraft_uuid, citizens.role_ids, citizens.main_role_id, citizens.reputation, citizens.citizenship_date, citizens.last_login, citizens.created_at, citizens.updated_at, citizens.is_active, citizens.is_verified 
FROM citizens 
WHERE citizens.discord_id = $1::BIGINT
2026-09-18 11:44:32,892 INFO sqlalchemy.engine.Engine [cached since 198s ago] (436507782263603200,)
2026-09-18 11:44:32,898 INFO sqlalchemy.engine.Engine SELECT roles.id, roles.name, roles.display_name, roles.level, roles.is_active, roles.created_at, roles.updated_at 
FROM roles 
WHERE roles.id IN ($1::INTEGER, $2::INTEGER, $3::INTEGER)
2026-09-18 11:44:32,898 INFO sqlalchemy.engine.Engine [cached since 197.9s ago] (2, 19, 7)
2026-09-18 11:44:32,902 INFO sqlalchemy.engine.Engine SELECT permissions.id, permissions.name, permissions.display_name, permissions.category, permissions.is_active, permissions.created_at, permissions.updated_at 
FROM permissions JOIN role_permissions ON permissions.id = role_permissions.permission_id 
WHERE role_permissions.role_id = $1::INTEGER
2026-09-18 11:44:32,903 INFO sqlalchemy.engine.Engine [cached since 197.9s ago] (2,)
2026-09-18 11:44:32,906 INFO sqlalchemy.engine.Engine SELECT permissions.id, permissions.name, permissions.display_name, permissions.category, permissions.is_active, permissions.created_at, permissions.updated_at 
FROM permissions JOIN role_permissions ON permissions.id = role_permissions.permission_id 
WHERE role_permissions.role_id = $1::INTEGER
2026-09-18 11:44:32,906 INFO sqlalchemy.engine.Engine [cached since 197.9s ago] (7,)
2026-09-18 11:44:32,908 INFO sqlalchemy.engine.Engine SELECT permissions.id, permissions.name, permissions.display_name, permissions.category, permissions.is_active, permissions.created_at, permissions.updated_at 
FROM permissions JOIN role_permissions ON permissions.id = role_permissions.permission_id 
WHERE role_permissions.role_id = $1::INTEGER
2026-09-18 11:44:32,909 INFO sqlalchemy.engine.Engine [cached since 197.9s ago] (19,)
2026-09-18 11:44:32,911 INFO sqlalchemy.engine.Engine SELECT isb_employees.id, isb_employees.citizen_id, isb_employees.service_number, isb_employees.rank_name, isb_employees.rank_short, isb_employees.branch, isb_employees.level, isb_employees.access_level, isb_employees.position, isb_employees.enlisted_at, isb_employees.promoted_at, isb_employees.discharged_at, isb_employees.is_active, isb_employees.can_arrest, isb_employees.can_conduct_searches, isb_employees.can_issue_warrants, isb_employees.can_command, isb_employees.notes, isb_employees.created_at, isb_employees.updated_at 
FROM isb_employees ORDER BY isb_employees.level DESC
2026-09-18 11:44:32,911 INFO sqlalchemy.engine.Engine [cached since 197.5s ago] ()
2026-09-18 11:44:32,914 INFO sqlalchemy.engine.Engine SELECT citizens.id, citizens.discord_id, citizens.username, citizens.minecraft_uuid, citizens.role_ids, citizens.main_role_id, citizens.reputation, citizens.citizenship_date, citizens.last_login, citizens.created_at, citizens.updated_at, citizens.is_active, citizens.is_verified 
FROM citizens 
WHERE citizens.id IN ($1::INTEGER, $2::INTEGER)
2026-09-18 11:44:32,914 INFO sqlalchemy.engine.Engine [cached since 197.5s ago] (2, 4)
INFO:     127.0.0.1:57462 - "GET /api/admin/isb/employees HTTP/1.1" 200 OK
2026-09-18 11:44:32,917 INFO sqlalchemy.engine.Engine ROLLBACK
2026-09-18 11:44:32,926 INFO sqlalchemy.engine.Engine BEGIN (implicit)
2026-09-18 11:44:32,926 INFO sqlalchemy.engine.Engine SELECT isb_awards.id, isb_awards.name, isb_awards.display_name, isb_awards.description, isb_awards.icon, isb_awards.rarity, isb_awards.category, isb_awards.is_active, isb_awards.created_at 
FROM isb_awards 
WHERE isb_awards.is_active = true ORDER BY isb_awards.rarity, isb_awards.display_name
2026-09-18 11:44:32,927 INFO sqlalchemy.engine.Engine [cached since 197.4s ago] ()
2026-09-18 11:44:32,932 INFO sqlalchemy.engine.Engine SELECT count(isb_award_grants.id) AS count_1 
FROM isb_award_grants 
WHERE isb_award_grants.award_id = $1::INTEGER
2026-09-18 11:44:32,932 INFO sqlalchemy.engine.Engine [cached since 197.4s ago] (3,)
2026-09-18 11:44:32,936 INFO sqlalchemy.engine.Engine SELECT count(isb_award_grants.id) AS count_1 
FROM isb_award_grants 
WHERE isb_award_grants.award_id = $1::INTEGER
2026-09-18 11:44:32,936 INFO sqlalchemy.engine.Engine [cached since 197.4s ago] (1,)
2026-09-18 11:44:32,939 INFO sqlalchemy.engine.Engine SELECT count(isb_award_grants.id) AS count_1 
FROM isb_award_grants 
WHERE isb_award_grants.award_id = $1::INTEGER
2026-09-18 11:44:32,939 INFO sqlalchemy.engine.Engine [cached since 197.4s ago] (2,)
2026-09-18 11:44:32,941 INFO sqlalchemy.engine.Engine SELECT count(isb_award_grants.id) AS count_1 
FROM isb_award_grants 
WHERE isb_award_grants.award_id = $1::INTEGER
2026-09-18 11:44:32,941 INFO sqlalchemy.engine.Engine [cached since 197.4s ago] (11,)
2026-09-18 11:44:32,944 INFO sqlalchemy.engine.Engine SELECT count(isb_award_grants.id) AS count_1 
FROM isb_award_grants 
WHERE isb_award_grants.award_id = $1::INTEGER
2026-09-18 11:44:32,944 INFO sqlalchemy.engine.Engine [cached since 197.4s ago] (10,)
2026-09-18 11:44:32,947 INFO sqlalchemy.engine.Engine SELECT count(isb_award_grants.id) AS count_1 
FROM isb_award_grants 
WHERE isb_award_grants.award_id = $1::INTEGER
2026-09-18 11:44:32,947 INFO sqlalchemy.engine.Engine [cached since 197.4s ago] (12,)
2026-09-18 11:44:32,950 INFO sqlalchemy.engine.Engine SELECT count(isb_award_grants.id) AS count_1 
FROM isb_award_grants 
WHERE isb_award_grants.award_id = $1::INTEGER
2026-09-18 11:44:32,950 INFO sqlalchemy.engine.Engine [cached since 197.4s ago] (8,)
2026-09-18 11:44:32,952 INFO sqlalchemy.engine.Engine SELECT count(isb_award_grants.id) AS count_1 
FROM isb_award_grants 
WHERE isb_award_grants.award_id = $1::INTEGER
2026-09-18 11:44:32,953 INFO sqlalchemy.engine.Engine [cached since 197.4s ago] (9,)
2026-09-18 11:44:32,955 INFO sqlalchemy.engine.Engine SELECT count(isb_award_grants.id) AS count_1 
FROM isb_award_grants 
WHERE isb_award_grants.award_id = $1::INTEGER
2026-09-18 11:44:32,955 INFO sqlalchemy.engine.Engine [cached since 197.4s ago] (7,)
2026-09-18 11:44:32,957 INFO sqlalchemy.engine.Engine SELECT count(isb_award_grants.id) AS count_1 
FROM isb_award_grants 
WHERE isb_award_grants.award_id = $1::INTEGER
2026-09-18 11:44:32,957 INFO sqlalchemy.engine.Engine [cached since 197.4s ago] (5,)
2026-09-18 11:44:32,959 INFO sqlalchemy.engine.Engine SELECT count(isb_award_grants.id) AS count_1 
FROM isb_award_grants 
WHERE isb_award_grants.award_id = $1::INTEGER
2026-09-18 11:44:32,959 INFO sqlalchemy.engine.Engine [cached since 197.4s ago] (4,)
2026-09-18 11:44:32,963 INFO sqlalchemy.engine.Engine SELECT count(isb_award_grants.id) AS count_1 
FROM isb_award_grants 
WHERE isb_award_grants.award_id = $1::INTEGER
2026-09-18 11:44:32,963 INFO sqlalchemy.engine.Engine [cached since 197.4s ago] (6,)
INFO:     127.0.0.1:57462 - "GET /api/admin/isb/awards/public HTTP/1.1" 200 OK
2026-09-18 11:44:32,966 INFO sqlalchemy.engine.Engine ROLLBACK
2026-09-18 11:44:34,896 INFO sqlalchemy.engine.Engine BEGIN (implicit)
2026-09-18 11:44:34,897 INFO sqlalchemy.engine.Engine SELECT citizens.id, citizens.discord_id, citizens.username, citizens.minecraft_uuid, citizens.role_ids, citizens.main_role_id, citizens.reputation, citizens.citizenship_date, citizens.last_login, citizens.created_at, citizens.updated_at, citizens.is_active, citizens.is_verified 
FROM citizens 
WHERE citizens.discord_id = $1::BIGINT
2026-09-18 11:44:34,897 INFO sqlalchemy.engine.Engine [cached since 200s ago] (436507782263603200,)
2026-09-18 11:44:34,907 INFO sqlalchemy.engine.Engine SELECT roles.id, roles.name, roles.display_name, roles.level, roles.is_active, roles.created_at, roles.updated_at 
FROM roles 
WHERE roles.id IN ($1::INTEGER, $2::INTEGER, $3::INTEGER)
2026-09-18 11:44:34,908 INFO sqlalchemy.engine.Engine [cached since 199.9s ago] (2, 19, 7)
2026-09-18 11:44:34,914 INFO sqlalchemy.engine.Engine SELECT permissions.id, permissions.name, permissions.display_name, permissions.category, permissions.is_active, permissions.created_at, permissions.updated_at 
FROM permissions JOIN role_permissions ON permissions.id = role_permissions.permission_id 
WHERE role_permissions.role_id = $1::INTEGER
2026-09-18 11:44:34,914 INFO sqlalchemy.engine.Engine [cached since 199.9s ago] (2,)
2026-09-18 11:44:34,917 INFO sqlalchemy.engine.Engine SELECT permissions.id, permissions.name, permissions.display_name, permissions.category, permissions.is_active, permissions.created_at, permissions.updated_at 
FROM permissions JOIN role_permissions ON permissions.id = role_permissions.permission_id 
WHERE role_permissions.role_id = $1::INTEGER
2026-09-18 11:44:34,917 INFO sqlalchemy.engine.Engine [cached since 199.9s ago] (7,)
2026-09-18 11:44:34,919 INFO sqlalchemy.engine.Engine SELECT permissions.id, permissions.name, permissions.display_name, permissions.category, permissions.is_active, permissions.created_at, permissions.updated_at 
FROM permissions JOIN role_permissions ON permissions.id = role_permissions.permission_id 
WHERE role_permissions.role_id = $1::INTEGER
2026-09-18 11:44:34,919 INFO sqlalchemy.engine.Engine [cached since 199.9s ago] (19,)
2026-09-18 11:44:34,921 INFO sqlalchemy.engine.Engine SELECT isb_sectors.id, isb_sectors.number, isb_sectors.name, isb_sectors.description, isb_sectors.center_x, isb_sectors.center_z, isb_sectors.threat_level, isb_sectors.is_active, isb_sectors.created_at 
FROM isb_sectors ORDER BY isb_sectors.number
2026-09-18 11:44:34,922 INFO sqlalchemy.engine.Engine [cached since 199.3s ago] ()
2026-09-18 11:44:34,924 INFO sqlalchemy.engine.Engine SELECT count(isb_sector_assignments.id) AS count_1 
FROM isb_sector_assignments 
WHERE isb_sector_assignments.sector_id = $1::INTEGER
2026-09-18 11:44:34,925 INFO sqlalchemy.engine.Engine [cached since 198s ago] (1,)
2026-09-18 11:44:34,927 INFO sqlalchemy.engine.Engine SELECT count(isb_sector_assignments.id) AS count_1 
FROM isb_sector_assignments 
WHERE isb_sector_assignments.sector_id = $1::INTEGER
2026-09-18 11:44:34,927 INFO sqlalchemy.engine.Engine [cached since 198s ago] (2,)
2026-09-18 11:44:34,929 INFO sqlalchemy.engine.Engine SELECT count(isb_sector_assignments.id) AS count_1 
FROM isb_sector_assignments 
WHERE isb_sector_assignments.sector_id = $1::INTEGER
2026-09-18 11:44:34,929 INFO sqlalchemy.engine.Engine [cached since 198s ago] (3,)
2026-09-18 11:44:34,931 INFO sqlalchemy.engine.Engine SELECT count(isb_sector_assignments.id) AS count_1 
FROM isb_sector_assignments 
WHERE isb_sector_assignments.sector_id = $1::INTEGER
2026-09-18 11:44:34,931 INFO sqlalchemy.engine.Engine [cached since 198s ago] (4,)
2026-09-18 11:44:34,932 INFO sqlalchemy.engine.Engine SELECT count(isb_sector_assignments.id) AS count_1 
FROM isb_sector_assignments 
WHERE isb_sector_assignments.sector_id = $1::INTEGER
2026-09-18 11:44:34,933 INFO sqlalchemy.engine.Engine [cached since 198s ago] (5,)
2026-09-18 11:44:34,934 INFO sqlalchemy.engine.Engine SELECT count(isb_sector_assignments.id) AS count_1 
FROM isb_sector_assignments 
WHERE isb_sector_assignments.sector_id = $1::INTEGER
2026-09-18 11:44:34,934 INFO sqlalchemy.engine.Engine [cached since 198s ago] (6,)
2026-09-18 11:44:34,936 INFO sqlalchemy.engine.Engine SELECT count(isb_sector_assignments.id) AS count_1 
FROM isb_sector_assignments 
WHERE isb_sector_assignments.sector_id = $1::INTEGER
2026-09-18 11:44:34,936 INFO sqlalchemy.engine.Engine [cached since 198s ago] (7,)
2026-09-18 11:44:34,937 INFO sqlalchemy.engine.Engine SELECT count(isb_sector_assignments.id) AS count_1 
FROM isb_sector_assignments 
WHERE isb_sector_assignments.sector_id = $1::INTEGER
2026-09-18 11:44:34,937 INFO sqlalchemy.engine.Engine [cached since 198.1s ago] (8,)
2026-09-18 11:44:34,939 INFO sqlalchemy.engine.Engine SELECT count(isb_sector_assignments.id) AS count_1 
FROM isb_sector_assignments 
WHERE isb_sector_assignments.sector_id = $1::INTEGER
2026-09-18 11:44:34,939 INFO sqlalchemy.engine.Engine [cached since 198.1s ago] (9,)
2026-09-18 11:44:34,941 INFO sqlalchemy.engine.Engine SELECT count(isb_sector_assignments.id) AS count_1 
FROM isb_sector_assignments 
WHERE isb_sector_assignments.sector_id = $1::INTEGER
2026-09-18 11:44:34,941 INFO sqlalchemy.engine.Engine [cached since 198.1s ago] (10,)
INFO:     127.0.0.1:57462 - "GET /api/isb/graphs/sectors HTTP/1.1" 200 OK
2026-09-18 11:44:34,943 INFO sqlalchemy.engine.Engine ROLLBACK
2026-09-18 11:44:35,022 INFO sqlalchemy.engine.Engine BEGIN (implicit)
2026-09-18 11:44:35,023 INFO sqlalchemy.engine.Engine SELECT citizens.id, citizens.discord_id, citizens.username, citizens.minecraft_uuid, citizens.role_ids, citizens.main_role_id, citizens.reputation, citizens.citizenship_date, citizens.last_login, citizens.created_at, citizens.updated_at, citizens.is_active, citizens.is_verified 
FROM citizens 
WHERE citizens.discord_id = $1::BIGINT
2026-09-18 11:44:35,023 INFO sqlalchemy.engine.Engine [cached since 200.1s ago] (436507782263603200,)
2026-09-18 11:44:35,026 INFO sqlalchemy.engine.Engine SELECT roles.id, roles.name, roles.display_name, roles.level, roles.is_active, roles.created_at, roles.updated_at 
FROM roles 
WHERE roles.id IN ($1::INTEGER, $2::INTEGER, $3::INTEGER)
2026-09-18 11:44:35,026 INFO sqlalchemy.engine.Engine [cached since 200s ago] (2, 19, 7)
2026-09-18 11:44:35,028 INFO sqlalchemy.engine.Engine SELECT permissions.id, permissions.name, permissions.display_name, permissions.category, permissions.is_active, permissions.created_at, permissions.updated_at 
FROM permissions JOIN role_permissions ON permissions.id = role_permissions.permission_id 
WHERE role_permissions.role_id = $1::INTEGER
2026-09-18 11:44:35,028 INFO sqlalchemy.engine.Engine [cached since 200s ago] (2,)
2026-09-18 11:44:35,031 INFO sqlalchemy.engine.Engine SELECT permissions.id, permissions.name, permissions.display_name, permissions.category, permissions.is_active, permissions.created_at, permissions.updated_at 
FROM permissions JOIN role_permissions ON permissions.id = role_permissions.permission_id 
WHERE role_permissions.role_id = $1::INTEGER
2026-09-18 11:44:35,031 INFO sqlalchemy.engine.Engine [cached since 200s ago] (7,)
2026-09-18 11:44:35,033 INFO sqlalchemy.engine.Engine SELECT permissions.id, permissions.name, permissions.display_name, permissions.category, permissions.is_active, permissions.created_at, permissions.updated_at 
FROM permissions JOIN role_permissions ON permissions.id = role_permissions.permission_id 
WHERE role_permissions.role_id = $1::INTEGER
2026-09-18 11:44:35,033 INFO sqlalchemy.engine.Engine [cached since 200s ago] (19,)
2026-09-18 11:44:35,036 INFO sqlalchemy.engine.Engine SELECT date_trunc($1::VARCHAR, isb_logs.created_at) AS hour, count(isb_logs.id) AS count 
FROM isb_logs 
WHERE isb_logs.created_at >= $2::TIMESTAMP WITHOUT TIME ZONE GROUP BY hour ORDER BY hour
2026-09-18 11:44:35,036 INFO sqlalchemy.engine.Engine [cached since 198s ago] ('hour', datetime.datetime(2026, 9, 17, 8, 44, 35, 35241))
INFO:     127.0.0.1:57462 - "GET /api/isb/graphs/logs-24h HTTP/1.1" 200 OK
2026-09-18 11:44:35,042 INFO sqlalchemy.engine.Engine ROLLBACK
2026-09-18 11:44:35,114 INFO sqlalchemy.engine.Engine BEGIN (implicit)
2026-09-18 11:44:35,115 INFO sqlalchemy.engine.Engine SELECT citizens.id, citizens.discord_id, citizens.username, citizens.minecraft_uuid, citizens.role_ids, citizens.main_role_id, citizens.reputation, citizens.citizenship_date, citizens.last_login, citizens.created_at, citizens.updated_at, citizens.is_active, citizens.is_verified 
FROM citizens 
WHERE citizens.discord_id = $1::BIGINT
2026-09-18 11:44:35,115 INFO sqlalchemy.engine.Engine [cached since 200.2s ago] (436507782263603200,)
2026-09-18 11:44:35,119 INFO sqlalchemy.engine.Engine SELECT roles.id, roles.name, roles.display_name, roles.level, roles.is_active, roles.created_at, roles.updated_at 
FROM roles 
WHERE roles.id IN ($1::INTEGER, $2::INTEGER, $3::INTEGER)
2026-09-18 11:44:35,120 INFO sqlalchemy.engine.Engine [cached since 200.1s ago] (2, 19, 7)
2026-09-18 11:44:35,123 INFO sqlalchemy.engine.Engine SELECT permissions.id, permissions.name, permissions.display_name, permissions.category, permissions.is_active, permissions.created_at, permissions.updated_at 
FROM permissions JOIN role_permissions ON permissions.id = role_permissions.permission_id 
WHERE role_permissions.role_id = $1::INTEGER
2026-09-18 11:44:35,123 INFO sqlalchemy.engine.Engine [cached since 200.1s ago] (2,)
2026-09-18 11:44:35,126 INFO sqlalchemy.engine.Engine SELECT permissions.id, permissions.name, permissions.display_name, permissions.category, permissions.is_active, permissions.created_at, permissions.updated_at 
FROM permissions JOIN role_permissions ON permissions.id = role_permissions.permission_id 
WHERE role_permissions.role_id = $1::INTEGER
2026-09-18 11:44:35,126 INFO sqlalchemy.engine.Engine [cached since 200.1s ago] (7,)
2026-09-18 11:44:35,129 INFO sqlalchemy.engine.Engine SELECT permissions.id, permissions.name, permissions.display_name, permissions.category, permissions.is_active, permissions.created_at, permissions.updated_at 
FROM permissions JOIN role_permissions ON permissions.id = role_permissions.permission_id 
WHERE role_permissions.role_id = $1::INTEGER
2026-09-18 11:44:35,129 INFO sqlalchemy.engine.Engine [cached since 200.1s ago] (19,)
2026-09-18 11:44:35,132 INFO sqlalchemy.engine.Engine SELECT isb_sectors.id, isb_sectors.number, isb_sectors.name, isb_sectors.description, isb_sectors.center_x, isb_sectors.center_z, isb_sectors.threat_level, isb_sectors.is_active, isb_sectors.created_at 
FROM isb_sectors ORDER BY isb_sectors.threat_level DESC 
 LIMIT $1::INTEGER
2026-09-18 11:44:35,132 INFO sqlalchemy.engine.Engine [cached since 198s ago] (5,)
INFO:     127.0.0.1:57462 - "GET /api/isb/graphs/threat HTTP/1.1" 200 OK
2026-09-18 11:44:35,135 INFO sqlalchemy.engine.Engine ROLLBACK
2026-09-18 11:44:46,928 INFO sqlalchemy.engine.Engine BEGIN (implicit)
2026-09-18 11:44:46,930 INFO sqlalchemy.engine.Engine SELECT citizens.id, citizens.discord_id, citizens.username, citizens.minecraft_uuid, citizens.role_ids, citizens.main_role_id, citizens.reputation, citizens.citizenship_date, citizens.last_login, citizens.created_at, citizens.updated_at, citizens.is_active, citizens.is_verified 
FROM citizens 
WHERE citizens.discord_id = $1::BIGINT
2026-09-18 11:44:46,930 INFO sqlalchemy.engine.Engine [cached since 212s ago] (436507782263603200,)
2026-09-18 11:44:46,938 INFO sqlalchemy.engine.Engine BEGIN (implicit)
2026-09-18 11:44:46,940 INFO sqlalchemy.engine.Engine SELECT citizens.id, citizens.discord_id, citizens.username, citizens.minecraft_uuid, citizens.role_ids, citizens.main_role_id, citizens.reputation, citizens.citizenship_date, citizens.last_login, citizens.created_at, citizens.updated_at, citizens.is_active, citizens.is_verified 
FROM citizens 
WHERE citizens.discord_id = $1::BIGINT
2026-09-18 11:44:46,941 INFO sqlalchemy.engine.Engine [cached since 212s ago] (436507782263603200,)
INFO:     127.0.0.1:57474 - "GET /health HTTP/1.1" 200 OK
2026-09-18 11:44:46,957 INFO sqlalchemy.engine.Engine BEGIN (implicit)
2026-09-18 11:44:46,959 INFO sqlalchemy.engine.Engine SELECT citizens.id, citizens.discord_id, citizens.username, citizens.minecraft_uuid, citizens.role_ids, citizens.main_role_id, citizens.reputation, citizens.citizenship_date, citizens.last_login, citizens.created_at, citizens.updated_at, citizens.is_active, citizens.is_verified 
FROM citizens 
WHERE citizens.discord_id = $1::BIGINT
2026-09-18 11:44:46,960 INFO sqlalchemy.engine.Engine [cached since 212s ago] (436507782263603200,)
2026-09-18 11:44:46,966 INFO sqlalchemy.engine.Engine BEGIN (implicit)
2026-09-18 11:44:46,968 INFO sqlalchemy.engine.Engine SELECT citizens.id, citizens.discord_id, citizens.username, citizens.minecraft_uuid, citizens.role_ids, citizens.main_role_id, citizens.reputation, citizens.citizenship_date, citizens.last_login, citizens.created_at, citizens.updated_at, citizens.is_active, citizens.is_verified 
FROM citizens 
WHERE citizens.discord_id = $1::BIGINT
2026-09-18 11:44:46,968 INFO sqlalchemy.engine.Engine [cached since 212s ago] (436507782263603200,)
2026-09-18 11:44:46,978 INFO sqlalchemy.engine.Engine SELECT roles.id, roles.name, roles.display_name, roles.level, roles.is_active, roles.created_at, roles.updated_at 
FROM roles 
WHERE roles.id IN ($1::INTEGER, $2::INTEGER, $3::INTEGER)
2026-09-18 11:44:46,978 INFO sqlalchemy.engine.Engine [cached since 212s ago] (2, 19, 7)
2026-09-18 11:44:46,984 INFO sqlalchemy.engine.Engine SELECT roles.id, roles.name, roles.display_name, roles.level, roles.is_active, roles.created_at, roles.updated_at 
FROM roles 
WHERE roles.id IN ($1::INTEGER, $2::INTEGER, $3::INTEGER)
2026-09-18 11:44:46,984 INFO sqlalchemy.engine.Engine [cached since 212s ago] (2, 19, 7)
2026-09-18 11:44:46,987 INFO sqlalchemy.engine.Engine SELECT roles.id, roles.name, roles.display_name, roles.level, roles.is_active, roles.created_at, roles.updated_at 
FROM roles 
WHERE roles.id IN ($1::INTEGER, $2::INTEGER, $3::INTEGER)
2026-09-18 11:44:46,988 INFO sqlalchemy.engine.Engine [cached since 212s ago] (2, 19, 7)
2026-09-18 11:44:46,992 INFO sqlalchemy.engine.Engine SELECT isb_employees.id, isb_employees.citizen_id, isb_employees.service_number, isb_employees.rank_name, isb_employees.rank_short, isb_employees.branch, isb_employees.level, isb_employees.access_level, isb_employees.position, isb_employees.enlisted_at, isb_employees.promoted_at, isb_employees.discharged_at, isb_employees.is_active, isb_employees.can_arrest, isb_employees.can_conduct_searches, isb_employees.can_issue_warrants, isb_employees.can_command, isb_employees.notes, isb_employees.created_at, isb_employees.updated_at 
FROM isb_employees 
WHERE isb_employees.citizen_id = $1::INTEGER
2026-09-18 11:44:46,992 INFO sqlalchemy.engine.Engine [cached since 212s ago] (2,)
2026-09-18 11:44:46,995 INFO sqlalchemy.engine.Engine SELECT permissions.id, permissions.name, permissions.display_name, permissions.category, permissions.is_active, permissions.created_at, permissions.updated_at 
FROM permissions JOIN role_permissions ON permissions.id = role_permissions.permission_id 
WHERE role_permissions.role_id = $1::INTEGER
2026-09-18 11:44:46,996 INFO sqlalchemy.engine.Engine [cached since 212s ago] (2,)
2026-09-18 11:44:46,999 INFO sqlalchemy.engine.Engine BEGIN (implicit)
2026-09-18 11:44:47,000 INFO sqlalchemy.engine.Engine SELECT count(citizens.id) AS count_1 
FROM citizens
2026-09-18 11:44:47,000 INFO sqlalchemy.engine.Engine [cached since 215.2s ago] ()
2026-09-18 11:44:47,004 INFO sqlalchemy.engine.Engine SELECT permissions.id, permissions.name, permissions.display_name, permissions.category, permissions.is_active, permissions.created_at, permissions.updated_at 
FROM permissions JOIN role_permissions ON permissions.id = role_permissions.permission_id 
WHERE role_permissions.role_id = $1::INTEGER
2026-09-18 11:44:47,004 INFO sqlalchemy.engine.Engine [cached since 212s ago] (2,)
2026-09-18 11:44:47,008 INFO sqlalchemy.engine.Engine SELECT permissions.id, permissions.name, permissions.display_name, permissions.category, permissions.is_active, permissions.created_at, permissions.updated_at 
FROM permissions JOIN role_permissions ON permissions.id = role_permissions.permission_id 
WHERE role_permissions.role_id = $1::INTEGER
2026-09-18 11:44:47,008 INFO sqlalchemy.engine.Engine [cached since 212s ago] (2,)
INFO:     127.0.0.1:57478 - "GET /api/isb/me/access HTTP/1.1" 200 OK
2026-09-18 11:44:47,013 INFO sqlalchemy.engine.Engine ROLLBACK
2026-09-18 11:44:47,016 INFO sqlalchemy.engine.Engine SELECT permissions.id, permissions.name, permissions.display_name, permissions.category, permissions.is_active, permissions.created_at, permissions.updated_at 
FROM permissions JOIN role_permissions ON permissions.id = role_permissions.permission_id 
WHERE role_permissions.role_id = $1::INTEGER
2026-09-18 11:44:47,016 INFO sqlalchemy.engine.Engine [cached since 212s ago] (7,)
2026-09-18 11:44:47,021 INFO sqlalchemy.engine.Engine SELECT permissions.id, permissions.name, permissions.display_name, permissions.category, permissions.is_active, permissions.created_at, permissions.updated_at 
FROM permissions JOIN role_permissions ON permissions.id = role_permissions.permission_id 
WHERE role_permissions.role_id = $1::INTEGER
2026-09-18 11:44:47,021 INFO sqlalchemy.engine.Engine [cached since 212s ago] (7,)
2026-09-18 11:44:47,025 INFO sqlalchemy.engine.Engine SELECT permissions.id, permissions.name, permissions.display_name, permissions.category, permissions.is_active, permissions.created_at, permissions.updated_at 
FROM permissions JOIN role_permissions ON permissions.id = role_permissions.permission_id 
WHERE role_permissions.role_id = $1::INTEGER
2026-09-18 11:44:47,025 INFO sqlalchemy.engine.Engine [cached since 212s ago] (7,)
2026-09-18 11:44:47,029 INFO sqlalchemy.engine.Engine SELECT roles.id, roles.name, roles.display_name, roles.level, roles.is_active, roles.created_at, roles.updated_at 
FROM roles ORDER BY roles.level DESC
2026-09-18 11:44:47,029 INFO sqlalchemy.engine.Engine [cached since 211.5s ago] ()
2026-09-18 11:44:47,033 INFO sqlalchemy.engine.Engine SELECT permissions.id, permissions.name, permissions.display_name, permissions.category, permissions.is_active, permissions.created_at, permissions.updated_at 
FROM permissions JOIN role_permissions ON permissions.id = role_permissions.permission_id 
WHERE role_permissions.role_id = $1::INTEGER
2026-09-18 11:44:47,033 INFO sqlalchemy.engine.Engine [cached since 212s ago] (19,)
2026-09-18 11:44:47,037 INFO sqlalchemy.engine.Engine SELECT permissions.id, permissions.name, permissions.display_name, permissions.category, permissions.is_active, permissions.created_at, permissions.updated_at 
FROM permissions JOIN role_permissions ON permissions.id = role_permissions.permission_id 
WHERE role_permissions.role_id = $1::INTEGER
2026-09-18 11:44:47,038 INFO sqlalchemy.engine.Engine [cached since 212s ago] (19,)
2026-09-18 11:44:47,041 INFO sqlalchemy.engine.Engine SELECT permissions.id, permissions.name, permissions.display_name, permissions.category, permissions.is_active, permissions.created_at, permissions.updated_at 
FROM permissions JOIN role_permissions ON permissions.id = role_permissions.permission_id 
WHERE role_permissions.role_id = $1::INTEGER
2026-09-18 11:44:47,041 INFO sqlalchemy.engine.Engine [cached since 212s ago] (19,)
2026-09-18 11:44:47,046 INFO sqlalchemy.engine.Engine SELECT roles_1.id AS roles_1_id, permissions.id AS permissions_id, permissions.name AS permissions_name, permissions.display_name AS permissions_display_name, permissions.category AS permissions_category, permissions.is_active AS permissions_is_active, permissions.created_at AS permissions_created_at, permissions.updated_at AS permissions_updated_at 
FROM roles AS roles_1 JOIN role_permissions AS role_permissions_1 ON roles_1.id = role_permissions_1.role_id JOIN permissions ON permissions.id = role_permissions_1.permission_id 
WHERE roles_1.id IN ($1::INTEGER, $2::INTEGER, $3::INTEGER, $4::INTEGER, $5::INTEGER, $6::INTEGER, $7::INTEGER)
2026-09-18 11:44:47,046 INFO sqlalchemy.engine.Engine [cached since 211.5s ago] (2, 15, 16, 17, 18, 19, 7)
2026-09-18 11:44:47,049 INFO sqlalchemy.engine.Engine SELECT isb_sectors.id, isb_sectors.number, isb_sectors.name, isb_sectors.description, isb_sectors.center_x, isb_sectors.center_z, isb_sectors.threat_level, isb_sectors.is_active, isb_sectors.created_at 
FROM isb_sectors ORDER BY isb_sectors.number
2026-09-18 11:44:47,050 INFO sqlalchemy.engine.Engine [cached since 211.4s ago] ()
2026-09-18 11:44:47,053 INFO sqlalchemy.engine.Engine SELECT isb_employees.id, isb_employees.citizen_id, isb_employees.service_number, isb_employees.rank_name, isb_employees.rank_short, isb_employees.branch, isb_employees.level, isb_employees.access_level, isb_employees.position, isb_employees.enlisted_at, isb_employees.promoted_at, isb_employees.discharged_at, isb_employees.is_active, isb_employees.can_arrest, isb_employees.can_conduct_searches, isb_employees.can_issue_warrants, isb_employees.can_command, isb_employees.notes, isb_employees.created_at, isb_employees.updated_at 
FROM isb_employees ORDER BY isb_employees.level DESC
2026-09-18 11:44:47,054 INFO sqlalchemy.engine.Engine [cached since 211.6s ago] ()
2026-09-18 11:44:47,058 INFO sqlalchemy.engine.Engine SELECT isb_logs.id, isb_logs.created_at, isb_logs.severity, isb_logs.category, isb_logs.message, isb_logs.actor_id, isb_logs.sector_id, isb_logs.meta 
FROM isb_logs ORDER BY isb_logs.created_at DESC 
 LIMIT $1::INTEGER
2026-09-18 11:44:47,058 INFO sqlalchemy.engine.Engine [cached since 211.4s ago] (30,)
2026-09-18 11:44:47,062 INFO sqlalchemy.engine.Engine SELECT isb_sector_assignments.id, isb_sector_assignments.sector_id, isb_sector_assignments.employee_id, isb_sector_assignments.assigned_at, isb_sector_assignments.is_leader, isb_sector_assignments.notes 
FROM isb_sector_assignments 
WHERE isb_sector_assignments.sector_id = $1::INTEGER
2026-09-18 11:44:47,063 INFO sqlalchemy.engine.Engine [cached since 211.4s ago] (1,)
2026-09-18 11:44:47,068 INFO sqlalchemy.engine.Engine SELECT citizens.id, citizens.discord_id, citizens.username, citizens.minecraft_uuid, citizens.role_ids, citizens.main_role_id, citizens.reputation, citizens.citizenship_date, citizens.last_login, citizens.created_at, citizens.updated_at, citizens.is_active, citizens.is_verified 
FROM citizens ORDER BY citizens.citizenship_date DESC 
 LIMIT $1::INTEGER OFFSET $2::INTEGER
2026-09-18 11:44:47,069 INFO sqlalchemy.engine.Engine [cached since 211.5s ago] (10000, 0)
2026-09-18 11:44:47,072 INFO sqlalchemy.engine.Engine SELECT citizens.id, citizens.discord_id, citizens.username, citizens.minecraft_uuid, citizens.role_ids, citizens.main_role_id, citizens.reputation, citizens.citizenship_date, citizens.last_login, citizens.created_at, citizens.updated_at, citizens.is_active, citizens.is_verified 
FROM citizens 
WHERE citizens.id IN ($1::INTEGER, $2::INTEGER)
2026-09-18 11:44:47,072 INFO sqlalchemy.engine.Engine [cached since 211.6s ago] (2, 4)
2026-09-18 11:44:47,076 INFO sqlalchemy.engine.Engine SELECT isb_employees.id, isb_employees.citizen_id, isb_employees.service_number, isb_employees.rank_name, isb_employees.rank_short, isb_employees.branch, isb_employees.level, isb_employees.access_level, isb_employees.position, isb_employees.enlisted_at, isb_employees.promoted_at, isb_employees.discharged_at, isb_employees.is_active, isb_employees.can_arrest, isb_employees.can_conduct_searches, isb_employees.can_issue_warrants, isb_employees.can_command, isb_employees.notes, isb_employees.created_at, isb_employees.updated_at 
FROM isb_employees 
WHERE isb_employees.id = $1::INTEGER
2026-09-18 11:44:47,077 INFO sqlalchemy.engine.Engine [cached since 211.4s ago] (2,)
INFO:     127.0.0.1:57474 - "GET /api/stats HTTP/1.1" 200 OK
2026-09-18 11:44:47,079 INFO sqlalchemy.engine.Engine ROLLBACK
2026-09-18 11:44:47,082 INFO sqlalchemy.engine.Engine SELECT citizens.id, citizens.discord_id, citizens.username, citizens.minecraft_uuid, citizens.role_ids, citizens.main_role_id, citizens.reputation, citizens.citizenship_date, citizens.last_login, citizens.created_at, citizens.updated_at, citizens.is_active, citizens.is_verified 
FROM citizens 
WHERE citizens.id = $1::INTEGER
2026-09-18 11:44:47,083 INFO sqlalchemy.engine.Engine [cached since 211.4s ago] (2,)
INFO:     127.0.0.1:57482 - "GET /api/admin/isb/employees HTTP/1.1" 200 OK
2026-09-18 11:44:47,086 INFO sqlalchemy.engine.Engine ROLLBACK
2026-09-18 11:44:47,089 INFO sqlalchemy.engine.Engine SELECT citizens.id, citizens.discord_id, citizens.username, citizens.minecraft_uuid, citizens.role_ids, citizens.main_role_id, citizens.reputation, citizens.citizenship_date, citizens.last_login, citizens.created_at, citizens.updated_at, citizens.is_active, citizens.is_verified 
FROM citizens 
WHERE citizens.id = $1::INTEGER
2026-09-18 11:44:47,089 INFO sqlalchemy.engine.Engine [cached since 211.5s ago] (4,)
2026-09-18 11:44:47,092 INFO sqlalchemy.engine.Engine SELECT isb_sectors.id, isb_sectors.number, isb_sectors.name, isb_sectors.description, isb_sectors.center_x, isb_sectors.center_z, isb_sectors.threat_level, isb_sectors.is_active, isb_sectors.created_at 
FROM isb_sectors 
WHERE isb_sectors.id = $1::INTEGER
2026-09-18 11:44:47,092 INFO sqlalchemy.engine.Engine [cached since 211.4s ago] (1,)
2026-09-18 11:44:47,094 INFO sqlalchemy.engine.Engine SELECT isb_employees.id, isb_employees.citizen_id, isb_employees.service_number, isb_employees.rank_name, isb_employees.rank_short, isb_employees.branch, isb_employees.level, isb_employees.access_level, isb_employees.position, isb_employees.enlisted_at, isb_employees.promoted_at, isb_employees.discharged_at, isb_employees.is_active, isb_employees.can_arrest, isb_employees.can_conduct_searches, isb_employees.can_issue_warrants, isb_employees.can_command, isb_employees.notes, isb_employees.created_at, isb_employees.updated_at 
FROM isb_employees 
WHERE isb_employees.id = $1::INTEGER
2026-09-18 11:44:47,095 INFO sqlalchemy.engine.Engine [cached since 211.4s ago] (1,)
2026-09-18 11:44:47,099 INFO sqlalchemy.engine.Engine BEGIN (implicit)
2026-09-18 11:44:47,100 INFO sqlalchemy.engine.Engine SELECT citizens.id, citizens.discord_id, citizens.username, citizens.minecraft_uuid, citizens.role_ids, citizens.main_role_id, citizens.reputation, citizens.citizenship_date, citizens.last_login, citizens.created_at, citizens.updated_at, citizens.is_active, citizens.is_verified 
FROM citizens 
WHERE citizens.discord_id = $1::BIGINT
2026-09-18 11:44:47,100 INFO sqlalchemy.engine.Engine [cached since 212.2s ago] (436507782263603200,)
2026-09-18 11:44:47,102 INFO sqlalchemy.engine.Engine SELECT citizens.id, citizens.discord_id, citizens.username, citizens.minecraft_uuid, citizens.role_ids, citizens.main_role_id, citizens.reputation, citizens.citizenship_date, citizens.last_login, citizens.created_at, citizens.updated_at, citizens.is_active, citizens.is_verified 
FROM citizens 
WHERE citizens.id = $1::INTEGER
2026-09-18 11:44:47,102 INFO sqlalchemy.engine.Engine [cached since 211.5s ago] (2,)
2026-09-18 11:44:47,105 INFO sqlalchemy.engine.Engine SELECT citizens.id, citizens.discord_id, citizens.username, citizens.minecraft_uuid, citizens.role_ids, citizens.main_role_id, citizens.reputation, citizens.citizenship_date, citizens.last_login, citizens.created_at, citizens.updated_at, citizens.is_active, citizens.is_verified 
FROM citizens 
WHERE citizens.id = $1::INTEGER
2026-09-18 11:44:47,105 INFO sqlalchemy.engine.Engine [cached since 211.5s ago] (2,)
2026-09-18 11:44:47,107 INFO sqlalchemy.engine.Engine SELECT isb_sector_assignments.id, isb_sector_assignments.sector_id, isb_sector_assignments.employee_id, isb_sector_assignments.assigned_at, isb_sector_assignments.is_leader, isb_sector_assignments.notes 
FROM isb_sector_assignments 
WHERE isb_sector_assignments.sector_id = $1::INTEGER
2026-09-18 11:44:47,108 INFO sqlalchemy.engine.Engine [cached since 211.5s ago] (2,)
2026-09-18 11:44:47,110 INFO sqlalchemy.engine.Engine SELECT roles.id, roles.name, roles.display_name, roles.level, roles.is_active, roles.created_at, roles.updated_at 
FROM roles 
WHERE roles.id IN ($1::INTEGER, $2::INTEGER, $3::INTEGER)
2026-09-18 11:44:47,110 INFO sqlalchemy.engine.Engine [cached since 212.1s ago] (2, 19, 7)
2026-09-18 11:44:47,112 INFO sqlalchemy.engine.Engine SELECT isb_sectors.id, isb_sectors.number, isb_sectors.name, isb_sectors.description, isb_sectors.center_x, isb_sectors.center_z, isb_sectors.threat_level, isb_sectors.is_active, isb_sectors.created_at 
FROM isb_sectors 
WHERE isb_sectors.id = $1::INTEGER
2026-09-18 11:44:47,113 INFO sqlalchemy.engine.Engine [cached since 211.5s ago] (1,)
2026-09-18 11:44:47,115 INFO sqlalchemy.engine.Engine SELECT isb_sector_assignments.id, isb_sector_assignments.sector_id, isb_sector_assignments.employee_id, isb_sector_assignments.assigned_at, isb_sector_assignments.is_leader, isb_sector_assignments.notes 
FROM isb_sector_assignments 
WHERE isb_sector_assignments.sector_id = $1::INTEGER
2026-09-18 11:44:47,116 INFO sqlalchemy.engine.Engine [cached since 211.5s ago] (3,)
2026-09-18 11:44:47,118 INFO sqlalchemy.engine.Engine SELECT permissions.id, permissions.name, permissions.display_name, permissions.category, permissions.is_active, permissions.created_at, permissions.updated_at 
FROM permissions JOIN role_permissions ON permissions.id = role_permissions.permission_id 
WHERE role_permissions.role_id = $1::INTEGER
2026-09-18 11:44:47,119 INFO sqlalchemy.engine.Engine [cached since 212.1s ago] (2,)
2026-09-18 11:44:47,121 INFO sqlalchemy.engine.Engine SELECT citizens.id, citizens.discord_id, citizens.username, citizens.minecraft_uuid, citizens.role_ids, citizens.main_role_id, citizens.reputation, citizens.citizenship_date, citizens.last_login, citizens.created_at, citizens.updated_at, citizens.is_active, citizens.is_verified 
FROM citizens 
WHERE citizens.id = $1::INTEGER
2026-09-18 11:44:47,121 INFO sqlalchemy.engine.Engine [cached since 211.5s ago] (2,)
2026-09-18 11:44:47,123 INFO sqlalchemy.engine.Engine SELECT isb_sector_assignments.id, isb_sector_assignments.sector_id, isb_sector_assignments.employee_id, isb_sector_assignments.assigned_at, isb_sector_assignments.is_leader, isb_sector_assignments.notes 
FROM isb_sector_assignments 
WHERE isb_sector_assignments.sector_id = $1::INTEGER
2026-09-18 11:44:47,124 INFO sqlalchemy.engine.Engine [cached since 211.5s ago] (4,)
2026-09-18 11:44:47,127 INFO sqlalchemy.engine.Engine SELECT isb_sectors.id, isb_sectors.number, isb_sectors.name, isb_sectors.description, isb_sectors.center_x, isb_sectors.center_z, isb_sectors.threat_level, isb_sectors.is_active, isb_sectors.created_at 
FROM isb_sectors 
WHERE isb_sectors.id = $1::INTEGER
2026-09-18 11:44:47,127 INFO sqlalchemy.engine.Engine [cached since 211.5s ago] (10,)
2026-09-18 11:44:47,130 INFO sqlalchemy.engine.Engine SELECT permissions.id, permissions.name, permissions.display_name, permissions.category, permissions.is_active, permissions.created_at, permissions.updated_at 
FROM permissions JOIN role_permissions ON permissions.id = role_permissions.permission_id 
WHERE role_permissions.role_id = $1::INTEGER
2026-09-18 11:44:47,130 INFO sqlalchemy.engine.Engine [cached since 212.1s ago] (7,)
2026-09-18 11:44:47,133 INFO sqlalchemy.engine.Engine SELECT isb_sector_assignments.id, isb_sector_assignments.sector_id, isb_sector_assignments.employee_id, isb_sector_assignments.assigned_at, isb_sector_assignments.is_leader, isb_sector_assignments.notes 
FROM isb_sector_assignments 
WHERE isb_sector_assignments.sector_id = $1::INTEGER
2026-09-18 11:44:47,133 INFO sqlalchemy.engine.Engine [cached since 211.5s ago] (5,)
2026-09-18 11:44:47,136 INFO sqlalchemy.engine.Engine SELECT permissions.id, permissions.name, permissions.display_name, permissions.category, permissions.is_active, permissions.created_at, permissions.updated_at 
FROM permissions JOIN role_permissions ON permissions.id = role_permissions.permission_id 
WHERE role_permissions.role_id = $1::INTEGER
2026-09-18 11:44:47,136 INFO sqlalchemy.engine.Engine [cached since 212.1s ago] (19,)
INFO:     127.0.0.1:57466 - "GET /api/isb/logs?limit=30 HTTP/1.1" 200 OK
2026-09-18 11:44:47,138 INFO sqlalchemy.engine.Engine ROLLBACK
2026-09-18 11:44:47,141 INFO sqlalchemy.engine.Engine SELECT isb_sector_assignments.id, isb_sector_assignments.sector_id, isb_sector_assignments.employee_id, isb_sector_assignments.assigned_at, isb_sector_assignments.is_leader, isb_sector_assignments.notes 
FROM isb_sector_assignments 
WHERE isb_sector_assignments.sector_id = $1::INTEGER
2026-09-18 11:44:47,141 INFO sqlalchemy.engine.Engine [cached since 211.5s ago] (6,)
2026-09-18 11:44:47,145 INFO sqlalchemy.engine.Engine SELECT roles.id, roles.name, roles.display_name, roles.level, roles.is_active, roles.created_at, roles.updated_at 
FROM roles 
WHERE roles.id IN ($1::INTEGER, $2::INTEGER, $3::INTEGER)
2026-09-18 11:44:47,146 INFO sqlalchemy.engine.Engine [cached since 212.1s ago] (2, 19, 7)
2026-09-18 11:44:47,149 INFO sqlalchemy.engine.Engine SELECT isb_sector_assignments.id, isb_sector_assignments.sector_id, isb_sector_assignments.employee_id, isb_sector_assignments.assigned_at, isb_sector_assignments.is_leader, isb_sector_assignments.notes 
FROM isb_sector_assignments 
WHERE isb_sector_assignments.sector_id = $1::INTEGER
2026-09-18 11:44:47,149 INFO sqlalchemy.engine.Engine [cached since 211.5s ago] (7,)
2026-09-18 11:44:47,152 INFO sqlalchemy.engine.Engine SELECT permissions.id, permissions.name, permissions.display_name, permissions.category, permissions.is_active, permissions.created_at, permissions.updated_at 
FROM permissions JOIN role_permissions ON permissions.id = role_permissions.permission_id 
WHERE role_permissions.role_id = $1::INTEGER
2026-09-18 11:44:47,152 INFO sqlalchemy.engine.Engine [cached since 212.1s ago] (2,)
2026-09-18 11:44:47,154 INFO sqlalchemy.engine.Engine SELECT isb_sector_assignments.id, isb_sector_assignments.sector_id, isb_sector_assignments.employee_id, isb_sector_assignments.assigned_at, isb_sector_assignments.is_leader, isb_sector_assignments.notes 
FROM isb_sector_assignments 
WHERE isb_sector_assignments.sector_id = $1::INTEGER
2026-09-18 11:44:47,155 INFO sqlalchemy.engine.Engine [cached since 211.5s ago] (8,)
2026-09-18 11:44:47,157 INFO sqlalchemy.engine.Engine SELECT permissions.id, permissions.name, permissions.display_name, permissions.category, permissions.is_active, permissions.created_at, permissions.updated_at 
FROM permissions JOIN role_permissions ON permissions.id = role_permissions.permission_id 
WHERE role_permissions.role_id = $1::INTEGER
2026-09-18 11:44:47,157 INFO sqlalchemy.engine.Engine [cached since 212.1s ago] (7,)
2026-09-18 11:44:47,159 INFO sqlalchemy.engine.Engine SELECT isb_sector_assignments.id, isb_sector_assignments.sector_id, isb_sector_assignments.employee_id, isb_sector_assignments.assigned_at, isb_sector_assignments.is_leader, isb_sector_assignments.notes 
FROM isb_sector_assignments 
WHERE isb_sector_assignments.sector_id = $1::INTEGER
2026-09-18 11:44:47,160 INFO sqlalchemy.engine.Engine [cached since 211.5s ago] (9,)
2026-09-18 11:44:47,162 INFO sqlalchemy.engine.Engine SELECT permissions.id, permissions.name, permissions.display_name, permissions.category, permissions.is_active, permissions.created_at, permissions.updated_at 
FROM permissions JOIN role_permissions ON permissions.id = role_permissions.permission_id 
WHERE role_permissions.role_id = $1::INTEGER
2026-09-18 11:44:47,163 INFO sqlalchemy.engine.Engine [cached since 212.1s ago] (19,)
2026-09-18 11:44:47,165 INFO sqlalchemy.engine.Engine SELECT isb_sector_assignments.id, isb_sector_assignments.sector_id, isb_sector_assignments.employee_id, isb_sector_assignments.assigned_at, isb_sector_assignments.is_leader, isb_sector_assignments.notes 
FROM isb_sector_assignments 
WHERE isb_sector_assignments.sector_id = $1::INTEGER
2026-09-18 11:44:47,166 INFO sqlalchemy.engine.Engine [cached since 211.5s ago] (10,)
2026-09-18 11:44:47,169 INFO sqlalchemy.engine.Engine SELECT algorithms.id, algorithms.number, algorithms.title, algorithms.description, algorithms.task_type, algorithms.scope, algorithms.status, algorithms.deadline, algorithms.reward_reputation, algorithms.created_by, algorithms.max_participants, algorithms.created_at, algorithms.updated_at 
FROM algorithms ORDER BY algorithms.created_at DESC 
 LIMIT $1::INTEGER OFFSET $2::INTEGER
2026-09-18 11:44:47,169 INFO sqlalchemy.engine.Engine [cached since 211.4s ago] (200, 0)
2026-09-18 11:44:47,172 INFO sqlalchemy.engine.Engine SELECT isb_employees.id, isb_employees.citizen_id, isb_employees.service_number, isb_employees.rank_name, isb_employees.rank_short, isb_employees.branch, isb_employees.level, isb_employees.access_level, isb_employees.position, isb_employees.enlisted_at, isb_employees.promoted_at, isb_employees.discharged_at, isb_employees.is_active, isb_employees.can_arrest, isb_employees.can_conduct_searches, isb_employees.can_issue_warrants, isb_employees.can_command, isb_employees.notes, isb_employees.created_at, isb_employees.updated_at 
FROM isb_employees 
WHERE isb_employees.id = $1::INTEGER
2026-09-18 11:44:47,172 INFO sqlalchemy.engine.Engine [cached since 211.5s ago] (2,)
INFO:     127.0.0.1:57474 - "GET /api/algorithms HTTP/1.1" 200 OK
2026-09-18 11:44:47,175 INFO sqlalchemy.engine.Engine ROLLBACK
2026-09-18 11:44:47,177 INFO sqlalchemy.engine.Engine SELECT citizens.id, citizens.discord_id, citizens.username, citizens.minecraft_uuid, citizens.role_ids, citizens.main_role_id, citizens.reputation, citizens.citizenship_date, citizens.last_login, citizens.created_at, citizens.updated_at, citizens.is_active, citizens.is_verified 
FROM citizens 
WHERE citizens.id = $1::INTEGER
2026-09-18 11:44:47,178 INFO sqlalchemy.engine.Engine [cached since 211.5s ago] (4,)
INFO:     127.0.0.1:57470 - "GET /api/isb/sectors HTTP/1.1" 200 OK
2026-09-18 11:44:47,183 INFO sqlalchemy.engine.Engine ROLLBACK
2026-09-18 11:44:47,191 INFO sqlalchemy.engine.Engine BEGIN (implicit)
2026-09-18 11:44:47,192 INFO sqlalchemy.engine.Engine SELECT citizens.id, citizens.discord_id, citizens.username, citizens.minecraft_uuid, citizens.role_ids, citizens.main_role_id, citizens.reputation, citizens.citizenship_date, citizens.last_login, citizens.created_at, citizens.updated_at, citizens.is_active, citizens.is_verified 
FROM citizens 
WHERE citizens.username ILIKE $1::VARCHAR OR citizens.minecraft_uuid ILIKE $2::VARCHAR 
 LIMIT $3::INTEGER
2026-09-18 11:44:47,192 INFO sqlalchemy.engine.Engine [cached since 211.4s ago] ('%test%', '%test%', 10)
2026-09-18 11:44:47,197 INFO sqlalchemy.engine.Engine SELECT roles.id, roles.name, roles.display_name, roles.level, roles.is_active, roles.created_at, roles.updated_at 
FROM roles 
WHERE roles.name ILIKE $1::VARCHAR OR roles.display_name ILIKE $2::VARCHAR 
 LIMIT $3::INTEGER
2026-09-18 11:44:47,197 INFO sqlalchemy.engine.Engine [cached since 211.4s ago] ('%test%', '%test%', 5)
2026-09-18 11:44:47,202 INFO sqlalchemy.engine.Engine SELECT isb_awards.id, isb_awards.name, isb_awards.display_name, isb_awards.description, isb_awards.icon, isb_awards.rarity, isb_awards.category, isb_awards.is_active, isb_awards.created_at 
FROM isb_awards 
WHERE isb_awards.name ILIKE $1::VARCHAR OR isb_awards.display_name ILIKE $2::VARCHAR OR isb_awards.description ILIKE $3::VARCHAR 
 LIMIT $4::INTEGER
2026-09-18 11:44:47,202 INFO sqlalchemy.engine.Engine [cached since 211.4s ago] ('%test%', '%test%', '%test%', 5)
2026-09-18 11:44:47,207 INFO sqlalchemy.engine.Engine SELECT isb_employees.id, isb_employees.citizen_id, isb_employees.service_number, isb_employees.rank_name, isb_employees.rank_short, isb_employees.branch, isb_employees.level, isb_employees.access_level, isb_employees.position, isb_employees.enlisted_at, isb_employees.promoted_at, isb_employees.discharged_at, isb_employees.is_active, isb_employees.can_arrest, isb_employees.can_conduct_searches, isb_employees.can_issue_warrants, isb_employees.can_command, isb_employees.notes, isb_employees.created_at, isb_employees.updated_at 
FROM isb_employees 
WHERE isb_employees.service_number ILIKE $1::VARCHAR OR isb_employees.rank_name ILIKE $2::VARCHAR OR isb_employees.position ILIKE $3::VARCHAR 
 LIMIT $4::INTEGER
2026-09-18 11:44:47,207 INFO sqlalchemy.engine.Engine [cached since 211.4s ago] ('%test%', '%test%', '%test%', 10)
INFO:     127.0.0.1:57474 - "GET /api/search?q=test HTTP/1.1" 200 OK
2026-09-18 11:44:47,211 INFO sqlalchemy.engine.Engine ROLLBACK
2026-09-18 11:44:47,222 INFO sqlalchemy.engine.Engine BEGIN (implicit)
2026-09-18 11:44:47,223 INFO sqlalchemy.engine.Engine SELECT citizens.id, citizens.discord_id, citizens.username, citizens.minecraft_uuid, citizens.role_ids, citizens.main_role_id, citizens.reputation, citizens.citizenship_date, citizens.last_login, citizens.created_at, citizens.updated_at, citizens.is_active, citizens.is_verified 
FROM citizens 
WHERE citizens.discord_id = $1::BIGINT
2026-09-18 11:44:47,223 INFO sqlalchemy.engine.Engine [cached since 212.3s ago] (436507782263603200,)
2026-09-18 11:44:47,229 INFO sqlalchemy.engine.Engine SELECT roles.id, roles.name, roles.display_name, roles.level, roles.is_active, roles.created_at, roles.updated_at 
FROM roles 
WHERE roles.id IN ($1::INTEGER, $2::INTEGER, $3::INTEGER)
2026-09-18 11:44:47,229 INFO sqlalchemy.engine.Engine [cached since 212.2s ago] (2, 19, 7)
2026-09-18 11:44:47,233 INFO sqlalchemy.engine.Engine SELECT permissions.id, permissions.name, permissions.display_name, permissions.category, permissions.is_active, permissions.created_at, permissions.updated_at 
FROM permissions JOIN role_permissions ON permissions.id = role_permissions.permission_id 
WHERE role_permissions.role_id = $1::INTEGER
2026-09-18 11:44:47,233 INFO sqlalchemy.engine.Engine [cached since 212.2s ago] (2,)
2026-09-18 11:44:47,238 INFO sqlalchemy.engine.Engine SELECT permissions.id, permissions.name, permissions.display_name, permissions.category, permissions.is_active, permissions.created_at, permissions.updated_at 
FROM permissions JOIN role_permissions ON permissions.id = role_permissions.permission_id 
WHERE role_permissions.role_id = $1::INTEGER
2026-09-18 11:44:47,239 INFO sqlalchemy.engine.Engine [cached since 212.2s ago] (7,)
2026-09-18 11:44:47,243 INFO sqlalchemy.engine.Engine SELECT permissions.id, permissions.name, permissions.display_name, permissions.category, permissions.is_active, permissions.created_at, permissions.updated_at 
FROM permissions JOIN role_permissions ON permissions.id = role_permissions.permission_id 
WHERE role_permissions.role_id = $1::INTEGER
2026-09-18 11:44:47,243 INFO sqlalchemy.engine.Engine [cached since 212.2s ago] (19,)
2026-09-18 11:44:47,248 INFO sqlalchemy.engine.Engine SELECT roles.id, roles.name, roles.display_name, roles.level, roles.is_active, roles.created_at, roles.updated_at 
FROM roles 
WHERE roles.id IN ($1::INTEGER, $2::INTEGER, $3::INTEGER)
2026-09-18 11:44:47,249 INFO sqlalchemy.engine.Engine [cached since 212.2s ago] (2, 19, 7)
2026-09-18 11:44:47,252 INFO sqlalchemy.engine.Engine SELECT permissions.id, permissions.name, permissions.display_name, permissions.category, permissions.is_active, permissions.created_at, permissions.updated_at 
FROM permissions JOIN role_permissions ON permissions.id = role_permissions.permission_id 
WHERE role_permissions.role_id = $1::INTEGER
2026-09-18 11:44:47,253 INFO sqlalchemy.engine.Engine [cached since 212.2s ago] (2,)
2026-09-18 11:44:47,257 INFO sqlalchemy.engine.Engine SELECT permissions.id, permissions.name, permissions.display_name, permissions.category, permissions.is_active, permissions.created_at, permissions.updated_at 
FROM permissions JOIN role_permissions ON permissions.id = role_permissions.permission_id 
WHERE role_permissions.role_id = $1::INTEGER
2026-09-18 11:44:47,257 INFO sqlalchemy.engine.Engine [cached since 212.2s ago] (7,)
2026-09-18 11:44:47,261 INFO sqlalchemy.engine.Engine SELECT permissions.id, permissions.name, permissions.display_name, permissions.category, permissions.is_active, permissions.created_at, permissions.updated_at 
FROM permissions JOIN role_permissions ON permissions.id = role_permissions.permission_id 
WHERE role_permissions.role_id = $1::INTEGER
2026-09-18 11:44:47,261 INFO sqlalchemy.engine.Engine [cached since 212.2s ago] (19,)
2026-09-18 11:44:47,266 INFO sqlalchemy.engine.Engine SELECT algorithms.id, algorithms.number, algorithms.title, algorithms.description, algorithms.task_type, algorithms.scope, algorithms.status, algorithms.deadline, algorithms.reward_reputation, algorithms.created_by, algorithms.max_participants, algorithms.created_at, algorithms.updated_at 
FROM algorithms ORDER BY algorithms.created_at DESC 
 LIMIT $1::INTEGER OFFSET $2::INTEGER
2026-09-18 11:44:47,266 INFO sqlalchemy.engine.Engine [cached since 211.5s ago] (200, 0)
INFO:     127.0.0.1:57474 - "GET /api/algorithms HTTP/1.1" 200 OK
2026-09-18 11:44:47,270 INFO sqlalchemy.engine.Engine ROLLBACK
2026-09-18 11:45:47,476 INFO sqlalchemy.engine.Engine BEGIN (implicit)
2026-09-18 11:45:47,478 INFO sqlalchemy.engine.Engine SELECT citizens.id, citizens.discord_id, citizens.username, citizens.minecraft_uuid, citizens.role_ids, citizens.main_role_id, citizens.reputation, citizens.citizenship_date, citizens.last_login, citizens.created_at, citizens.updated_at, citizens.is_active, citizens.is_verified 
FROM citizens 
WHERE citizens.discord_id = $1::BIGINT
2026-09-18 11:45:47,478 INFO sqlalchemy.engine.Engine [cached since 258s ago] (436507782263603200,)
2026-09-18 11:45:47,489 INFO sqlalchemy.engine.Engine SELECT roles.id, roles.name, roles.display_name, roles.level, roles.is_active, roles.created_at, roles.updated_at 
FROM roles 
WHERE roles.id IN ($1::INTEGER, $2::INTEGER, $3::INTEGER)
2026-09-18 11:45:47,490 INFO sqlalchemy.engine.Engine [cached since 257.9s ago] (2, 19, 7)
2026-09-18 11:45:47,498 INFO sqlalchemy.engine.Engine SELECT permissions.id, permissions.name, permissions.display_name, permissions.category, permissions.is_active, permissions.created_at, permissions.updated_at 
FROM permissions JOIN role_permissions ON permissions.id = role_permissions.permission_id 
WHERE role_permissions.role_id = $1::INTEGER
2026-09-18 11:45:47,499 INFO sqlalchemy.engine.Engine [cached since 257.9s ago] (2,)
2026-09-18 11:45:47,511 INFO sqlalchemy.engine.Engine SELECT permissions.id, permissions.name, permissions.display_name, permissions.category, permissions.is_active, permissions.created_at, permissions.updated_at 
FROM permissions JOIN role_permissions ON permissions.id = role_permissions.permission_id 
WHERE role_permissions.role_id = $1::INTEGER
2026-09-18 11:45:47,512 INFO sqlalchemy.engine.Engine [cached since 257.9s ago] (7,)
2026-09-18 11:45:47,520 INFO sqlalchemy.engine.Engine SELECT permissions.id, permissions.name, permissions.display_name, permissions.category, permissions.is_active, permissions.created_at, permissions.updated_at 
FROM permissions JOIN role_permissions ON permissions.id = role_permissions.permission_id 
WHERE role_permissions.role_id = $1::INTEGER
2026-09-18 11:45:47,521 INFO sqlalchemy.engine.Engine [cached since 257.9s ago] (19,)
2026-09-18 11:45:47,531 INFO sqlalchemy.engine.Engine SELECT isb_employees.id, isb_employees.citizen_id, isb_employees.service_number, isb_employees.rank_name, isb_employees.rank_short, isb_employees.branch, isb_employees.level, isb_employees.access_level, isb_employees.position, isb_employees.enlisted_at, isb_employees.promoted_at, isb_employees.discharged_at, isb_employees.is_active, isb_employees.can_arrest, isb_employees.can_conduct_searches, isb_employees.can_issue_warrants, isb_employees.can_command, isb_employees.notes, isb_employees.created_at, isb_employees.updated_at 
FROM isb_employees ORDER BY isb_employees.level DESC
2026-09-18 11:45:47,532 INFO sqlalchemy.engine.Engine [cached since 257.5s ago] ()
2026-09-18 11:45:47,539 INFO sqlalchemy.engine.Engine SELECT citizens.id, citizens.discord_id, citizens.username, citizens.minecraft_uuid, citizens.role_ids, citizens.main_role_id, citizens.reputation, citizens.citizenship_date, citizens.last_login, citizens.created_at, citizens.updated_at, citizens.is_active, citizens.is_verified 
FROM citizens 
WHERE citizens.id IN ($1::INTEGER, $2::INTEGER)
2026-09-18 11:45:47,540 INFO sqlalchemy.engine.Engine [cached since 257.5s ago] (2, 4)
INFO:     127.0.0.1:57490 - "GET /api/admin/isb/employees HTTP/1.1" 200 OK
2026-09-18 11:45:47,549 INFO sqlalchemy.engine.Engine ROLLBACK
2026-09-18 11:45:47,572 INFO sqlalchemy.engine.Engine BEGIN (implicit)
2026-09-18 11:45:47,574 INFO sqlalchemy.engine.Engine SELECT isb_awards.id, isb_awards.name, isb_awards.display_name, isb_awards.description, isb_awards.icon, isb_awards.rarity, isb_awards.category, isb_awards.is_active, isb_awards.created_at 
FROM isb_awards 
WHERE isb_awards.is_active = true ORDER BY isb_awards.rarity, isb_awards.display_name
2026-09-18 11:45:47,575 INFO sqlalchemy.engine.Engine [cached since 257.5s ago] ()
2026-09-18 11:45:47,586 INFO sqlalchemy.engine.Engine SELECT count(isb_award_grants.id) AS count_1 
FROM isb_award_grants 
WHERE isb_award_grants.award_id = $1::INTEGER
2026-09-18 11:45:47,586 INFO sqlalchemy.engine.Engine [cached since 257.5s ago] (3,)
2026-09-18 11:45:47,591 INFO sqlalchemy.engine.Engine SELECT count(isb_award_grants.id) AS count_1 
FROM isb_award_grants 
WHERE isb_award_grants.award_id = $1::INTEGER
2026-09-18 11:45:47,592 INFO sqlalchemy.engine.Engine [cached since 257.5s ago] (1,)
2026-09-18 11:45:47,599 INFO sqlalchemy.engine.Engine SELECT count(isb_award_grants.id) AS count_1 
FROM isb_award_grants 
WHERE isb_award_grants.award_id = $1::INTEGER
2026-09-18 11:45:47,600 INFO sqlalchemy.engine.Engine [cached since 257.5s ago] (2,)
2026-09-18 11:45:47,605 INFO sqlalchemy.engine.Engine SELECT count(isb_award_grants.id) AS count_1 
FROM isb_award_grants 
WHERE isb_award_grants.award_id = $1::INTEGER
2026-09-18 11:45:47,606 INFO sqlalchemy.engine.Engine [cached since 257.5s ago] (11,)
2026-09-18 11:45:47,611 INFO sqlalchemy.engine.Engine SELECT count(isb_award_grants.id) AS count_1 
FROM isb_award_grants 
WHERE isb_award_grants.award_id = $1::INTEGER
2026-09-18 11:45:47,611 INFO sqlalchemy.engine.Engine [cached since 257.5s ago] (10,)
2026-09-18 11:45:47,617 INFO sqlalchemy.engine.Engine SELECT count(isb_award_grants.id) AS count_1 
FROM isb_award_grants 
WHERE isb_award_grants.award_id = $1::INTEGER
2026-09-18 11:45:47,618 INFO sqlalchemy.engine.Engine [cached since 257.5s ago] (12,)
2026-09-18 11:45:47,625 INFO sqlalchemy.engine.Engine SELECT count(isb_award_grants.id) AS count_1 
FROM isb_award_grants 
WHERE isb_award_grants.award_id = $1::INTEGER
2026-09-18 11:45:47,625 INFO sqlalchemy.engine.Engine [cached since 257.5s ago] (8,)
2026-09-18 11:45:47,631 INFO sqlalchemy.engine.Engine SELECT count(isb_award_grants.id) AS count_1 
FROM isb_award_grants 
WHERE isb_award_grants.award_id = $1::INTEGER
2026-09-18 11:45:47,632 INFO sqlalchemy.engine.Engine [cached since 257.5s ago] (9,)
2026-09-18 11:45:47,638 INFO sqlalchemy.engine.Engine SELECT count(isb_award_grants.id) AS count_1 
FROM isb_award_grants 
WHERE isb_award_grants.award_id = $1::INTEGER
2026-09-18 11:45:47,638 INFO sqlalchemy.engine.Engine [cached since 257.5s ago] (7,)
2026-09-18 11:45:47,644 INFO sqlalchemy.engine.Engine SELECT count(isb_award_grants.id) AS count_1 
FROM isb_award_grants 
WHERE isb_award_grants.award_id = $1::INTEGER
2026-09-18 11:45:47,645 INFO sqlalchemy.engine.Engine [cached since 257.5s ago] (5,)
2026-09-18 11:45:47,650 INFO sqlalchemy.engine.Engine SELECT count(isb_award_grants.id) AS count_1 
FROM isb_award_grants 
WHERE isb_award_grants.award_id = $1::INTEGER
2026-09-18 11:45:47,651 INFO sqlalchemy.engine.Engine [cached since 257.5s ago] (4,)
2026-09-18 11:45:47,657 INFO sqlalchemy.engine.Engine SELECT count(isb_award_grants.id) AS count_1 
FROM isb_award_grants 
WHERE isb_award_grants.award_id = $1::INTEGER
2026-09-18 11:45:47,657 INFO sqlalchemy.engine.Engine [cached since 257.5s ago] (6,)
INFO:     127.0.0.1:57490 - "GET /api/admin/isb/awards/public HTTP/1.1" 200 OK
2026-09-18 11:45:47,667 INFO sqlalchemy.engine.Engine ROLLBACK
2026-09-18 11:46:01,514 INFO sqlalchemy.engine.Engine BEGIN (implicit)
2026-09-18 11:46:01,516 INFO sqlalchemy.engine.Engine SELECT citizens.id, citizens.discord_id, citizens.username, citizens.minecraft_uuid, citizens.role_ids, citizens.main_role_id, citizens.reputation, citizens.citizenship_date, citizens.last_login, citizens.created_at, citizens.updated_at, citizens.is_active, citizens.is_verified 
FROM citizens 
WHERE citizens.discord_id = $1::BIGINT
2026-09-18 11:46:01,516 INFO sqlalchemy.engine.Engine [cached since 272s ago] (436507782263603200,)
2026-09-18 11:46:01,524 INFO sqlalchemy.engine.Engine BEGIN (implicit)
2026-09-18 11:46:01,526 INFO sqlalchemy.engine.Engine SELECT citizens.id, citizens.discord_id, citizens.username, citizens.minecraft_uuid, citizens.role_ids, citizens.main_role_id, citizens.reputation, citizens.citizenship_date, citizens.last_login, citizens.created_at, citizens.updated_at, citizens.is_active, citizens.is_verified 
FROM citizens 
WHERE citizens.discord_id = $1::BIGINT
2026-09-18 11:46:01,527 INFO sqlalchemy.engine.Engine [cached since 272s ago] (436507782263603200,)
INFO:     127.0.0.1:57504 - "GET /health HTTP/1.1" 200 OK
2026-09-18 11:46:01,542 INFO sqlalchemy.engine.Engine BEGIN (implicit)
2026-09-18 11:46:01,545 INFO sqlalchemy.engine.Engine SELECT citizens.id, citizens.discord_id, citizens.username, citizens.minecraft_uuid, citizens.role_ids, citizens.main_role_id, citizens.reputation, citizens.citizenship_date, citizens.last_login, citizens.created_at, citizens.updated_at, citizens.is_active, citizens.is_verified 
FROM citizens 
WHERE citizens.discord_id = $1::BIGINT
2026-09-18 11:46:01,545 INFO sqlalchemy.engine.Engine [cached since 272.1s ago] (436507782263603200,)
2026-09-18 11:46:01,552 INFO sqlalchemy.engine.Engine BEGIN (implicit)
2026-09-18 11:46:01,554 INFO sqlalchemy.engine.Engine SELECT citizens.id, citizens.discord_id, citizens.username, citizens.minecraft_uuid, citizens.role_ids, citizens.main_role_id, citizens.reputation, citizens.citizenship_date, citizens.last_login, citizens.created_at, citizens.updated_at, citizens.is_active, citizens.is_verified 
FROM citizens 
WHERE citizens.discord_id = $1::BIGINT
2026-09-18 11:46:01,554 INFO sqlalchemy.engine.Engine [cached since 272.1s ago] (436507782263603200,)
2026-09-18 11:46:01,561 INFO sqlalchemy.engine.Engine BEGIN (implicit)
2026-09-18 11:46:01,563 INFO sqlalchemy.engine.Engine SELECT citizens.id, citizens.discord_id, citizens.username, citizens.minecraft_uuid, citizens.role_ids, citizens.main_role_id, citizens.reputation, citizens.citizenship_date, citizens.last_login, citizens.created_at, citizens.updated_at, citizens.is_active, citizens.is_verified 
FROM citizens 
WHERE citizens.discord_id = $1::BIGINT
2026-09-18 11:46:01,564 INFO sqlalchemy.engine.Engine [cached since 272.1s ago] (436507782263603200,)
2026-09-18 11:46:01,585 INFO sqlalchemy.engine.Engine SELECT roles.id, roles.name, roles.display_name, roles.level, roles.is_active, roles.created_at, roles.updated_at 
FROM roles 
WHERE roles.id IN ($1::INTEGER, $2::INTEGER, $3::INTEGER)
2026-09-18 11:46:01,586 INFO sqlalchemy.engine.Engine [cached since 272s ago] (2, 19, 7)
2026-09-18 11:46:01,590 INFO sqlalchemy.engine.Engine SELECT roles.id, roles.name, roles.display_name, roles.level, roles.is_active, roles.created_at, roles.updated_at 
FROM roles 
WHERE roles.id IN ($1::INTEGER, $2::INTEGER, $3::INTEGER)
2026-09-18 11:46:01,590 INFO sqlalchemy.engine.Engine [cached since 272s ago] (2, 19, 7)
2026-09-18 11:46:01,594 INFO sqlalchemy.engine.Engine SELECT roles.id, roles.name, roles.display_name, roles.level, roles.is_active, roles.created_at, roles.updated_at 
FROM roles 
WHERE roles.id IN ($1::INTEGER, $2::INTEGER, $3::INTEGER)
2026-09-18 11:46:01,594 INFO sqlalchemy.engine.Engine [cached since 272s ago] (2, 19, 7)
2026-09-18 11:46:01,599 INFO sqlalchemy.engine.Engine SELECT permissions.id, permissions.name, permissions.display_name, permissions.category, permissions.is_active, permissions.created_at, permissions.updated_at 
FROM permissions JOIN role_permissions ON permissions.id = role_permissions.permission_id 
WHERE role_permissions.role_id = $1::INTEGER
2026-09-18 11:46:01,599 INFO sqlalchemy.engine.Engine [cached since 272s ago] (2,)
2026-09-18 11:46:01,603 INFO sqlalchemy.engine.Engine SELECT roles.id, roles.name, roles.display_name, roles.level, roles.is_active, roles.created_at, roles.updated_at 
FROM roles 
WHERE roles.id IN ($1::INTEGER, $2::INTEGER, $3::INTEGER)
2026-09-18 11:46:01,603 INFO sqlalchemy.engine.Engine [cached since 272s ago] (2, 19, 7)
2026-09-18 11:46:01,606 INFO sqlalchemy.engine.Engine SELECT isb_employees.id, isb_employees.citizen_id, isb_employees.service_number, isb_employees.rank_name, isb_employees.rank_short, isb_employees.branch, isb_employees.level, isb_employees.access_level, isb_employees.position, isb_employees.enlisted_at, isb_employees.promoted_at, isb_employees.discharged_at, isb_employees.is_active, isb_employees.can_arrest, isb_employees.can_conduct_searches, isb_employees.can_issue_warrants, isb_employees.can_command, isb_employees.notes, isb_employees.created_at, isb_employees.updated_at 
FROM isb_employees 
WHERE isb_employees.citizen_id = $1::INTEGER
2026-09-18 11:46:01,606 INFO sqlalchemy.engine.Engine [cached since 272s ago] (2,)
2026-09-18 11:46:01,610 INFO sqlalchemy.engine.Engine SELECT permissions.id, permissions.name, permissions.display_name, permissions.category, permissions.is_active, permissions.created_at, permissions.updated_at 
FROM permissions JOIN role_permissions ON permissions.id = role_permissions.permission_id 
WHERE role_permissions.role_id = $1::INTEGER
2026-09-18 11:46:01,611 INFO sqlalchemy.engine.Engine [cached since 272s ago] (2,)
2026-09-18 11:46:01,613 INFO sqlalchemy.engine.Engine SELECT permissions.id, permissions.name, permissions.display_name, permissions.category, permissions.is_active, permissions.created_at, permissions.updated_at 
FROM permissions JOIN role_permissions ON permissions.id = role_permissions.permission_id 
WHERE role_permissions.role_id = $1::INTEGER
2026-09-18 11:46:01,614 INFO sqlalchemy.engine.Engine [cached since 272s ago] (2,)
2026-09-18 11:46:01,619 INFO sqlalchemy.engine.Engine SELECT permissions.id, permissions.name, permissions.display_name, permissions.category, permissions.is_active, permissions.created_at, permissions.updated_at 
FROM permissions JOIN role_permissions ON permissions.id = role_permissions.permission_id 
WHERE role_permissions.role_id = $1::INTEGER
2026-09-18 11:46:01,620 INFO sqlalchemy.engine.Engine [cached since 272s ago] (2,)
2026-09-18 11:46:01,624 INFO sqlalchemy.engine.Engine SELECT permissions.id, permissions.name, permissions.display_name, permissions.category, permissions.is_active, permissions.created_at, permissions.updated_at 
FROM permissions JOIN role_permissions ON permissions.id = role_permissions.permission_id 
WHERE role_permissions.role_id = $1::INTEGER
2026-09-18 11:46:01,625 INFO sqlalchemy.engine.Engine [cached since 272s ago] (7,)
INFO:     127.0.0.1:57508 - "GET /api/isb/me/access HTTP/1.1" 200 OK
2026-09-18 11:46:01,627 INFO sqlalchemy.engine.Engine ROLLBACK
2026-09-18 11:46:01,633 INFO sqlalchemy.engine.Engine SELECT permissions.id, permissions.name, permissions.display_name, permissions.category, permissions.is_active, permissions.created_at, permissions.updated_at 
FROM permissions JOIN role_permissions ON permissions.id = role_permissions.permission_id 
WHERE role_permissions.role_id = $1::INTEGER
2026-09-18 11:46:01,634 INFO sqlalchemy.engine.Engine [cached since 272s ago] (7,)
2026-09-18 11:46:01,638 INFO sqlalchemy.engine.Engine SELECT permissions.id, permissions.name, permissions.display_name, permissions.category, permissions.is_active, permissions.created_at, permissions.updated_at 
FROM permissions JOIN role_permissions ON permissions.id = role_permissions.permission_id 
WHERE role_permissions.role_id = $1::INTEGER
2026-09-18 11:46:01,638 INFO sqlalchemy.engine.Engine [cached since 272.1s ago] (7,)
2026-09-18 11:46:01,643 INFO sqlalchemy.engine.Engine SELECT permissions.id, permissions.name, permissions.display_name, permissions.category, permissions.is_active, permissions.created_at, permissions.updated_at 
FROM permissions JOIN role_permissions ON permissions.id = role_permissions.permission_id 
WHERE role_permissions.role_id = $1::INTEGER
2026-09-18 11:46:01,643 INFO sqlalchemy.engine.Engine [cached since 272.1s ago] (19,)
2026-09-18 11:46:01,646 INFO sqlalchemy.engine.Engine SELECT permissions.id, permissions.name, permissions.display_name, permissions.category, permissions.is_active, permissions.created_at, permissions.updated_at 
FROM permissions JOIN role_permissions ON permissions.id = role_permissions.permission_id 
WHERE role_permissions.role_id = $1::INTEGER
2026-09-18 11:46:01,647 INFO sqlalchemy.engine.Engine [cached since 272.1s ago] (7,)
2026-09-18 11:46:01,651 INFO sqlalchemy.engine.Engine SELECT permissions.id, permissions.name, permissions.display_name, permissions.category, permissions.is_active, permissions.created_at, permissions.updated_at 
FROM permissions JOIN role_permissions ON permissions.id = role_permissions.permission_id 
WHERE role_permissions.role_id = $1::INTEGER
2026-09-18 11:46:01,652 INFO sqlalchemy.engine.Engine [cached since 272.1s ago] (19,)
2026-09-18 11:46:01,655 INFO sqlalchemy.engine.Engine SELECT permissions.id, permissions.name, permissions.display_name, permissions.category, permissions.is_active, permissions.created_at, permissions.updated_at 
FROM permissions JOIN role_permissions ON permissions.id = role_permissions.permission_id 
WHERE role_permissions.role_id = $1::INTEGER
2026-09-18 11:46:01,655 INFO sqlalchemy.engine.Engine [cached since 272.1s ago] (19,)
2026-09-18 11:46:01,659 INFO sqlalchemy.engine.Engine SELECT permissions.id, permissions.name, permissions.display_name, permissions.category, permissions.is_active, permissions.created_at, permissions.updated_at 
FROM permissions JOIN role_permissions ON permissions.id = role_permissions.permission_id 
WHERE role_permissions.role_id = $1::INTEGER
2026-09-18 11:46:01,659 INFO sqlalchemy.engine.Engine [cached since 272.1s ago] (19,)
2026-09-18 11:46:01,663 INFO sqlalchemy.engine.Engine SELECT isb_logs.id, isb_logs.created_at, isb_logs.severity, isb_logs.category, isb_logs.message, isb_logs.actor_id, isb_logs.sector_id, isb_logs.meta 
FROM isb_logs ORDER BY isb_logs.created_at DESC 
 LIMIT $1::INTEGER
2026-09-18 11:46:01,664 INFO sqlalchemy.engine.Engine [cached since 271.5s ago] (30,)
2026-09-18 11:46:01,667 INFO sqlalchemy.engine.Engine SELECT isb_sectors.id, isb_sectors.number, isb_sectors.name, isb_sectors.description, isb_sectors.center_x, isb_sectors.center_z, isb_sectors.threat_level, isb_sectors.is_active, isb_sectors.created_at 
FROM isb_sectors ORDER BY isb_sectors.number
2026-09-18 11:46:01,668 INFO sqlalchemy.engine.Engine [cached since 271.5s ago] ()
2026-09-18 11:46:01,670 INFO sqlalchemy.engine.Engine SELECT isb_sectors.id, isb_sectors.number, isb_sectors.name, isb_sectors.description, isb_sectors.center_x, isb_sectors.center_z, isb_sectors.threat_level, isb_sectors.is_active, isb_sectors.created_at 
FROM isb_sectors ORDER BY isb_sectors.number
2026-09-18 11:46:01,671 INFO sqlalchemy.engine.Engine [cached since 271.5s ago] ()
2026-09-18 11:46:01,672 INFO sqlalchemy.engine.Engine BEGIN (implicit)
2026-09-18 11:46:01,673 INFO sqlalchemy.engine.Engine SELECT count(citizens.id) AS count_1 
FROM citizens
2026-09-18 11:46:01,673 INFO sqlalchemy.engine.Engine [cached since 275.3s ago] ()
2026-09-18 11:46:01,677 INFO sqlalchemy.engine.Engine SELECT isb_employees.id, isb_employees.citizen_id, isb_employees.service_number, isb_employees.rank_name, isb_employees.rank_short, isb_employees.branch, isb_employees.level, isb_employees.access_level, isb_employees.position, isb_employees.enlisted_at, isb_employees.promoted_at, isb_employees.discharged_at, isb_employees.is_active, isb_employees.can_arrest, isb_employees.can_conduct_searches, isb_employees.can_issue_warrants, isb_employees.can_command, isb_employees.notes, isb_employees.created_at, isb_employees.updated_at 
FROM isb_employees ORDER BY isb_employees.level DESC
2026-09-18 11:46:01,677 INFO sqlalchemy.engine.Engine [cached since 271.7s ago] ()
2026-09-18 11:46:01,679 INFO sqlalchemy.engine.Engine SELECT citizens.id, citizens.discord_id, citizens.username, citizens.minecraft_uuid, citizens.role_ids, citizens.main_role_id, citizens.reputation, citizens.citizenship_date, citizens.last_login, citizens.created_at, citizens.updated_at, citizens.is_active, citizens.is_verified 
FROM citizens 
WHERE citizens.id = $1::INTEGER
2026-09-18 11:46:01,680 INFO sqlalchemy.engine.Engine [cached since 271.5s ago] (2,)
2026-09-18 11:46:01,683 INFO sqlalchemy.engine.Engine SELECT count(isb_sector_assignments.id) AS count_1 
FROM isb_sector_assignments 
WHERE isb_sector_assignments.sector_id = $1::INTEGER
2026-09-18 11:46:01,684 INFO sqlalchemy.engine.Engine [cached since 270.2s ago] (1,)
2026-09-18 11:46:01,686 INFO sqlalchemy.engine.Engine SELECT isb_sector_assignments.id, isb_sector_assignments.sector_id, isb_sector_assignments.employee_id, isb_sector_assignments.assigned_at, isb_sector_assignments.is_leader, isb_sector_assignments.notes 
FROM isb_sector_assignments 
WHERE isb_sector_assignments.sector_id = $1::INTEGER
2026-09-18 11:46:01,686 INFO sqlalchemy.engine.Engine [cached since 271.5s ago] (1,)
2026-09-18 11:46:01,689 INFO sqlalchemy.engine.Engine SELECT isb_sectors.id, isb_sectors.number, isb_sectors.name, isb_sectors.description, isb_sectors.center_x, isb_sectors.center_z, isb_sectors.threat_level, isb_sectors.is_active, isb_sectors.created_at 
FROM isb_sectors 
WHERE isb_sectors.id = $1::INTEGER
2026-09-18 11:46:01,690 INFO sqlalchemy.engine.Engine [cached since 271.5s ago] (1,)
2026-09-18 11:46:01,692 INFO sqlalchemy.engine.Engine SELECT citizens.id, citizens.discord_id, citizens.username, citizens.minecraft_uuid, citizens.role_ids, citizens.main_role_id, citizens.reputation, citizens.citizenship_date, citizens.last_login, citizens.created_at, citizens.updated_at, citizens.is_active, citizens.is_verified 
FROM citizens 
WHERE citizens.id IN ($1::INTEGER, $2::INTEGER)
2026-09-18 11:46:01,693 INFO sqlalchemy.engine.Engine [cached since 271.7s ago] (2, 4)
2026-09-18 11:46:01,695 INFO sqlalchemy.engine.Engine SELECT count(isb_sector_assignments.id) AS count_1 
FROM isb_sector_assignments 
WHERE isb_sector_assignments.sector_id = $1::INTEGER
2026-09-18 11:46:01,696 INFO sqlalchemy.engine.Engine [cached since 270.2s ago] (2,)
2026-09-18 11:46:01,698 INFO sqlalchemy.engine.Engine SELECT isb_employees.id, isb_employees.citizen_id, isb_employees.service_number, isb_employees.rank_name, isb_employees.rank_short, isb_employees.branch, isb_employees.level, isb_employees.access_level, isb_employees.position, isb_employees.enlisted_at, isb_employees.promoted_at, isb_employees.discharged_at, isb_employees.is_active, isb_employees.can_arrest, isb_employees.can_conduct_searches, isb_employees.can_issue_warrants, isb_employees.can_command, isb_employees.notes, isb_employees.created_at, isb_employees.updated_at 
FROM isb_employees 
WHERE isb_employees.id = $1::INTEGER
2026-09-18 11:46:01,698 INFO sqlalchemy.engine.Engine [cached since 271.5s ago] (2,)
2026-09-18 11:46:01,701 INFO sqlalchemy.engine.Engine SELECT citizens.id, citizens.discord_id, citizens.username, citizens.minecraft_uuid, citizens.role_ids, citizens.main_role_id, citizens.reputation, citizens.citizenship_date, citizens.last_login, citizens.created_at, citizens.updated_at, citizens.is_active, citizens.is_verified 
FROM citizens 
WHERE citizens.id = $1::INTEGER
2026-09-18 11:46:01,702 INFO sqlalchemy.engine.Engine [cached since 271.5s ago] (2,)
INFO:     127.0.0.1:57512 - "GET /api/admin/isb/employees HTTP/1.1" 200 OK
2026-09-18 11:46:01,705 INFO sqlalchemy.engine.Engine ROLLBACK
2026-09-18 11:46:01,708 INFO sqlalchemy.engine.Engine SELECT citizens.id, citizens.discord_id, citizens.username, citizens.minecraft_uuid, citizens.role_ids, citizens.main_role_id, citizens.reputation, citizens.citizenship_date, citizens.last_login, citizens.created_at, citizens.updated_at, citizens.is_active, citizens.is_verified 
FROM citizens 
WHERE citizens.id = $1::INTEGER
2026-09-18 11:46:01,708 INFO sqlalchemy.engine.Engine [cached since 271.5s ago] (4,)
2026-09-18 11:46:01,710 INFO sqlalchemy.engine.Engine SELECT count(isb_sector_assignments.id) AS count_1 
FROM isb_sector_assignments 
WHERE isb_sector_assignments.sector_id = $1::INTEGER
2026-09-18 11:46:01,711 INFO sqlalchemy.engine.Engine [cached since 270.3s ago] (3,)
2026-09-18 11:46:01,713 INFO sqlalchemy.engine.Engine SELECT roles.id, roles.name, roles.display_name, roles.level, roles.is_active, roles.created_at, roles.updated_at 
FROM roles ORDER BY roles.level DESC
2026-09-18 11:46:01,714 INFO sqlalchemy.engine.Engine [cached since 271.7s ago] ()
2026-09-18 11:46:01,717 INFO sqlalchemy.engine.Engine SELECT isb_sectors.id, isb_sectors.number, isb_sectors.name, isb_sectors.description, isb_sectors.center_x, isb_sectors.center_z, isb_sectors.threat_level, isb_sectors.is_active, isb_sectors.created_at 
FROM isb_sectors 
WHERE isb_sectors.id = $1::INTEGER
2026-09-18 11:46:01,717 INFO sqlalchemy.engine.Engine [cached since 271.5s ago] (1,)
2026-09-18 11:46:01,720 INFO sqlalchemy.engine.Engine SELECT isb_employees.id, isb_employees.citizen_id, isb_employees.service_number, isb_employees.rank_name, isb_employees.rank_short, isb_employees.branch, isb_employees.level, isb_employees.access_level, isb_employees.position, isb_employees.enlisted_at, isb_employees.promoted_at, isb_employees.discharged_at, isb_employees.is_active, isb_employees.can_arrest, isb_employees.can_conduct_searches, isb_employees.can_issue_warrants, isb_employees.can_command, isb_employees.notes, isb_employees.created_at, isb_employees.updated_at 
FROM isb_employees 
WHERE isb_employees.id = $1::INTEGER
2026-09-18 11:46:01,721 INFO sqlalchemy.engine.Engine [cached since 271.5s ago] (1,)
2026-09-18 11:46:01,723 INFO sqlalchemy.engine.Engine SELECT count(isb_sector_assignments.id) AS count_1 
FROM isb_sector_assignments 
WHERE isb_sector_assignments.sector_id = $1::INTEGER
2026-09-18 11:46:01,723 INFO sqlalchemy.engine.Engine [cached since 270.3s ago] (4,)
2026-09-18 11:46:01,726 INFO sqlalchemy.engine.Engine SELECT citizens.id, citizens.discord_id, citizens.username, citizens.minecraft_uuid, citizens.role_ids, citizens.main_role_id, citizens.reputation, citizens.citizenship_date, citizens.last_login, citizens.created_at, citizens.updated_at, citizens.is_active, citizens.is_verified 
FROM citizens 
WHERE citizens.id = $1::INTEGER
2026-09-18 11:46:01,726 INFO sqlalchemy.engine.Engine [cached since 271.5s ago] (2,)
2026-09-18 11:46:01,729 INFO sqlalchemy.engine.Engine SELECT citizens.id, citizens.discord_id, citizens.username, citizens.minecraft_uuid, citizens.role_ids, citizens.main_role_id, citizens.reputation, citizens.citizenship_date, citizens.last_login, citizens.created_at, citizens.updated_at, citizens.is_active, citizens.is_verified 
FROM citizens 
WHERE citizens.id = $1::INTEGER
2026-09-18 11:46:01,729 INFO sqlalchemy.engine.Engine [cached since 271.5s ago] (2,)
2026-09-18 11:46:01,731 INFO sqlalchemy.engine.Engine SELECT count(isb_sector_assignments.id) AS count_1 
FROM isb_sector_assignments 
WHERE isb_sector_assignments.sector_id = $1::INTEGER
2026-09-18 11:46:01,732 INFO sqlalchemy.engine.Engine [cached since 270.3s ago] (5,)
2026-09-18 11:46:01,734 INFO sqlalchemy.engine.Engine SELECT isb_sectors.id, isb_sectors.number, isb_sectors.name, isb_sectors.description, isb_sectors.center_x, isb_sectors.center_z, isb_sectors.threat_level, isb_sectors.is_active, isb_sectors.created_at 
FROM isb_sectors 
WHERE isb_sectors.id = $1::INTEGER
2026-09-18 11:46:01,734 INFO sqlalchemy.engine.Engine [cached since 271.5s ago] (10,)
2026-09-18 11:46:01,738 INFO sqlalchemy.engine.Engine SELECT roles_1.id AS roles_1_id, permissions.id AS permissions_id, permissions.name AS permissions_name, permissions.display_name AS permissions_display_name, permissions.category AS permissions_category, permissions.is_active AS permissions_is_active, permissions.created_at AS permissions_created_at, permissions.updated_at AS permissions_updated_at 
FROM roles AS roles_1 JOIN role_permissions AS role_permissions_1 ON roles_1.id = role_permissions_1.role_id JOIN permissions ON permissions.id = role_permissions_1.permission_id 
WHERE roles_1.id IN ($1::INTEGER, $2::INTEGER, $3::INTEGER, $4::INTEGER, $5::INTEGER, $6::INTEGER, $7::INTEGER)
2026-09-18 11:46:01,738 INFO sqlalchemy.engine.Engine [cached since 271.6s ago] (2, 15, 16, 17, 18, 19, 7)
2026-09-18 11:46:01,741 INFO sqlalchemy.engine.Engine SELECT count(isb_sector_assignments.id) AS count_1 
FROM isb_sector_assignments 
WHERE isb_sector_assignments.sector_id = $1::INTEGER
2026-09-18 11:46:01,741 INFO sqlalchemy.engine.Engine [cached since 270.3s ago] (6,)
2026-09-18 11:46:01,744 INFO sqlalchemy.engine.Engine SELECT isb_sector_assignments.id, isb_sector_assignments.sector_id, isb_sector_assignments.employee_id, isb_sector_assignments.assigned_at, isb_sector_assignments.is_leader, isb_sector_assignments.notes 
FROM isb_sector_assignments 
WHERE isb_sector_assignments.sector_id = $1::INTEGER
2026-09-18 11:46:01,744 INFO sqlalchemy.engine.Engine [cached since 271.5s ago] (2,)
INFO:     127.0.0.1:57496 - "GET /api/isb/logs?limit=30 HTTP/1.1" 200 OK
2026-09-18 11:46:01,747 INFO sqlalchemy.engine.Engine ROLLBACK
2026-09-18 11:46:01,749 INFO sqlalchemy.engine.Engine SELECT isb_sector_assignments.id, isb_sector_assignments.sector_id, isb_sector_assignments.employee_id, isb_sector_assignments.assigned_at, isb_sector_assignments.is_leader, isb_sector_assignments.notes 
FROM isb_sector_assignments 
WHERE isb_sector_assignments.sector_id = $1::INTEGER
2026-09-18 11:46:01,750 INFO sqlalchemy.engine.Engine [cached since 271.5s ago] (3,)
2026-09-18 11:46:01,752 INFO sqlalchemy.engine.Engine SELECT count(isb_sector_assignments.id) AS count_1 
FROM isb_sector_assignments 
WHERE isb_sector_assignments.sector_id = $1::INTEGER
2026-09-18 11:46:01,752 INFO sqlalchemy.engine.Engine [cached since 270.3s ago] (7,)
2026-09-18 11:46:01,756 INFO sqlalchemy.engine.Engine SELECT isb_sector_assignments.id, isb_sector_assignments.sector_id, isb_sector_assignments.employee_id, isb_sector_assignments.assigned_at, isb_sector_assignments.is_leader, isb_sector_assignments.notes 
FROM isb_sector_assignments 
WHERE isb_sector_assignments.sector_id = $1::INTEGER
2026-09-18 11:46:01,757 INFO sqlalchemy.engine.Engine [cached since 271.5s ago] (4,)
2026-09-18 11:46:01,759 INFO sqlalchemy.engine.Engine SELECT count(isb_sector_assignments.id) AS count_1 
FROM isb_sector_assignments 
WHERE isb_sector_assignments.sector_id = $1::INTEGER
2026-09-18 11:46:01,759 INFO sqlalchemy.engine.Engine [cached since 270.3s ago] (8,)
2026-09-18 11:46:01,764 INFO sqlalchemy.engine.Engine SELECT citizens.id, citizens.discord_id, citizens.username, citizens.minecraft_uuid, citizens.role_ids, citizens.main_role_id, citizens.reputation, citizens.citizenship_date, citizens.last_login, citizens.created_at, citizens.updated_at, citizens.is_active, citizens.is_verified 
FROM citizens ORDER BY citizens.citizenship_date DESC 
 LIMIT $1::INTEGER OFFSET $2::INTEGER
2026-09-18 11:46:01,765 INFO sqlalchemy.engine.Engine [cached since 271.6s ago] (10000, 0)
2026-09-18 11:46:01,767 INFO sqlalchemy.engine.Engine SELECT isb_sector_assignments.id, isb_sector_assignments.sector_id, isb_sector_assignments.employee_id, isb_sector_assignments.assigned_at, isb_sector_assignments.is_leader, isb_sector_assignments.notes 
FROM isb_sector_assignments 
WHERE isb_sector_assignments.sector_id = $1::INTEGER
2026-09-18 11:46:01,767 INFO sqlalchemy.engine.Engine [cached since 271.6s ago] (5,)
2026-09-18 11:46:01,769 INFO sqlalchemy.engine.Engine SELECT count(isb_sector_assignments.id) AS count_1 
FROM isb_sector_assignments 
WHERE isb_sector_assignments.sector_id = $1::INTEGER
2026-09-18 11:46:01,769 INFO sqlalchemy.engine.Engine [cached since 270.3s ago] (9,)
2026-09-18 11:46:01,772 INFO sqlalchemy.engine.Engine SELECT isb_sector_assignments.id, isb_sector_assignments.sector_id, isb_sector_assignments.employee_id, isb_sector_assignments.assigned_at, isb_sector_assignments.is_leader, isb_sector_assignments.notes 
FROM isb_sector_assignments 
WHERE isb_sector_assignments.sector_id = $1::INTEGER
2026-09-18 11:46:01,773 INFO sqlalchemy.engine.Engine [cached since 271.6s ago] (6,)
2026-09-18 11:46:01,775 INFO sqlalchemy.engine.Engine SELECT count(isb_sector_assignments.id) AS count_1 
FROM isb_sector_assignments 
WHERE isb_sector_assignments.sector_id = $1::INTEGER
2026-09-18 11:46:01,775 INFO sqlalchemy.engine.Engine [cached since 270.3s ago] (10,)
2026-09-18 11:46:01,778 INFO sqlalchemy.engine.Engine SELECT isb_sector_assignments.id, isb_sector_assignments.sector_id, isb_sector_assignments.employee_id, isb_sector_assignments.assigned_at, isb_sector_assignments.is_leader, isb_sector_assignments.notes 
FROM isb_sector_assignments 
WHERE isb_sector_assignments.sector_id = $1::INTEGER
2026-09-18 11:46:01,778 INFO sqlalchemy.engine.Engine [cached since 271.6s ago] (7,)
INFO:     127.0.0.1:57516 - "GET /api/isb/graphs/sectors HTTP/1.1" 200 OK
2026-09-18 11:46:01,780 INFO sqlalchemy.engine.Engine ROLLBACK
2026-09-18 11:46:01,784 INFO sqlalchemy.engine.Engine SELECT isb_sector_assignments.id, isb_sector_assignments.sector_id, isb_sector_assignments.employee_id, isb_sector_assignments.assigned_at, isb_sector_assignments.is_leader, isb_sector_assignments.notes 
FROM isb_sector_assignments 
WHERE isb_sector_assignments.sector_id = $1::INTEGER
2026-09-18 11:46:01,784 INFO sqlalchemy.engine.Engine [cached since 271.6s ago] (8,)
2026-09-18 11:46:01,787 INFO sqlalchemy.engine.Engine SELECT isb_sector_assignments.id, isb_sector_assignments.sector_id, isb_sector_assignments.employee_id, isb_sector_assignments.assigned_at, isb_sector_assignments.is_leader, isb_sector_assignments.notes 
FROM isb_sector_assignments 
WHERE isb_sector_assignments.sector_id = $1::INTEGER
2026-09-18 11:46:01,788 INFO sqlalchemy.engine.Engine [cached since 271.6s ago] (9,)
2026-09-18 11:46:01,791 INFO sqlalchemy.engine.Engine SELECT isb_sector_assignments.id, isb_sector_assignments.sector_id, isb_sector_assignments.employee_id, isb_sector_assignments.assigned_at, isb_sector_assignments.is_leader, isb_sector_assignments.notes 
FROM isb_sector_assignments 
WHERE isb_sector_assignments.sector_id = $1::INTEGER
2026-09-18 11:46:01,792 INFO sqlalchemy.engine.Engine [cached since 271.6s ago] (10,)
2026-09-18 11:46:01,796 INFO sqlalchemy.engine.Engine SELECT isb_employees.id, isb_employees.citizen_id, isb_employees.service_number, isb_employees.rank_name, isb_employees.rank_short, isb_employees.branch, isb_employees.level, isb_employees.access_level, isb_employees.position, isb_employees.enlisted_at, isb_employees.promoted_at, isb_employees.discharged_at, isb_employees.is_active, isb_employees.can_arrest, isb_employees.can_conduct_searches, isb_employees.can_issue_warrants, isb_employees.can_command, isb_employees.notes, isb_employees.created_at, isb_employees.updated_at 
FROM isb_employees 
WHERE isb_employees.id = $1::INTEGER
2026-09-18 11:46:01,796 INFO sqlalchemy.engine.Engine [cached since 271.6s ago] (2,)
2026-09-18 11:46:01,800 INFO sqlalchemy.engine.Engine SELECT citizens.id, citizens.discord_id, citizens.username, citizens.minecraft_uuid, citizens.role_ids, citizens.main_role_id, citizens.reputation, citizens.citizenship_date, citizens.last_login, citizens.created_at, citizens.updated_at, citizens.is_active, citizens.is_verified 
FROM citizens 
WHERE citizens.id = $1::INTEGER
2026-09-18 11:46:01,800 INFO sqlalchemy.engine.Engine [cached since 271.6s ago] (4,)
INFO:     127.0.0.1:57500 - "GET /api/isb/sectors HTTP/1.1" 200 OK
2026-09-18 11:46:01,805 INFO sqlalchemy.engine.Engine ROLLBACK
INFO:     127.0.0.1:57504 - "GET /api/stats HTTP/1.1" 200 OK
2026-09-18 11:46:01,863 INFO sqlalchemy.engine.Engine ROLLBACK
2026-09-18 11:46:01,952 INFO sqlalchemy.engine.Engine BEGIN (implicit)
2026-09-18 11:46:01,953 INFO sqlalchemy.engine.Engine SELECT citizens.id, citizens.discord_id, citizens.username, citizens.minecraft_uuid, citizens.role_ids, citizens.main_role_id, citizens.reputation, citizens.citizenship_date, citizens.last_login, citizens.created_at, citizens.updated_at, citizens.is_active, citizens.is_verified 
FROM citizens 
WHERE citizens.discord_id = $1::BIGINT
2026-09-18 11:46:01,954 INFO sqlalchemy.engine.Engine [cached since 272.5s ago] (436507782263603200,)
2026-09-18 11:46:01,958 INFO sqlalchemy.engine.Engine BEGIN (implicit)
2026-09-18 11:46:01,959 INFO sqlalchemy.engine.Engine SELECT citizens.id, citizens.discord_id, citizens.username, citizens.minecraft_uuid, citizens.role_ids, citizens.main_role_id, citizens.reputation, citizens.citizenship_date, citizens.last_login, citizens.created_at, citizens.updated_at, citizens.is_active, citizens.is_verified 
FROM citizens 
WHERE citizens.discord_id = $1::BIGINT
2026-09-18 11:46:01,959 INFO sqlalchemy.engine.Engine [cached since 272.5s ago] (436507782263603200,)
2026-09-18 11:46:01,964 INFO sqlalchemy.engine.Engine SELECT roles.id, roles.name, roles.display_name, roles.level, roles.is_active, roles.created_at, roles.updated_at 
FROM roles 
WHERE roles.id IN ($1::INTEGER, $2::INTEGER, $3::INTEGER)
2026-09-18 11:46:01,965 INFO sqlalchemy.engine.Engine [cached since 272.4s ago] (2, 19, 7)
2026-09-18 11:46:01,968 INFO sqlalchemy.engine.Engine SELECT roles.id, roles.name, roles.display_name, roles.level, roles.is_active, roles.created_at, roles.updated_at 
FROM roles 
WHERE roles.id IN ($1::INTEGER, $2::INTEGER, $3::INTEGER)
2026-09-18 11:46:01,969 INFO sqlalchemy.engine.Engine [cached since 272.4s ago] (2, 19, 7)
2026-09-18 11:46:01,972 INFO sqlalchemy.engine.Engine SELECT permissions.id, permissions.name, permissions.display_name, permissions.category, permissions.is_active, permissions.created_at, permissions.updated_at 
FROM permissions JOIN role_permissions ON permissions.id = role_permissions.permission_id 
WHERE role_permissions.role_id = $1::INTEGER
2026-09-18 11:46:01,972 INFO sqlalchemy.engine.Engine [cached since 272.4s ago] (2,)
2026-09-18 11:46:01,975 INFO sqlalchemy.engine.Engine SELECT permissions.id, permissions.name, permissions.display_name, permissions.category, permissions.is_active, permissions.created_at, permissions.updated_at 
FROM permissions JOIN role_permissions ON permissions.id = role_permissions.permission_id 
WHERE role_permissions.role_id = $1::INTEGER
2026-09-18 11:46:01,976 INFO sqlalchemy.engine.Engine [cached since 272.4s ago] (2,)
2026-09-18 11:46:01,981 INFO sqlalchemy.engine.Engine SELECT permissions.id, permissions.name, permissions.display_name, permissions.category, permissions.is_active, permissions.created_at, permissions.updated_at 
FROM permissions JOIN role_permissions ON permissions.id = role_permissions.permission_id 
WHERE role_permissions.role_id = $1::INTEGER
2026-09-18 11:46:01,981 INFO sqlalchemy.engine.Engine [cached since 272.4s ago] (7,)
2026-09-18 11:46:01,985 INFO sqlalchemy.engine.Engine SELECT permissions.id, permissions.name, permissions.display_name, permissions.category, permissions.is_active, permissions.created_at, permissions.updated_at 
FROM permissions JOIN role_permissions ON permissions.id = role_permissions.permission_id 
WHERE role_permissions.role_id = $1::INTEGER
2026-09-18 11:46:01,985 INFO sqlalchemy.engine.Engine [cached since 272.4s ago] (7,)
2026-09-18 11:46:01,988 INFO sqlalchemy.engine.Engine SELECT permissions.id, permissions.name, permissions.display_name, permissions.category, permissions.is_active, permissions.created_at, permissions.updated_at 
FROM permissions JOIN role_permissions ON permissions.id = role_permissions.permission_id 
WHERE role_permissions.role_id = $1::INTEGER
2026-09-18 11:46:01,989 INFO sqlalchemy.engine.Engine [cached since 272.4s ago] (19,)
2026-09-18 11:46:01,992 INFO sqlalchemy.engine.Engine SELECT permissions.id, permissions.name, permissions.display_name, permissions.category, permissions.is_active, permissions.created_at, permissions.updated_at 
FROM permissions JOIN role_permissions ON permissions.id = role_permissions.permission_id 
WHERE role_permissions.role_id = $1::INTEGER
2026-09-18 11:46:01,992 INFO sqlalchemy.engine.Engine [cached since 272.4s ago] (19,)
2026-09-18 11:46:01,997 INFO sqlalchemy.engine.Engine SELECT date_trunc($1::VARCHAR, isb_logs.created_at) AS hour, count(isb_logs.id) AS count 
FROM isb_logs 
WHERE isb_logs.created_at >= $2::TIMESTAMP WITHOUT TIME ZONE GROUP BY hour ORDER BY hour
2026-09-18 11:46:01,997 INFO sqlalchemy.engine.Engine [cached since 270.4s ago] ('hour', datetime.datetime(2026, 9, 17, 8, 46, 1, 995073))
2026-09-18 11:46:02,002 INFO sqlalchemy.engine.Engine SELECT roles.id, roles.name, roles.display_name, roles.level, roles.is_active, roles.created_at, roles.updated_at 
FROM roles 
WHERE roles.id IN ($1::INTEGER, $2::INTEGER, $3::INTEGER)
2026-09-18 11:46:02,002 INFO sqlalchemy.engine.Engine [cached since 272.4s ago] (2, 19, 7)
INFO:     127.0.0.1:57504 - "GET /api/isb/graphs/logs-24h HTTP/1.1" 200 OK
2026-09-18 11:46:02,006 INFO sqlalchemy.engine.Engine ROLLBACK
2026-09-18 11:46:03,543 INFO sqlalchemy.engine.Engine SELECT permissions.id, permissions.name, permissions.display_name, permissions.category, permissions.is_active, permissions.created_at, permissions.updated_at 
FROM permissions JOIN role_permissions ON permissions.id = role_permissions.permission_id 
WHERE role_permissions.role_id = $1::INTEGER
2026-09-18 11:46:03,544 INFO sqlalchemy.engine.Engine [cached since 272.7s ago] (2,)
2026-09-18 11:46:03,554 INFO sqlalchemy.engine.Engine SELECT permissions.id, permissions.name, permissions.display_name, permissions.category, permissions.is_active, permissions.created_at, permissions.updated_at 
FROM permissions JOIN role_permissions ON permissions.id = role_permissions.permission_id 
WHERE role_permissions.role_id = $1::INTEGER
2026-09-18 11:46:03,555 INFO sqlalchemy.engine.Engine [cached since 272.8s ago] (7,)
2026-09-18 11:46:03,564 INFO sqlalchemy.engine.Engine SELECT permissions.id, permissions.name, permissions.display_name, permissions.category, permissions.is_active, permissions.created_at, permissions.updated_at 
FROM permissions JOIN role_permissions ON permissions.id = role_permissions.permission_id 
WHERE role_permissions.role_id = $1::INTEGER
2026-09-18 11:46:03,565 INFO sqlalchemy.engine.Engine [cached since 272.8s ago] (19,)
2026-09-18 11:46:03,575 INFO sqlalchemy.engine.Engine SELECT algorithms.id, algorithms.number, algorithms.title, algorithms.description, algorithms.task_type, algorithms.scope, algorithms.status, algorithms.deadline, algorithms.reward_reputation, algorithms.created_by, algorithms.max_participants, algorithms.created_at, algorithms.updated_at 
FROM algorithms ORDER BY algorithms.created_at DESC 
 LIMIT $1::INTEGER OFFSET $2::INTEGER
2026-09-18 11:46:03,576 INFO sqlalchemy.engine.Engine [cached since 272.1s ago] (200, 0)
INFO:     127.0.0.1:57500 - "GET /api/algorithms HTTP/1.1" 200 OK
2026-09-18 11:46:03,585 INFO sqlalchemy.engine.Engine ROLLBACK
2026-09-18 11:46:03,701 INFO sqlalchemy.engine.Engine BEGIN (implicit)
2026-09-18 11:46:03,703 INFO sqlalchemy.engine.Engine SELECT citizens.id, citizens.discord_id, citizens.username, citizens.minecraft_uuid, citizens.role_ids, citizens.main_role_id, citizens.reputation, citizens.citizenship_date, citizens.last_login, citizens.created_at, citizens.updated_at, citizens.is_active, citizens.is_verified 
FROM citizens 
WHERE citizens.discord_id = $1::BIGINT
2026-09-18 11:46:03,704 INFO sqlalchemy.engine.Engine [cached since 273s ago] (436507782263603200,)
2026-09-18 11:46:03,713 INFO sqlalchemy.engine.Engine BEGIN (implicit)
2026-09-18 11:46:03,715 INFO sqlalchemy.engine.Engine SELECT citizens.id, citizens.discord_id, citizens.username, citizens.minecraft_uuid, citizens.role_ids, citizens.main_role_id, citizens.reputation, citizens.citizenship_date, citizens.last_login, citizens.created_at, citizens.updated_at, citizens.is_active, citizens.is_verified 
FROM citizens 
WHERE citizens.username ILIKE $1::VARCHAR OR citizens.minecraft_uuid ILIKE $2::VARCHAR 
 LIMIT $3::INTEGER
2026-09-18 11:46:03,715 INFO sqlalchemy.engine.Engine [cached since 272.2s ago] ('%test%', '%test%', 10)
2026-09-18 11:46:03,724 INFO sqlalchemy.engine.Engine SELECT roles.id, roles.name, roles.display_name, roles.level, roles.is_active, roles.created_at, roles.updated_at 
FROM roles 
WHERE roles.id IN ($1::INTEGER, $2::INTEGER, $3::INTEGER)
2026-09-18 11:46:03,724 INFO sqlalchemy.engine.Engine [cached since 272.9s ago] (2, 19, 7)
2026-09-18 11:46:03,731 INFO sqlalchemy.engine.Engine SELECT roles.id, roles.name, roles.display_name, roles.level, roles.is_active, roles.created_at, roles.updated_at 
FROM roles 
WHERE roles.name ILIKE $1::VARCHAR OR roles.display_name ILIKE $2::VARCHAR 
 LIMIT $3::INTEGER
2026-09-18 11:46:03,732 INFO sqlalchemy.engine.Engine [cached since 272.2s ago] ('%test%', '%test%', 5)
2026-09-18 11:46:03,738 INFO sqlalchemy.engine.Engine SELECT permissions.id, permissions.name, permissions.display_name, permissions.category, permissions.is_active, permissions.created_at, permissions.updated_at 
FROM permissions JOIN role_permissions ON permissions.id = role_permissions.permission_id 
WHERE role_permissions.role_id = $1::INTEGER
2026-09-18 11:46:03,739 INFO sqlalchemy.engine.Engine [cached since 272.9s ago] (2,)
2026-09-18 11:46:03,744 INFO sqlalchemy.engine.Engine SELECT isb_awards.id, isb_awards.name, isb_awards.display_name, isb_awards.description, isb_awards.icon, isb_awards.rarity, isb_awards.category, isb_awards.is_active, isb_awards.created_at 
FROM isb_awards 
WHERE isb_awards.name ILIKE $1::VARCHAR OR isb_awards.display_name ILIKE $2::VARCHAR OR isb_awards.description ILIKE $3::VARCHAR 
 LIMIT $4::INTEGER
2026-09-18 11:46:03,745 INFO sqlalchemy.engine.Engine [cached since 272.1s ago] ('%test%', '%test%', '%test%', 5)
2026-09-18 11:46:03,755 INFO sqlalchemy.engine.Engine SELECT permissions.id, permissions.name, permissions.display_name, permissions.category, permissions.is_active, permissions.created_at, permissions.updated_at 
FROM permissions JOIN role_permissions ON permissions.id = role_permissions.permission_id 
WHERE role_permissions.role_id = $1::INTEGER
2026-09-18 11:46:03,756 INFO sqlalchemy.engine.Engine [cached since 273s ago] (7,)
2026-09-18 11:46:03,762 INFO sqlalchemy.engine.Engine SELECT isb_employees.id, isb_employees.citizen_id, isb_employees.service_number, isb_employees.rank_name, isb_employees.rank_short, isb_employees.branch, isb_employees.level, isb_employees.access_level, isb_employees.position, isb_employees.enlisted_at, isb_employees.promoted_at, isb_employees.discharged_at, isb_employees.is_active, isb_employees.can_arrest, isb_employees.can_conduct_searches, isb_employees.can_issue_warrants, isb_employees.can_command, isb_employees.notes, isb_employees.created_at, isb_employees.updated_at 
FROM isb_employees 
WHERE isb_employees.service_number ILIKE $1::VARCHAR OR isb_employees.rank_name ILIKE $2::VARCHAR OR isb_employees.position ILIKE $3::VARCHAR 
 LIMIT $4::INTEGER
2026-09-18 11:46:03,763 INFO sqlalchemy.engine.Engine [cached since 272.2s ago] ('%test%', '%test%', '%test%', 10)
2026-09-18 11:46:03,769 INFO sqlalchemy.engine.Engine SELECT permissions.id, permissions.name, permissions.display_name, permissions.category, permissions.is_active, permissions.created_at, permissions.updated_at 
FROM permissions JOIN role_permissions ON permissions.id = role_permissions.permission_id 
WHERE role_permissions.role_id = $1::INTEGER
2026-09-18 11:46:03,770 INFO sqlalchemy.engine.Engine [cached since 273s ago] (19,)
INFO:     127.0.0.1:57504 - "GET /api/search?q=test HTTP/1.1" 200 OK
2026-09-18 11:46:03,775 INFO sqlalchemy.engine.Engine ROLLBACK
2026-09-18 11:46:03,781 INFO sqlalchemy.engine.Engine SELECT isb_sectors.id, isb_sectors.number, isb_sectors.name, isb_sectors.description, isb_sectors.center_x, isb_sectors.center_z, isb_sectors.threat_level, isb_sectors.is_active, isb_sectors.created_at 
FROM isb_sectors ORDER BY isb_sectors.threat_level DESC 
 LIMIT $1::INTEGER
2026-09-18 11:46:03,782 INFO sqlalchemy.engine.Engine [cached since 270.9s ago] (5,)
INFO:     127.0.0.1:57500 - "GET /api/isb/graphs/threat HTTP/1.1" 200 OK
2026-09-18 11:46:03,790 INFO sqlalchemy.engine.Engine ROLLBACK
2026-09-18 11:46:03,798 INFO sqlalchemy.engine.Engine BEGIN (implicit)
2026-09-18 11:46:03,800 INFO sqlalchemy.engine.Engine SELECT citizens.id, citizens.discord_id, citizens.username, citizens.minecraft_uuid, citizens.role_ids, citizens.main_role_id, citizens.reputation, citizens.citizenship_date, citizens.last_login, citizens.created_at, citizens.updated_at, citizens.is_active, citizens.is_verified 
FROM citizens 
WHERE citizens.discord_id = $1::BIGINT
2026-09-18 11:46:03,800 INFO sqlalchemy.engine.Engine [cached since 273.1s ago] (436507782263603200,)
2026-09-18 11:46:03,807 INFO sqlalchemy.engine.Engine SELECT roles.id, roles.name, roles.display_name, roles.level, roles.is_active, roles.created_at, roles.updated_at 
FROM roles 
WHERE roles.id IN ($1::INTEGER, $2::INTEGER, $3::INTEGER)
2026-09-18 11:46:03,808 INFO sqlalchemy.engine.Engine [cached since 273s ago] (2, 19, 7)
2026-09-18 11:46:03,812 INFO sqlalchemy.engine.Engine SELECT permissions.id, permissions.name, permissions.display_name, permissions.category, permissions.is_active, permissions.created_at, permissions.updated_at 
FROM permissions JOIN role_permissions ON permissions.id = role_permissions.permission_id 
WHERE role_permissions.role_id = $1::INTEGER
2026-09-18 11:46:03,812 INFO sqlalchemy.engine.Engine [cached since 273s ago] (2,)
2026-09-18 11:46:03,818 INFO sqlalchemy.engine.Engine SELECT permissions.id, permissions.name, permissions.display_name, permissions.category, permissions.is_active, permissions.created_at, permissions.updated_at 
FROM permissions JOIN role_permissions ON permissions.id = role_permissions.permission_id 
WHERE role_permissions.role_id = $1::INTEGER
2026-09-18 11:46:03,818 INFO sqlalchemy.engine.Engine [cached since 273s ago] (7,)
2026-09-18 11:46:03,823 INFO sqlalchemy.engine.Engine SELECT permissions.id, permissions.name, permissions.display_name, permissions.category, permissions.is_active, permissions.created_at, permissions.updated_at 
FROM permissions JOIN role_permissions ON permissions.id = role_permissions.permission_id 
WHERE role_permissions.role_id = $1::INTEGER
2026-09-18 11:46:03,824 INFO sqlalchemy.engine.Engine [cached since 273s ago] (19,)
2026-09-18 11:46:03,829 INFO sqlalchemy.engine.Engine SELECT roles.id, roles.name, roles.display_name, roles.level, roles.is_active, roles.created_at, roles.updated_at 
FROM roles 
WHERE roles.id IN ($1::INTEGER, $2::INTEGER, $3::INTEGER)
2026-09-18 11:46:03,829 INFO sqlalchemy.engine.Engine [cached since 273s ago] (2, 19, 7)
2026-09-18 11:46:03,834 INFO sqlalchemy.engine.Engine SELECT permissions.id, permissions.name, permissions.display_name, permissions.category, permissions.is_active, permissions.created_at, permissions.updated_at 
FROM permissions JOIN role_permissions ON permissions.id = role_permissions.permission_id 
WHERE role_permissions.role_id = $1::INTEGER
2026-09-18 11:46:03,834 INFO sqlalchemy.engine.Engine [cached since 273s ago] (2,)
2026-09-18 11:46:03,840 INFO sqlalchemy.engine.Engine SELECT permissions.id, permissions.name, permissions.display_name, permissions.category, permissions.is_active, permissions.created_at, permissions.updated_at 
FROM permissions JOIN role_permissions ON permissions.id = role_permissions.permission_id 
WHERE role_permissions.role_id = $1::INTEGER
2026-09-18 11:46:03,840 INFO sqlalchemy.engine.Engine [cached since 273s ago] (7,)
2026-09-18 11:46:03,845 INFO sqlalchemy.engine.Engine SELECT permissions.id, permissions.name, permissions.display_name, permissions.category, permissions.is_active, permissions.created_at, permissions.updated_at 
FROM permissions JOIN role_permissions ON permissions.id = role_permissions.permission_id 
WHERE role_permissions.role_id = $1::INTEGER
2026-09-18 11:46:03,845 INFO sqlalchemy.engine.Engine [cached since 273s ago] (19,)
2026-09-18 11:46:03,850 INFO sqlalchemy.engine.Engine SELECT algorithms.id, algorithms.number, algorithms.title, algorithms.description, algorithms.task_type, algorithms.scope, algorithms.status, algorithms.deadline, algorithms.reward_reputation, algorithms.created_by, algorithms.max_participants, algorithms.created_at, algorithms.updated_at 
FROM algorithms ORDER BY algorithms.created_at DESC 
 LIMIT $1::INTEGER OFFSET $2::INTEGER
2026-09-18 11:46:03,851 INFO sqlalchemy.engine.Engine [cached since 272.3s ago] (200, 0)
INFO:     127.0.0.1:57504 - "GET /api/algorithms HTTP/1.1" 200 OK
2026-09-18 11:46:03,856 INFO sqlalchemy.engine.Engine ROLLBACK
2026-09-18 11:47:55,019 INFO sqlalchemy.engine.Engine BEGIN (implicit)
2026-09-18 11:47:55,021 INFO sqlalchemy.engine.Engine SELECT citizens.id, citizens.discord_id, citizens.username, citizens.minecraft_uuid, citizens.role_ids, citizens.main_role_id, citizens.reputation, citizens.citizenship_date, citizens.last_login, citizens.created_at, citizens.updated_at, citizens.is_active, citizens.is_verified 
FROM citizens 
WHERE citizens.discord_id = $1::BIGINT
2026-09-18 11:47:55,022 INFO sqlalchemy.engine.Engine [cached since 357.7s ago] (436507782263603200,)
2026-09-18 11:47:55,027 INFO sqlalchemy.engine.Engine BEGIN (implicit)
2026-09-18 11:47:55,028 INFO sqlalchemy.engine.Engine SELECT isb_awards.id, isb_awards.name, isb_awards.display_name, isb_awards.description, isb_awards.icon, isb_awards.rarity, isb_awards.category, isb_awards.is_active, isb_awards.created_at 
FROM isb_awards 
WHERE isb_awards.is_active = true ORDER BY isb_awards.rarity, isb_awards.display_name
2026-09-18 11:47:55,028 INFO sqlalchemy.engine.Engine [cached since 357.1s ago] ()
2026-09-18 11:47:55,033 INFO sqlalchemy.engine.Engine SELECT roles.id, roles.name, roles.display_name, roles.level, roles.is_active, roles.created_at, roles.updated_at 
FROM roles 
WHERE roles.id IN ($1::INTEGER, $2::INTEGER, $3::INTEGER)
2026-09-18 11:47:55,034 INFO sqlalchemy.engine.Engine [cached since 357.6s ago] (2, 19, 7)
2026-09-18 11:47:55,036 INFO sqlalchemy.engine.Engine SELECT count(isb_award_grants.id) AS count_1 
FROM isb_award_grants 
WHERE isb_award_grants.award_id = $1::INTEGER
2026-09-18 11:47:55,037 INFO sqlalchemy.engine.Engine [cached since 357.1s ago] (3,)
2026-09-18 11:47:55,038 INFO sqlalchemy.engine.Engine SELECT permissions.id, permissions.name, permissions.display_name, permissions.category, permissions.is_active, permissions.created_at, permissions.updated_at 
FROM permissions JOIN role_permissions ON permissions.id = role_permissions.permission_id 
WHERE role_permissions.role_id = $1::INTEGER
2026-09-18 11:47:55,038 INFO sqlalchemy.engine.Engine [cached since 357.6s ago] (2,)
2026-09-18 11:47:55,042 INFO sqlalchemy.engine.Engine SELECT count(isb_award_grants.id) AS count_1 
FROM isb_award_grants 
WHERE isb_award_grants.award_id = $1::INTEGER
2026-09-18 11:47:55,042 INFO sqlalchemy.engine.Engine [cached since 357.1s ago] (1,)
2026-09-18 11:47:55,045 INFO sqlalchemy.engine.Engine SELECT permissions.id, permissions.name, permissions.display_name, permissions.category, permissions.is_active, permissions.created_at, permissions.updated_at 
FROM permissions JOIN role_permissions ON permissions.id = role_permissions.permission_id 
WHERE role_permissions.role_id = $1::INTEGER
2026-09-18 11:47:55,045 INFO sqlalchemy.engine.Engine [cached since 357.6s ago] (7,)
2026-09-18 11:47:55,047 INFO sqlalchemy.engine.Engine SELECT count(isb_award_grants.id) AS count_1 
FROM isb_award_grants 
WHERE isb_award_grants.award_id = $1::INTEGER
2026-09-18 11:47:55,047 INFO sqlalchemy.engine.Engine [cached since 357.1s ago] (2,)
2026-09-18 11:47:55,050 INFO sqlalchemy.engine.Engine SELECT permissions.id, permissions.name, permissions.display_name, permissions.category, permissions.is_active, permissions.created_at, permissions.updated_at 
FROM permissions JOIN role_permissions ON permissions.id = role_permissions.permission_id 
WHERE role_permissions.role_id = $1::INTEGER
2026-09-18 11:47:55,051 INFO sqlalchemy.engine.Engine [cached since 357.6s ago] (19,)
2026-09-18 11:47:55,054 INFO sqlalchemy.engine.Engine SELECT count(isb_award_grants.id) AS count_1 
FROM isb_award_grants 
WHERE isb_award_grants.award_id = $1::INTEGER
2026-09-18 11:47:55,054 INFO sqlalchemy.engine.Engine [cached since 357.1s ago] (11,)
2026-09-18 11:47:55,057 INFO sqlalchemy.engine.Engine SELECT roles.id, roles.name, roles.display_name, roles.level, roles.is_active, roles.created_at, roles.updated_at 
FROM roles 
WHERE roles.id IN ($1::INTEGER, $2::INTEGER, $3::INTEGER)
2026-09-18 11:47:55,057 INFO sqlalchemy.engine.Engine [cached since 357.7s ago] (2, 19, 7)
2026-09-18 11:47:55,059 INFO sqlalchemy.engine.Engine SELECT count(isb_award_grants.id) AS count_1 
FROM isb_award_grants 
WHERE isb_award_grants.award_id = $1::INTEGER
2026-09-18 11:47:55,060 INFO sqlalchemy.engine.Engine [cached since 357.1s ago] (10,)
2026-09-18 11:47:55,062 INFO sqlalchemy.engine.Engine SELECT permissions.id, permissions.name, permissions.display_name, permissions.category, permissions.is_active, permissions.created_at, permissions.updated_at 
FROM permissions JOIN role_permissions ON permissions.id = role_permissions.permission_id 
WHERE role_permissions.role_id = $1::INTEGER
2026-09-18 11:47:55,063 INFO sqlalchemy.engine.Engine [cached since 357.7s ago] (2,)
2026-09-18 11:47:55,064 INFO sqlalchemy.engine.Engine SELECT count(isb_award_grants.id) AS count_1 
FROM isb_award_grants 
WHERE isb_award_grants.award_id = $1::INTEGER
2026-09-18 11:47:55,065 INFO sqlalchemy.engine.Engine [cached since 357.1s ago] (12,)
2026-09-18 11:47:55,067 INFO sqlalchemy.engine.Engine SELECT permissions.id, permissions.name, permissions.display_name, permissions.category, permissions.is_active, permissions.created_at, permissions.updated_at 
FROM permissions JOIN role_permissions ON permissions.id = role_permissions.permission_id 
WHERE role_permissions.role_id = $1::INTEGER
2026-09-18 11:47:55,067 INFO sqlalchemy.engine.Engine [cached since 357.7s ago] (7,)
2026-09-18 11:47:55,069 INFO sqlalchemy.engine.Engine SELECT count(isb_award_grants.id) AS count_1 
FROM isb_award_grants 
WHERE isb_award_grants.award_id = $1::INTEGER
2026-09-18 11:47:55,069 INFO sqlalchemy.engine.Engine [cached since 357.1s ago] (8,)
2026-09-18 11:47:55,071 INFO sqlalchemy.engine.Engine SELECT permissions.id, permissions.name, permissions.display_name, permissions.category, permissions.is_active, permissions.created_at, permissions.updated_at 
FROM permissions JOIN role_permissions ON permissions.id = role_permissions.permission_id 
WHERE role_permissions.role_id = $1::INTEGER
2026-09-18 11:47:55,071 INFO sqlalchemy.engine.Engine [cached since 357.7s ago] (19,)
2026-09-18 11:47:55,073 INFO sqlalchemy.engine.Engine SELECT count(isb_award_grants.id) AS count_1 
FROM isb_award_grants 
WHERE isb_award_grants.award_id = $1::INTEGER
2026-09-18 11:47:55,074 INFO sqlalchemy.engine.Engine [cached since 357.1s ago] (9,)
2026-09-18 11:47:55,077 INFO sqlalchemy.engine.Engine SELECT algorithms.id, algorithms.number, algorithms.title, algorithms.description, algorithms.task_type, algorithms.scope, algorithms.status, algorithms.deadline, algorithms.reward_reputation, algorithms.created_by, algorithms.max_participants, algorithms.created_at, algorithms.updated_at 
FROM algorithms ORDER BY algorithms.created_at DESC 
 LIMIT $1::INTEGER OFFSET $2::INTEGER
2026-09-18 11:47:55,077 INFO sqlalchemy.engine.Engine [cached since 356.9s ago] (200, 0)
2026-09-18 11:47:55,079 INFO sqlalchemy.engine.Engine SELECT count(isb_award_grants.id) AS count_1 
FROM isb_award_grants 
WHERE isb_award_grants.award_id = $1::INTEGER
2026-09-18 11:47:55,079 INFO sqlalchemy.engine.Engine [cached since 357.1s ago] (7,)
INFO:     127.0.0.1:57664 - "GET /api/algorithms HTTP/1.1" 200 OK
2026-09-18 11:47:55,081 INFO sqlalchemy.engine.Engine ROLLBACK
2026-09-18 11:47:55,083 INFO sqlalchemy.engine.Engine SELECT count(isb_award_grants.id) AS count_1 
FROM isb_award_grants 
WHERE isb_award_grants.award_id = $1::INTEGER
2026-09-18 11:47:55,083 INFO sqlalchemy.engine.Engine [cached since 357.1s ago] (5,)
2026-09-18 11:47:55,085 INFO sqlalchemy.engine.Engine SELECT count(isb_award_grants.id) AS count_1 
FROM isb_award_grants 
WHERE isb_award_grants.award_id = $1::INTEGER
2026-09-18 11:47:55,085 INFO sqlalchemy.engine.Engine [cached since 357.1s ago] (4,)
2026-09-18 11:47:55,090 INFO sqlalchemy.engine.Engine SELECT count(isb_award_grants.id) AS count_1 
FROM isb_award_grants 
WHERE isb_award_grants.award_id = $1::INTEGER
2026-09-18 11:47:55,090 INFO sqlalchemy.engine.Engine [cached since 357.2s ago] (6,)
INFO:     127.0.0.1:57668 - "GET /api/admin/isb/awards/public HTTP/1.1" 200 OK
2026-09-18 11:47:55,094 INFO sqlalchemy.engine.Engine ROLLBACK
2026-09-18 11:47:55,101 INFO sqlalchemy.engine.Engine BEGIN (implicit)
2026-09-18 11:47:55,102 INFO sqlalchemy.engine.Engine SELECT citizens.id, citizens.discord_id, citizens.username, citizens.minecraft_uuid, citizens.role_ids, citizens.main_role_id, citizens.reputation, citizens.citizenship_date, citizens.last_login, citizens.created_at, citizens.updated_at, citizens.is_active, citizens.is_verified 
FROM citizens 
WHERE citizens.username ILIKE $1::VARCHAR OR citizens.minecraft_uuid ILIKE $2::VARCHAR 
 LIMIT $3::INTEGER
2026-09-18 11:47:55,102 INFO sqlalchemy.engine.Engine [cached since 356.9s ago] ('%test%', '%test%', 10)
2026-09-18 11:47:55,106 INFO sqlalchemy.engine.Engine SELECT roles.id, roles.name, roles.display_name, roles.level, roles.is_active, roles.created_at, roles.updated_at 
FROM roles 
WHERE roles.name ILIKE $1::VARCHAR OR roles.display_name ILIKE $2::VARCHAR 
 LIMIT $3::INTEGER
2026-09-18 11:47:55,107 INFO sqlalchemy.engine.Engine [cached since 356.9s ago] ('%test%', '%test%', 5)
2026-09-18 11:47:55,109 INFO sqlalchemy.engine.Engine SELECT isb_awards.id, isb_awards.name, isb_awards.display_name, isb_awards.description, isb_awards.icon, isb_awards.rarity, isb_awards.category, isb_awards.is_active, isb_awards.created_at 
FROM isb_awards 
WHERE isb_awards.name ILIKE $1::VARCHAR OR isb_awards.display_name ILIKE $2::VARCHAR OR isb_awards.description ILIKE $3::VARCHAR 
 LIMIT $4::INTEGER
2026-09-18 11:47:55,109 INFO sqlalchemy.engine.Engine [cached since 356.9s ago] ('%test%', '%test%', '%test%', 5)
2026-09-18 11:47:55,113 INFO sqlalchemy.engine.Engine SELECT isb_employees.id, isb_employees.citizen_id, isb_employees.service_number, isb_employees.rank_name, isb_employees.rank_short, isb_employees.branch, isb_employees.level, isb_employees.access_level, isb_employees.position, isb_employees.enlisted_at, isb_employees.promoted_at, isb_employees.discharged_at, isb_employees.is_active, isb_employees.can_arrest, isb_employees.can_conduct_searches, isb_employees.can_issue_warrants, isb_employees.can_command, isb_employees.notes, isb_employees.created_at, isb_employees.updated_at 
FROM isb_employees 
WHERE isb_employees.service_number ILIKE $1::VARCHAR OR isb_employees.rank_name ILIKE $2::VARCHAR OR isb_employees.position ILIKE $3::VARCHAR 
 LIMIT $4::INTEGER
2026-09-18 11:47:55,113 INFO sqlalchemy.engine.Engine [cached since 356.9s ago] ('%test%', '%test%', '%test%', 10)
INFO:     127.0.0.1:57664 - "GET /api/search?q=test HTTP/1.1" 200 OK
2026-09-18 11:47:55,117 INFO sqlalchemy.engine.Engine ROLLBACK
2026-09-18 11:47:55,125 INFO sqlalchemy.engine.Engine BEGIN (implicit)
2026-09-18 11:47:55,126 INFO sqlalchemy.engine.Engine SELECT citizens.id, citizens.discord_id, citizens.username, citizens.minecraft_uuid, citizens.role_ids, citizens.main_role_id, citizens.reputation, citizens.citizenship_date, citizens.last_login, citizens.created_at, citizens.updated_at, citizens.is_active, citizens.is_verified 
FROM citizens 
WHERE citizens.discord_id = $1::BIGINT
2026-09-18 11:47:55,126 INFO sqlalchemy.engine.Engine [cached since 357.8s ago] (436507782263603200,)
2026-09-18 11:47:55,130 INFO sqlalchemy.engine.Engine SELECT roles.id, roles.name, roles.display_name, roles.level, roles.is_active, roles.created_at, roles.updated_at 
FROM roles 
WHERE roles.id IN ($1::INTEGER, $2::INTEGER, $3::INTEGER)
2026-09-18 11:47:55,130 INFO sqlalchemy.engine.Engine [cached since 357.7s ago] (2, 19, 7)
2026-09-18 11:47:55,133 INFO sqlalchemy.engine.Engine SELECT permissions.id, permissions.name, permissions.display_name, permissions.category, permissions.is_active, permissions.created_at, permissions.updated_at 
FROM permissions JOIN role_permissions ON permissions.id = role_permissions.permission_id 
WHERE role_permissions.role_id = $1::INTEGER
2026-09-18 11:47:55,133 INFO sqlalchemy.engine.Engine [cached since 357.7s ago] (2,)
2026-09-18 11:47:55,136 INFO sqlalchemy.engine.Engine SELECT permissions.id, permissions.name, permissions.display_name, permissions.category, permissions.is_active, permissions.created_at, permissions.updated_at 
FROM permissions JOIN role_permissions ON permissions.id = role_permissions.permission_id 
WHERE role_permissions.role_id = $1::INTEGER
2026-09-18 11:47:55,136 INFO sqlalchemy.engine.Engine [cached since 357.7s ago] (7,)
2026-09-18 11:47:55,138 INFO sqlalchemy.engine.Engine SELECT permissions.id, permissions.name, permissions.display_name, permissions.category, permissions.is_active, permissions.created_at, permissions.updated_at 
FROM permissions JOIN role_permissions ON permissions.id = role_permissions.permission_id 
WHERE role_permissions.role_id = $1::INTEGER
2026-09-18 11:47:55,139 INFO sqlalchemy.engine.Engine [cached since 357.7s ago] (19,)
2026-09-18 11:47:55,144 INFO sqlalchemy.engine.Engine SELECT roles.id, roles.name, roles.display_name, roles.level, roles.is_active, roles.created_at, roles.updated_at 
FROM roles 
WHERE roles.id IN ($1::INTEGER, $2::INTEGER, $3::INTEGER)
2026-09-18 11:47:55,144 INFO sqlalchemy.engine.Engine [cached since 357.7s ago] (2, 19, 7)
2026-09-18 11:47:55,146 INFO sqlalchemy.engine.Engine SELECT permissions.id, permissions.name, permissions.display_name, permissions.category, permissions.is_active, permissions.created_at, permissions.updated_at 
FROM permissions JOIN role_permissions ON permissions.id = role_permissions.permission_id 
WHERE role_permissions.role_id = $1::INTEGER
2026-09-18 11:47:55,146 INFO sqlalchemy.engine.Engine [cached since 357.7s ago] (2,)
2026-09-18 11:47:55,149 INFO sqlalchemy.engine.Engine SELECT permissions.id, permissions.name, permissions.display_name, permissions.category, permissions.is_active, permissions.created_at, permissions.updated_at 
FROM permissions JOIN role_permissions ON permissions.id = role_permissions.permission_id 
WHERE role_permissions.role_id = $1::INTEGER
2026-09-18 11:47:55,149 INFO sqlalchemy.engine.Engine [cached since 357.7s ago] (7,)
2026-09-18 11:47:55,151 INFO sqlalchemy.engine.Engine SELECT permissions.id, permissions.name, permissions.display_name, permissions.category, permissions.is_active, permissions.created_at, permissions.updated_at 
FROM permissions JOIN role_permissions ON permissions.id = role_permissions.permission_id 
WHERE role_permissions.role_id = $1::INTEGER
2026-09-18 11:47:55,152 INFO sqlalchemy.engine.Engine [cached since 357.7s ago] (19,)
2026-09-18 11:47:55,154 INFO sqlalchemy.engine.Engine SELECT algorithms.id, algorithms.number, algorithms.title, algorithms.description, algorithms.task_type, algorithms.scope, algorithms.status, algorithms.deadline, algorithms.reward_reputation, algorithms.created_by, algorithms.max_participants, algorithms.created_at, algorithms.updated_at 
FROM algorithms ORDER BY algorithms.created_at DESC 
 LIMIT $1::INTEGER OFFSET $2::INTEGER
2026-09-18 11:47:55,154 INFO sqlalchemy.engine.Engine [cached since 357s ago] (200, 0)
INFO:     127.0.0.1:57664 - "GET /api/algorithms HTTP/1.1" 200 OK
2026-09-18 11:47:55,157 INFO sqlalchemy.engine.Engine ROLLBACK
2026-09-18 11:47:56,452 INFO sqlalchemy.engine.Engine BEGIN (implicit)
2026-09-18 11:47:56,454 INFO sqlalchemy.engine.Engine SELECT citizens.id, citizens.discord_id, citizens.username, citizens.minecraft_uuid, citizens.role_ids, citizens.main_role_id, citizens.reputation, citizens.citizenship_date, citizens.last_login, citizens.created_at, citizens.updated_at, citizens.is_active, citizens.is_verified 
FROM citizens 
WHERE citizens.discord_id = $1::BIGINT
2026-09-18 11:47:56,455 INFO sqlalchemy.engine.Engine [cached since 359.1s ago] (436507782263603200,)
2026-09-18 11:47:56,458 INFO sqlalchemy.engine.Engine BEGIN (implicit)
2026-09-18 11:47:56,459 INFO sqlalchemy.engine.Engine SELECT citizens.id, citizens.discord_id, citizens.username, citizens.minecraft_uuid, citizens.role_ids, citizens.main_role_id, citizens.reputation, citizens.citizenship_date, citizens.last_login, citizens.created_at, citizens.updated_at, citizens.is_active, citizens.is_verified 
FROM citizens 
WHERE citizens.discord_id = $1::BIGINT
2026-09-18 11:47:56,459 INFO sqlalchemy.engine.Engine [cached since 359.1s ago] (436507782263603200,)
2026-09-18 11:47:56,463 INFO sqlalchemy.engine.Engine SELECT roles.id, roles.name, roles.display_name, roles.level, roles.is_active, roles.created_at, roles.updated_at 
FROM roles 
WHERE roles.id IN ($1::INTEGER, $2::INTEGER, $3::INTEGER)
2026-09-18 11:47:56,464 INFO sqlalchemy.engine.Engine [cached since 359.1s ago] (2, 19, 7)
2026-09-18 11:47:56,468 INFO sqlalchemy.engine.Engine SELECT roles.id, roles.name, roles.display_name, roles.level, roles.is_active, roles.created_at, roles.updated_at 
FROM roles 
WHERE roles.id IN ($1::INTEGER, $2::INTEGER, $3::INTEGER)
2026-09-18 11:47:56,468 INFO sqlalchemy.engine.Engine [cached since 359.1s ago] (2, 19, 7)
2026-09-18 11:47:56,471 INFO sqlalchemy.engine.Engine SELECT permissions.id, permissions.name, permissions.display_name, permissions.category, permissions.is_active, permissions.created_at, permissions.updated_at 
FROM permissions JOIN role_permissions ON permissions.id = role_permissions.permission_id 
WHERE role_permissions.role_id = $1::INTEGER
2026-09-18 11:47:56,471 INFO sqlalchemy.engine.Engine [cached since 359.1s ago] (2,)
2026-09-18 11:47:56,474 INFO sqlalchemy.engine.Engine SELECT permissions.id, permissions.name, permissions.display_name, permissions.category, permissions.is_active, permissions.created_at, permissions.updated_at 
FROM permissions JOIN role_permissions ON permissions.id = role_permissions.permission_id 
WHERE role_permissions.role_id = $1::INTEGER
2026-09-18 11:47:56,474 INFO sqlalchemy.engine.Engine [cached since 359.1s ago] (2,)
2026-09-18 11:47:56,479 INFO sqlalchemy.engine.Engine SELECT permissions.id, permissions.name, permissions.display_name, permissions.category, permissions.is_active, permissions.created_at, permissions.updated_at 
FROM permissions JOIN role_permissions ON permissions.id = role_permissions.permission_id 
WHERE role_permissions.role_id = $1::INTEGER
2026-09-18 11:47:56,479 INFO sqlalchemy.engine.Engine [cached since 359.1s ago] (7,)
2026-09-18 11:47:56,482 INFO sqlalchemy.engine.Engine SELECT permissions.id, permissions.name, permissions.display_name, permissions.category, permissions.is_active, permissions.created_at, permissions.updated_at 
FROM permissions JOIN role_permissions ON permissions.id = role_permissions.permission_id 
WHERE role_permissions.role_id = $1::INTEGER
2026-09-18 11:47:56,483 INFO sqlalchemy.engine.Engine [cached since 359.1s ago] (7,)
2026-09-18 11:47:56,485 INFO sqlalchemy.engine.Engine SELECT permissions.id, permissions.name, permissions.display_name, permissions.category, permissions.is_active, permissions.created_at, permissions.updated_at 
FROM permissions JOIN role_permissions ON permissions.id = role_permissions.permission_id 
WHERE role_permissions.role_id = $1::INTEGER
2026-09-18 11:47:56,486 INFO sqlalchemy.engine.Engine [cached since 359.1s ago] (19,)
2026-09-18 11:47:56,488 INFO sqlalchemy.engine.Engine SELECT permissions.id, permissions.name, permissions.display_name, permissions.category, permissions.is_active, permissions.created_at, permissions.updated_at 
FROM permissions JOIN role_permissions ON permissions.id = role_permissions.permission_id 
WHERE role_permissions.role_id = $1::INTEGER
2026-09-18 11:47:56,489 INFO sqlalchemy.engine.Engine [cached since 359.1s ago] (19,)
2026-09-18 11:47:56,492 INFO sqlalchemy.engine.Engine SELECT isb_sectors.id, isb_sectors.number, isb_sectors.name, isb_sectors.description, isb_sectors.center_x, isb_sectors.center_z, isb_sectors.threat_level, isb_sectors.is_active, isb_sectors.created_at 
FROM isb_sectors ORDER BY isb_sectors.number
2026-09-18 11:47:56,492 INFO sqlalchemy.engine.Engine [cached since 358.5s ago] ()
2026-09-18 11:47:56,495 INFO sqlalchemy.engine.Engine SELECT isb_employees.id, isb_employees.citizen_id, isb_employees.service_number, isb_employees.rank_name, isb_employees.rank_short, isb_employees.branch, isb_employees.level, isb_employees.access_level, isb_employees.position, isb_employees.enlisted_at, isb_employees.promoted_at, isb_employees.discharged_at, isb_employees.is_active, isb_employees.can_arrest, isb_employees.can_conduct_searches, isb_employees.can_issue_warrants, isb_employees.can_command, isb_employees.notes, isb_employees.created_at, isb_employees.updated_at 
FROM isb_employees ORDER BY isb_employees.level DESC
2026-09-18 11:47:56,495 INFO sqlalchemy.engine.Engine [cached since 358.7s ago] ()
2026-09-18 11:47:56,498 INFO sqlalchemy.engine.Engine SELECT count(isb_sector_assignments.id) AS count_1 
FROM isb_sector_assignments 
WHERE isb_sector_assignments.sector_id = $1::INTEGER
2026-09-18 11:47:56,498 INFO sqlalchemy.engine.Engine [cached since 357.2s ago] (1,)
2026-09-18 11:47:56,501 INFO sqlalchemy.engine.Engine SELECT citizens.id, citizens.discord_id, citizens.username, citizens.minecraft_uuid, citizens.role_ids, citizens.main_role_id, citizens.reputation, citizens.citizenship_date, citizens.last_login, citizens.created_at, citizens.updated_at, citizens.is_active, citizens.is_verified 
FROM citizens 
WHERE citizens.id IN ($1::INTEGER, $2::INTEGER)
2026-09-18 11:47:56,501 INFO sqlalchemy.engine.Engine [cached since 358.7s ago] (2, 4)
2026-09-18 11:47:56,504 INFO sqlalchemy.engine.Engine SELECT count(isb_sector_assignments.id) AS count_1 
FROM isb_sector_assignments 
WHERE isb_sector_assignments.sector_id = $1::INTEGER
2026-09-18 11:47:56,504 INFO sqlalchemy.engine.Engine [cached since 357.2s ago] (2,)
INFO:     127.0.0.1:57668 - "GET /api/admin/isb/employees HTTP/1.1" 200 OK
2026-09-18 11:47:56,507 INFO sqlalchemy.engine.Engine ROLLBACK
2026-09-18 11:47:56,510 INFO sqlalchemy.engine.Engine SELECT count(isb_sector_assignments.id) AS count_1 
FROM isb_sector_assignments 
WHERE isb_sector_assignments.sector_id = $1::INTEGER
2026-09-18 11:47:56,511 INFO sqlalchemy.engine.Engine [cached since 357.2s ago] (3,)
2026-09-18 11:47:56,515 INFO sqlalchemy.engine.Engine SELECT count(isb_sector_assignments.id) AS count_1 
FROM isb_sector_assignments 
WHERE isb_sector_assignments.sector_id = $1::INTEGER
2026-09-18 11:47:56,515 INFO sqlalchemy.engine.Engine [cached since 357.2s ago] (4,)
2026-09-18 11:47:56,522 INFO sqlalchemy.engine.Engine SELECT count(isb_sector_assignments.id) AS count_1 
FROM isb_sector_assignments 
WHERE isb_sector_assignments.sector_id = $1::INTEGER
2026-09-18 11:47:56,522 INFO sqlalchemy.engine.Engine [cached since 357.2s ago] (5,)
2026-09-18 11:47:56,530 INFO sqlalchemy.engine.Engine SELECT count(isb_sector_assignments.id) AS count_1 
FROM isb_sector_assignments 
WHERE isb_sector_assignments.sector_id = $1::INTEGER
2026-09-18 11:47:56,530 INFO sqlalchemy.engine.Engine [cached since 357.2s ago] (6,)
2026-09-18 11:47:56,543 INFO sqlalchemy.engine.Engine SELECT count(isb_sector_assignments.id) AS count_1 
FROM isb_sector_assignments 
WHERE isb_sector_assignments.sector_id = $1::INTEGER
2026-09-18 11:47:56,543 INFO sqlalchemy.engine.Engine [cached since 357.3s ago] (7,)
2026-09-18 11:47:56,549 INFO sqlalchemy.engine.Engine SELECT count(isb_sector_assignments.id) AS count_1 
FROM isb_sector_assignments 
WHERE isb_sector_assignments.sector_id = $1::INTEGER
2026-09-18 11:47:56,550 INFO sqlalchemy.engine.Engine [cached since 357.3s ago] (8,)
2026-09-18 11:47:56,559 INFO sqlalchemy.engine.Engine SELECT count(isb_sector_assignments.id) AS count_1 
FROM isb_sector_assignments 
WHERE isb_sector_assignments.sector_id = $1::INTEGER
2026-09-18 11:47:56,559 INFO sqlalchemy.engine.Engine [cached since 357.3s ago] (9,)
2026-09-18 11:47:56,563 INFO sqlalchemy.engine.Engine SELECT count(isb_sector_assignments.id) AS count_1 
FROM isb_sector_assignments 
WHERE isb_sector_assignments.sector_id = $1::INTEGER
2026-09-18 11:47:56,564 INFO sqlalchemy.engine.Engine [cached since 357.3s ago] (10,)
INFO:     127.0.0.1:57664 - "GET /api/isb/graphs/sectors HTTP/1.1" 200 OK
2026-09-18 11:47:56,568 INFO sqlalchemy.engine.Engine ROLLBACK
2026-09-18 11:47:56,672 INFO sqlalchemy.engine.Engine BEGIN (implicit)
2026-09-18 11:47:56,672 INFO sqlalchemy.engine.Engine SELECT citizens.id, citizens.discord_id, citizens.username, citizens.minecraft_uuid, citizens.role_ids, citizens.main_role_id, citizens.reputation, citizens.citizenship_date, citizens.last_login, citizens.created_at, citizens.updated_at, citizens.is_active, citizens.is_verified 
FROM citizens 
WHERE citizens.discord_id = $1::BIGINT
2026-09-18 11:47:56,672 INFO sqlalchemy.engine.Engine [cached since 359.4s ago] (436507782263603200,)
2026-09-18 11:47:56,676 INFO sqlalchemy.engine.Engine SELECT roles.id, roles.name, roles.display_name, roles.level, roles.is_active, roles.created_at, roles.updated_at 
FROM roles 
WHERE roles.id IN ($1::INTEGER, $2::INTEGER, $3::INTEGER)
2026-09-18 11:47:56,676 INFO sqlalchemy.engine.Engine [cached since 359.3s ago] (2, 19, 7)
2026-09-18 11:47:56,679 INFO sqlalchemy.engine.Engine SELECT permissions.id, permissions.name, permissions.display_name, permissions.category, permissions.is_active, permissions.created_at, permissions.updated_at 
FROM permissions JOIN role_permissions ON permissions.id = role_permissions.permission_id 
WHERE role_permissions.role_id = $1::INTEGER
2026-09-18 11:47:56,679 INFO sqlalchemy.engine.Engine [cached since 359.3s ago] (2,)
2026-09-18 11:47:56,683 INFO sqlalchemy.engine.Engine SELECT permissions.id, permissions.name, permissions.display_name, permissions.category, permissions.is_active, permissions.created_at, permissions.updated_at 
FROM permissions JOIN role_permissions ON permissions.id = role_permissions.permission_id 
WHERE role_permissions.role_id = $1::INTEGER
2026-09-18 11:47:56,683 INFO sqlalchemy.engine.Engine [cached since 359.3s ago] (7,)
2026-09-18 11:47:56,686 INFO sqlalchemy.engine.Engine SELECT permissions.id, permissions.name, permissions.display_name, permissions.category, permissions.is_active, permissions.created_at, permissions.updated_at 
FROM permissions JOIN role_permissions ON permissions.id = role_permissions.permission_id 
WHERE role_permissions.role_id = $1::INTEGER
2026-09-18 11:47:56,686 INFO sqlalchemy.engine.Engine [cached since 359.3s ago] (19,)
2026-09-18 11:47:56,690 INFO sqlalchemy.engine.Engine SELECT date_trunc($1::VARCHAR, isb_logs.created_at) AS hour, count(isb_logs.id) AS count 
FROM isb_logs 
WHERE isb_logs.created_at >= $2::TIMESTAMP WITHOUT TIME ZONE GROUP BY hour ORDER BY hour
2026-09-18 11:47:56,690 INFO sqlalchemy.engine.Engine [cached since 357.3s ago] ('hour', datetime.datetime(2026, 9, 17, 8, 47, 56, 688820))
INFO:     127.0.0.1:57664 - "GET /api/isb/graphs/logs-24h HTTP/1.1" 200 OK
2026-09-18 11:47:56,696 INFO sqlalchemy.engine.Engine ROLLBACK
2026-09-18 11:47:56,744 INFO sqlalchemy.engine.Engine BEGIN (implicit)
2026-09-18 11:47:56,745 INFO sqlalchemy.engine.Engine SELECT citizens.id, citizens.discord_id, citizens.username, citizens.minecraft_uuid, citizens.role_ids, citizens.main_role_id, citizens.reputation, citizens.citizenship_date, citizens.last_login, citizens.created_at, citizens.updated_at, citizens.is_active, citizens.is_verified 
FROM citizens 
WHERE citizens.discord_id = $1::BIGINT
2026-09-18 11:47:56,745 INFO sqlalchemy.engine.Engine [cached since 359.4s ago] (436507782263603200,)
2026-09-18 11:47:56,748 INFO sqlalchemy.engine.Engine SELECT roles.id, roles.name, roles.display_name, roles.level, roles.is_active, roles.created_at, roles.updated_at 
FROM roles 
WHERE roles.id IN ($1::INTEGER, $2::INTEGER, $3::INTEGER)
2026-09-18 11:47:56,748 INFO sqlalchemy.engine.Engine [cached since 359.4s ago] (2, 19, 7)
2026-09-18 11:47:56,752 INFO sqlalchemy.engine.Engine SELECT permissions.id, permissions.name, permissions.display_name, permissions.category, permissions.is_active, permissions.created_at, permissions.updated_at 
FROM permissions JOIN role_permissions ON permissions.id = role_permissions.permission_id 
WHERE role_permissions.role_id = $1::INTEGER
2026-09-18 11:47:56,752 INFO sqlalchemy.engine.Engine [cached since 359.3s ago] (2,)
2026-09-18 11:47:56,757 INFO sqlalchemy.engine.Engine SELECT permissions.id, permissions.name, permissions.display_name, permissions.category, permissions.is_active, permissions.created_at, permissions.updated_at 
FROM permissions JOIN role_permissions ON permissions.id = role_permissions.permission_id 
WHERE role_permissions.role_id = $1::INTEGER
2026-09-18 11:47:56,757 INFO sqlalchemy.engine.Engine [cached since 359.3s ago] (7,)
2026-09-18 11:47:56,760 INFO sqlalchemy.engine.Engine SELECT permissions.id, permissions.name, permissions.display_name, permissions.category, permissions.is_active, permissions.created_at, permissions.updated_at 
FROM permissions JOIN role_permissions ON permissions.id = role_permissions.permission_id 
WHERE role_permissions.role_id = $1::INTEGER
2026-09-18 11:47:56,760 INFO sqlalchemy.engine.Engine [cached since 359.3s ago] (19,)
2026-09-18 11:47:56,763 INFO sqlalchemy.engine.Engine SELECT isb_sectors.id, isb_sectors.number, isb_sectors.name, isb_sectors.description, isb_sectors.center_x, isb_sectors.center_z, isb_sectors.threat_level, isb_sectors.is_active, isb_sectors.created_at 
FROM isb_sectors ORDER BY isb_sectors.threat_level DESC 
 LIMIT $1::INTEGER
2026-09-18 11:47:56,763 INFO sqlalchemy.engine.Engine [cached since 357.2s ago] (5,)
INFO:     127.0.0.1:57664 - "GET /api/isb/graphs/threat HTTP/1.1" 200 OK
2026-09-18 11:47:56,771 INFO sqlalchemy.engine.Engine ROLLBACK
2026-09-18 11:48:05,297 INFO sqlalchemy.engine.Engine BEGIN (implicit)
2026-09-18 11:48:05,300 INFO sqlalchemy.engine.Engine SELECT citizens.id, citizens.discord_id, citizens.username, citizens.minecraft_uuid, citizens.role_ids, citizens.main_role_id, citizens.reputation, citizens.citizenship_date, citizens.last_login, citizens.created_at, citizens.updated_at, citizens.is_active, citizens.is_verified 
FROM citizens 
WHERE citizens.discord_id = $1::BIGINT
2026-09-18 11:48:05,300 INFO sqlalchemy.engine.Engine [cached since 368s ago] (436507782263603200,)
2026-09-18 11:48:05,308 INFO sqlalchemy.engine.Engine SELECT roles.id, roles.name, roles.display_name, roles.level, roles.is_active, roles.created_at, roles.updated_at 
FROM roles 
WHERE roles.id IN ($1::INTEGER, $2::INTEGER, $3::INTEGER)
2026-09-18 11:48:05,309 INFO sqlalchemy.engine.Engine [cached since 367.9s ago] (2, 19, 7)
2026-09-18 11:48:05,316 INFO sqlalchemy.engine.Engine SELECT permissions.id, permissions.name, permissions.display_name, permissions.category, permissions.is_active, permissions.created_at, permissions.updated_at 
FROM permissions JOIN role_permissions ON permissions.id = role_permissions.permission_id 
WHERE role_permissions.role_id = $1::INTEGER
2026-09-18 11:48:05,316 INFO sqlalchemy.engine.Engine [cached since 367.9s ago] (2,)
2026-09-18 11:48:05,324 INFO sqlalchemy.engine.Engine SELECT permissions.id, permissions.name, permissions.display_name, permissions.category, permissions.is_active, permissions.created_at, permissions.updated_at 
FROM permissions JOIN role_permissions ON permissions.id = role_permissions.permission_id 
WHERE role_permissions.role_id = $1::INTEGER
2026-09-18 11:48:05,324 INFO sqlalchemy.engine.Engine [cached since 367.9s ago] (7,)
2026-09-18 11:48:05,330 INFO sqlalchemy.engine.Engine SELECT permissions.id, permissions.name, permissions.display_name, permissions.category, permissions.is_active, permissions.created_at, permissions.updated_at 
FROM permissions JOIN role_permissions ON permissions.id = role_permissions.permission_id 
WHERE role_permissions.role_id = $1::INTEGER
2026-09-18 11:48:05,331 INFO sqlalchemy.engine.Engine [cached since 367.9s ago] (19,)
2026-09-18 11:48:05,339 INFO sqlalchemy.engine.Engine SELECT isb_logs.id, isb_logs.created_at, isb_logs.severity, isb_logs.category, isb_logs.message, isb_logs.actor_id, isb_logs.sector_id, isb_logs.meta 
FROM isb_logs ORDER BY isb_logs.created_at DESC 
 LIMIT $1::INTEGER
2026-09-18 11:48:05,340 INFO sqlalchemy.engine.Engine [cached since 367.3s ago] (30,)
2026-09-18 11:48:05,345 INFO sqlalchemy.engine.Engine SELECT citizens.id, citizens.discord_id, citizens.username, citizens.minecraft_uuid, citizens.role_ids, citizens.main_role_id, citizens.reputation, citizens.citizenship_date, citizens.last_login, citizens.created_at, citizens.updated_at, citizens.is_active, citizens.is_verified 
FROM citizens 
WHERE citizens.id = $1::INTEGER
2026-09-18 11:48:05,346 INFO sqlalchemy.engine.Engine [cached since 367.3s ago] (2,)
2026-09-18 11:48:05,352 INFO sqlalchemy.engine.Engine SELECT isb_sectors.id, isb_sectors.number, isb_sectors.name, isb_sectors.description, isb_sectors.center_x, isb_sectors.center_z, isb_sectors.threat_level, isb_sectors.is_active, isb_sectors.created_at 
FROM isb_sectors 
WHERE isb_sectors.id = $1::INTEGER
2026-09-18 11:48:05,352 INFO sqlalchemy.engine.Engine [cached since 367.3s ago] (1,)
2026-09-18 11:48:05,357 INFO sqlalchemy.engine.Engine SELECT citizens.id, citizens.discord_id, citizens.username, citizens.minecraft_uuid, citizens.role_ids, citizens.main_role_id, citizens.reputation, citizens.citizenship_date, citizens.last_login, citizens.created_at, citizens.updated_at, citizens.is_active, citizens.is_verified 
FROM citizens 
WHERE citizens.id = $1::INTEGER
2026-09-18 11:48:05,358 INFO sqlalchemy.engine.Engine [cached since 367.3s ago] (2,)
2026-09-18 11:48:05,363 INFO sqlalchemy.engine.Engine SELECT isb_sectors.id, isb_sectors.number, isb_sectors.name, isb_sectors.description, isb_sectors.center_x, isb_sectors.center_z, isb_sectors.threat_level, isb_sectors.is_active, isb_sectors.created_at 
FROM isb_sectors 
WHERE isb_sectors.id = $1::INTEGER
2026-09-18 11:48:05,363 INFO sqlalchemy.engine.Engine [cached since 367.3s ago] (1,)
2026-09-18 11:48:05,368 INFO sqlalchemy.engine.Engine SELECT citizens.id, citizens.discord_id, citizens.username, citizens.minecraft_uuid, citizens.role_ids, citizens.main_role_id, citizens.reputation, citizens.citizenship_date, citizens.last_login, citizens.created_at, citizens.updated_at, citizens.is_active, citizens.is_verified 
FROM citizens 
WHERE citizens.id = $1::INTEGER
2026-09-18 11:48:05,369 INFO sqlalchemy.engine.Engine [cached since 367.3s ago] (2,)
2026-09-18 11:48:05,374 INFO sqlalchemy.engine.Engine SELECT isb_sectors.id, isb_sectors.number, isb_sectors.name, isb_sectors.description, isb_sectors.center_x, isb_sectors.center_z, isb_sectors.threat_level, isb_sectors.is_active, isb_sectors.created_at 
FROM isb_sectors 
WHERE isb_sectors.id = $1::INTEGER
2026-09-18 11:48:05,374 INFO sqlalchemy.engine.Engine [cached since 367.3s ago] (10,)
INFO:     127.0.0.1:57718 - "GET /api/isb/logs?limit=30 HTTP/1.1" 200 OK
2026-09-18 11:48:05,380 INFO sqlalchemy.engine.Engine ROLLBACK
INFO:     127.0.0.1:57718 - "GET /health HTTP/1.1" 200 OK
2026-09-18 11:48:10,317 INFO sqlalchemy.engine.Engine BEGIN (implicit)
2026-09-18 11:48:10,319 INFO sqlalchemy.engine.Engine SELECT count(citizens.id) AS count_1 
FROM citizens
2026-09-18 11:48:10,320 INFO sqlalchemy.engine.Engine [cached since 376.2s ago] ()
2026-09-18 11:48:10,327 INFO sqlalchemy.engine.Engine SELECT roles.id, roles.name, roles.display_name, roles.level, roles.is_active, roles.created_at, roles.updated_at 
FROM roles ORDER BY roles.level DESC
2026-09-18 11:48:10,328 INFO sqlalchemy.engine.Engine [cached since 372.4s ago] ()
2026-09-18 11:48:10,342 INFO sqlalchemy.engine.Engine SELECT roles_1.id AS roles_1_id, permissions.id AS permissions_id, permissions.name AS permissions_name, permissions.display_name AS permissions_display_name, permissions.category AS permissions_category, permissions.is_active AS permissions_is_active, permissions.created_at AS permissions_created_at, permissions.updated_at AS permissions_updated_at 
FROM roles AS roles_1 JOIN role_permissions AS role_permissions_1 ON roles_1.id = role_permissions_1.role_id JOIN permissions ON permissions.id = role_permissions_1.permission_id 
WHERE roles_1.id IN ($1::INTEGER, $2::INTEGER, $3::INTEGER, $4::INTEGER, $5::INTEGER, $6::INTEGER, $7::INTEGER)
2026-09-18 11:48:10,343 INFO sqlalchemy.engine.Engine [cached since 372.4s ago] (2, 15, 16, 17, 18, 19, 7)
2026-09-18 11:48:10,373 INFO sqlalchemy.engine.Engine SELECT citizens.id, citizens.discord_id, citizens.username, citizens.minecraft_uuid, citizens.role_ids, citizens.main_role_id, citizens.reputation, citizens.citizenship_date, citizens.last_login, citizens.created_at, citizens.updated_at, citizens.is_active, citizens.is_verified 
FROM citizens ORDER BY citizens.citizenship_date DESC 
 LIMIT $1::INTEGER OFFSET $2::INTEGER
2026-09-18 11:48:10,373 INFO sqlalchemy.engine.Engine [cached since 372.4s ago] (10000, 0)
INFO:     127.0.0.1:57718 - "GET /api/stats HTTP/1.1" 200 OK
2026-09-18 11:48:10,384 INFO sqlalchemy.engine.Engine ROLLBACK
2026-09-18 11:48:10,401 INFO sqlalchemy.engine.Engine BEGIN (implicit)
2026-09-18 11:48:10,403 INFO sqlalchemy.engine.Engine SELECT citizens.id, citizens.discord_id, citizens.username, citizens.minecraft_uuid, citizens.role_ids, citizens.main_role_id, citizens.reputation, citizens.citizenship_date, citizens.last_login, citizens.created_at, citizens.updated_at, citizens.is_active, citizens.is_verified 
FROM citizens 
WHERE citizens.discord_id = $1::BIGINT
2026-09-18 11:48:10,404 INFO sqlalchemy.engine.Engine [cached since 373.1s ago] (436507782263603200,)
2026-09-18 11:48:10,412 INFO sqlalchemy.engine.Engine SELECT roles.id, roles.name, roles.display_name, roles.level, roles.is_active, roles.created_at, roles.updated_at 
FROM roles 
WHERE roles.id IN ($1::INTEGER, $2::INTEGER, $3::INTEGER)
2026-09-18 11:48:10,413 INFO sqlalchemy.engine.Engine [cached since 373s ago] (2, 19, 7)
2026-09-18 11:48:10,421 INFO sqlalchemy.engine.Engine SELECT permissions.id, permissions.name, permissions.display_name, permissions.category, permissions.is_active, permissions.created_at, permissions.updated_at 
FROM permissions JOIN role_permissions ON permissions.id = role_permissions.permission_id 
WHERE role_permissions.role_id = $1::INTEGER
2026-09-18 11:48:10,422 INFO sqlalchemy.engine.Engine [cached since 373s ago] (2,)
2026-09-18 11:48:10,432 INFO sqlalchemy.engine.Engine SELECT permissions.id, permissions.name, permissions.display_name, permissions.category, permissions.is_active, permissions.created_at, permissions.updated_at 
FROM permissions JOIN role_permissions ON permissions.id = role_permissions.permission_id 
WHERE role_permissions.role_id = $1::INTEGER
2026-09-18 11:48:10,433 INFO sqlalchemy.engine.Engine [cached since 373s ago] (7,)
2026-09-18 11:48:10,439 INFO sqlalchemy.engine.Engine SELECT permissions.id, permissions.name, permissions.display_name, permissions.category, permissions.is_active, permissions.created_at, permissions.updated_at 
FROM permissions JOIN role_permissions ON permissions.id = role_permissions.permission_id 
WHERE role_permissions.role_id = $1::INTEGER
2026-09-18 11:48:10,439 INFO sqlalchemy.engine.Engine [cached since 373s ago] (19,)
2026-09-18 11:48:10,445 INFO sqlalchemy.engine.Engine SELECT roles.id, roles.name, roles.display_name, roles.level, roles.is_active, roles.created_at, roles.updated_at 
FROM roles 
WHERE roles.id IN ($1::INTEGER, $2::INTEGER, $3::INTEGER)
2026-09-18 11:48:10,445 INFO sqlalchemy.engine.Engine [cached since 373s ago] (2, 19, 7)
2026-09-18 11:48:10,454 INFO sqlalchemy.engine.Engine SELECT permissions.id, permissions.name, permissions.display_name, permissions.category, permissions.is_active, permissions.created_at, permissions.updated_at 
FROM permissions JOIN role_permissions ON permissions.id = role_permissions.permission_id 
WHERE role_permissions.role_id = $1::INTEGER
2026-09-18 11:48:10,454 INFO sqlalchemy.engine.Engine [cached since 373s ago] (2,)
2026-09-18 11:48:10,464 INFO sqlalchemy.engine.Engine SELECT permissions.id, permissions.name, permissions.display_name, permissions.category, permissions.is_active, permissions.created_at, permissions.updated_at 
FROM permissions JOIN role_permissions ON permissions.id = role_permissions.permission_id 
WHERE role_permissions.role_id = $1::INTEGER
2026-09-18 11:48:10,465 INFO sqlalchemy.engine.Engine [cached since 373.1s ago] (7,)
2026-09-18 11:48:10,473 INFO sqlalchemy.engine.Engine SELECT permissions.id, permissions.name, permissions.display_name, permissions.category, permissions.is_active, permissions.created_at, permissions.updated_at 
FROM permissions JOIN role_permissions ON permissions.id = role_permissions.permission_id 
WHERE role_permissions.role_id = $1::INTEGER
2026-09-18 11:48:10,473 INFO sqlalchemy.engine.Engine [cached since 373.1s ago] (19,)
2026-09-18 11:48:10,479 INFO sqlalchemy.engine.Engine SELECT algorithms.id, algorithms.number, algorithms.title, algorithms.description, algorithms.task_type, algorithms.scope, algorithms.status, algorithms.deadline, algorithms.reward_reputation, algorithms.created_by, algorithms.max_participants, algorithms.created_at, algorithms.updated_at 
FROM algorithms ORDER BY algorithms.created_at DESC 
 LIMIT $1::INTEGER OFFSET $2::INTEGER
2026-09-18 11:48:10,480 INFO sqlalchemy.engine.Engine [cached since 372.3s ago] (200, 0)
INFO:     127.0.0.1:57718 - "GET /api/algorithms HTTP/1.1" 200 OK
2026-09-18 11:48:10,485 INFO sqlalchemy.engine.Engine ROLLBACK
2026-09-18 11:48:10,505 INFO sqlalchemy.engine.Engine BEGIN (implicit)
2026-09-18 11:48:10,506 INFO sqlalchemy.engine.Engine SELECT citizens.id, citizens.discord_id, citizens.username, citizens.minecraft_uuid, citizens.role_ids, citizens.main_role_id, citizens.reputation, citizens.citizenship_date, citizens.last_login, citizens.created_at, citizens.updated_at, citizens.is_active, citizens.is_verified 
FROM citizens 
WHERE citizens.username ILIKE $1::VARCHAR OR citizens.minecraft_uuid ILIKE $2::VARCHAR 
 LIMIT $3::INTEGER
2026-09-18 11:48:10,507 INFO sqlalchemy.engine.Engine [cached since 372.3s ago] ('%test%', '%test%', 10)
2026-09-18 11:48:10,512 INFO sqlalchemy.engine.Engine SELECT roles.id, roles.name, roles.display_name, roles.level, roles.is_active, roles.created_at, roles.updated_at 
FROM roles 
WHERE roles.name ILIKE $1::VARCHAR OR roles.display_name ILIKE $2::VARCHAR 
 LIMIT $3::INTEGER
2026-09-18 11:48:10,512 INFO sqlalchemy.engine.Engine [cached since 372.3s ago] ('%test%', '%test%', 5)
2026-09-18 11:48:10,516 INFO sqlalchemy.engine.Engine SELECT isb_awards.id, isb_awards.name, isb_awards.display_name, isb_awards.description, isb_awards.icon, isb_awards.rarity, isb_awards.category, isb_awards.is_active, isb_awards.created_at 
FROM isb_awards 
WHERE isb_awards.name ILIKE $1::VARCHAR OR isb_awards.display_name ILIKE $2::VARCHAR OR isb_awards.description ILIKE $3::VARCHAR 
 LIMIT $4::INTEGER
2026-09-18 11:48:10,517 INFO sqlalchemy.engine.Engine [cached since 372.3s ago] ('%test%', '%test%', '%test%', 5)
2026-09-18 11:48:10,522 INFO sqlalchemy.engine.Engine SELECT isb_employees.id, isb_employees.citizen_id, isb_employees.service_number, isb_employees.rank_name, isb_employees.rank_short, isb_employees.branch, isb_employees.level, isb_employees.access_level, isb_employees.position, isb_employees.enlisted_at, isb_employees.promoted_at, isb_employees.discharged_at, isb_employees.is_active, isb_employees.can_arrest, isb_employees.can_conduct_searches, isb_employees.can_issue_warrants, isb_employees.can_command, isb_employees.notes, isb_employees.created_at, isb_employees.updated_at 
FROM isb_employees 
WHERE isb_employees.service_number ILIKE $1::VARCHAR OR isb_employees.rank_name ILIKE $2::VARCHAR OR isb_employees.position ILIKE $3::VARCHAR 
 LIMIT $4::INTEGER
2026-09-18 11:48:10,522 INFO sqlalchemy.engine.Engine [cached since 372.3s ago] ('%test%', '%test%', '%test%', 10)
INFO:     127.0.0.1:57718 - "GET /api/search?q=test HTTP/1.1" 200 OK
2026-09-18 11:48:10,527 INFO sqlalchemy.engine.Engine ROLLBACK
2026-09-18 11:48:10,542 INFO sqlalchemy.engine.Engine BEGIN (implicit)
2026-09-18 11:48:10,543 INFO sqlalchemy.engine.Engine SELECT citizens.id, citizens.discord_id, citizens.username, citizens.minecraft_uuid, citizens.role_ids, citizens.main_role_id, citizens.reputation, citizens.citizenship_date, citizens.last_login, citizens.created_at, citizens.updated_at, citizens.is_active, citizens.is_verified 
FROM citizens 
WHERE citizens.discord_id = $1::BIGINT
2026-09-18 11:48:10,544 INFO sqlalchemy.engine.Engine [cached since 373.2s ago] (436507782263603200,)
2026-09-18 11:48:10,550 INFO sqlalchemy.engine.Engine SELECT roles.id, roles.name, roles.display_name, roles.level, roles.is_active, roles.created_at, roles.updated_at 
FROM roles 
WHERE roles.id IN ($1::INTEGER, $2::INTEGER, $3::INTEGER)
2026-09-18 11:48:10,551 INFO sqlalchemy.engine.Engine [cached since 373.2s ago] (2, 19, 7)
2026-09-18 11:48:10,555 INFO sqlalchemy.engine.Engine SELECT permissions.id, permissions.name, permissions.display_name, permissions.category, permissions.is_active, permissions.created_at, permissions.updated_at 
FROM permissions JOIN role_permissions ON permissions.id = role_permissions.permission_id 
WHERE role_permissions.role_id = $1::INTEGER
2026-09-18 11:48:10,555 INFO sqlalchemy.engine.Engine [cached since 373.1s ago] (2,)
2026-09-18 11:48:10,561 INFO sqlalchemy.engine.Engine SELECT permissions.id, permissions.name, permissions.display_name, permissions.category, permissions.is_active, permissions.created_at, permissions.updated_at 
FROM permissions JOIN role_permissions ON permissions.id = role_permissions.permission_id 
WHERE role_permissions.role_id = $1::INTEGER
2026-09-18 11:48:10,561 INFO sqlalchemy.engine.Engine [cached since 373.1s ago] (7,)
2026-09-18 11:48:10,565 INFO sqlalchemy.engine.Engine SELECT permissions.id, permissions.name, permissions.display_name, permissions.category, permissions.is_active, permissions.created_at, permissions.updated_at 
FROM permissions JOIN role_permissions ON permissions.id = role_permissions.permission_id 
WHERE role_permissions.role_id = $1::INTEGER
2026-09-18 11:48:10,566 INFO sqlalchemy.engine.Engine [cached since 373.2s ago] (19,)
2026-09-18 11:48:10,572 INFO sqlalchemy.engine.Engine SELECT roles.id, roles.name, roles.display_name, roles.level, roles.is_active, roles.created_at, roles.updated_at 
FROM roles 
WHERE roles.id IN ($1::INTEGER, $2::INTEGER, $3::INTEGER)
2026-09-18 11:48:10,572 INFO sqlalchemy.engine.Engine [cached since 373.2s ago] (2, 19, 7)
2026-09-18 11:48:10,576 INFO sqlalchemy.engine.Engine SELECT permissions.id, permissions.name, permissions.display_name, permissions.category, permissions.is_active, permissions.created_at, permissions.updated_at 
FROM permissions JOIN role_permissions ON permissions.id = role_permissions.permission_id 
WHERE role_permissions.role_id = $1::INTEGER
2026-09-18 11:48:10,577 INFO sqlalchemy.engine.Engine [cached since 373.2s ago] (2,)
2026-09-18 11:48:10,583 INFO sqlalchemy.engine.Engine SELECT permissions.id, permissions.name, permissions.display_name, permissions.category, permissions.is_active, permissions.created_at, permissions.updated_at 
FROM permissions JOIN role_permissions ON permissions.id = role_permissions.permission_id 
WHERE role_permissions.role_id = $1::INTEGER
2026-09-18 11:48:10,583 INFO sqlalchemy.engine.Engine [cached since 373.2s ago] (7,)
2026-09-18 11:48:10,587 INFO sqlalchemy.engine.Engine SELECT permissions.id, permissions.name, permissions.display_name, permissions.category, permissions.is_active, permissions.created_at, permissions.updated_at 
FROM permissions JOIN role_permissions ON permissions.id = role_permissions.permission_id 
WHERE role_permissions.role_id = $1::INTEGER
2026-09-18 11:48:10,588 INFO sqlalchemy.engine.Engine [cached since 373.2s ago] (19,)
2026-09-18 11:48:10,593 INFO sqlalchemy.engine.Engine SELECT algorithms.id, algorithms.number, algorithms.title, algorithms.description, algorithms.task_type, algorithms.scope, algorithms.status, algorithms.deadline, algorithms.reward_reputation, algorithms.created_by, algorithms.max_participants, algorithms.created_at, algorithms.updated_at 
FROM algorithms ORDER BY algorithms.created_at DESC 
 LIMIT $1::INTEGER OFFSET $2::INTEGER
2026-09-18 11:48:10,593 INFO sqlalchemy.engine.Engine [cached since 372.5s ago] (200, 0)
INFO:     127.0.0.1:57718 - "GET /api/algorithms HTTP/1.1" 200 OK
2026-09-18 11:48:10,598 INFO sqlalchemy.engine.Engine ROLLBACK
2026-09-18 11:48:15,307 INFO sqlalchemy.engine.Engine BEGIN (implicit)
2026-09-18 11:48:15,309 INFO sqlalchemy.engine.Engine SELECT citizens.id, citizens.discord_id, citizens.username, citizens.minecraft_uuid, citizens.role_ids, citizens.main_role_id, citizens.reputation, citizens.citizenship_date, citizens.last_login, citizens.created_at, citizens.updated_at, citizens.is_active, citizens.is_verified 
FROM citizens 
WHERE citizens.discord_id = $1::BIGINT
2026-09-18 11:48:15,310 INFO sqlalchemy.engine.Engine [cached since 378s ago] (436507782263603200,)
2026-09-18 11:48:15,322 INFO sqlalchemy.engine.Engine SELECT roles.id, roles.name, roles.display_name, roles.level, roles.is_active, roles.created_at, roles.updated_at 
FROM roles 
WHERE roles.id IN ($1::INTEGER, $2::INTEGER, $3::INTEGER)
2026-09-18 11:48:15,323 INFO sqlalchemy.engine.Engine [cached since 377.9s ago] (2, 19, 7)
2026-09-18 11:48:15,331 INFO sqlalchemy.engine.Engine SELECT permissions.id, permissions.name, permissions.display_name, permissions.category, permissions.is_active, permissions.created_at, permissions.updated_at 
FROM permissions JOIN role_permissions ON permissions.id = role_permissions.permission_id 
WHERE role_permissions.role_id = $1::INTEGER
2026-09-18 11:48:15,332 INFO sqlalchemy.engine.Engine [cached since 377.9s ago] (2,)
2026-09-18 11:48:15,341 INFO sqlalchemy.engine.Engine SELECT permissions.id, permissions.name, permissions.display_name, permissions.category, permissions.is_active, permissions.created_at, permissions.updated_at 
FROM permissions JOIN role_permissions ON permissions.id = role_permissions.permission_id 
WHERE role_permissions.role_id = $1::INTEGER
2026-09-18 11:48:15,342 INFO sqlalchemy.engine.Engine [cached since 377.9s ago] (7,)
2026-09-18 11:48:15,348 INFO sqlalchemy.engine.Engine SELECT permissions.id, permissions.name, permissions.display_name, permissions.category, permissions.is_active, permissions.created_at, permissions.updated_at 
FROM permissions JOIN role_permissions ON permissions.id = role_permissions.permission_id 
WHERE role_permissions.role_id = $1::INTEGER
2026-09-18 11:48:15,349 INFO sqlalchemy.engine.Engine [cached since 377.9s ago] (19,)
2026-09-18 11:48:15,357 INFO sqlalchemy.engine.Engine SELECT isb_logs.id, isb_logs.created_at, isb_logs.severity, isb_logs.category, isb_logs.message, isb_logs.actor_id, isb_logs.sector_id, isb_logs.meta 
FROM isb_logs ORDER BY isb_logs.created_at DESC 
 LIMIT $1::INTEGER
2026-09-18 11:48:15,357 INFO sqlalchemy.engine.Engine [cached since 377.3s ago] (30,)
2026-09-18 11:48:15,364 INFO sqlalchemy.engine.Engine SELECT citizens.id, citizens.discord_id, citizens.username, citizens.minecraft_uuid, citizens.role_ids, citizens.main_role_id, citizens.reputation, citizens.citizenship_date, citizens.last_login, citizens.created_at, citizens.updated_at, citizens.is_active, citizens.is_verified 
FROM citizens 
WHERE citizens.id = $1::INTEGER
2026-09-18 11:48:15,364 INFO sqlalchemy.engine.Engine [cached since 377.3s ago] (2,)
2026-09-18 11:48:15,370 INFO sqlalchemy.engine.Engine SELECT isb_sectors.id, isb_sectors.number, isb_sectors.name, isb_sectors.description, isb_sectors.center_x, isb_sectors.center_z, isb_sectors.threat_level, isb_sectors.is_active, isb_sectors.created_at 
FROM isb_sectors 
WHERE isb_sectors.id = $1::INTEGER
2026-09-18 11:48:15,371 INFO sqlalchemy.engine.Engine [cached since 377.3s ago] (1,)
2026-09-18 11:48:15,377 INFO sqlalchemy.engine.Engine SELECT citizens.id, citizens.discord_id, citizens.username, citizens.minecraft_uuid, citizens.role_ids, citizens.main_role_id, citizens.reputation, citizens.citizenship_date, citizens.last_login, citizens.created_at, citizens.updated_at, citizens.is_active, citizens.is_verified 
FROM citizens 
WHERE citizens.id = $1::INTEGER
2026-09-18 11:48:15,378 INFO sqlalchemy.engine.Engine [cached since 377.3s ago] (2,)
2026-09-18 11:48:15,383 INFO sqlalchemy.engine.Engine SELECT isb_sectors.id, isb_sectors.number, isb_sectors.name, isb_sectors.description, isb_sectors.center_x, isb_sectors.center_z, isb_sectors.threat_level, isb_sectors.is_active, isb_sectors.created_at 
FROM isb_sectors 
WHERE isb_sectors.id = $1::INTEGER
2026-09-18 11:48:15,384 INFO sqlalchemy.engine.Engine [cached since 377.3s ago] (1,)
2026-09-18 11:48:15,389 INFO sqlalchemy.engine.Engine SELECT citizens.id, citizens.discord_id, citizens.username, citizens.minecraft_uuid, citizens.role_ids, citizens.main_role_id, citizens.reputation, citizens.citizenship_date, citizens.last_login, citizens.created_at, citizens.updated_at, citizens.is_active, citizens.is_verified 
FROM citizens 
WHERE citizens.id = $1::INTEGER
2026-09-18 11:48:15,390 INFO sqlalchemy.engine.Engine [cached since 377.4s ago] (2,)
2026-09-18 11:48:15,395 INFO sqlalchemy.engine.Engine SELECT isb_sectors.id, isb_sectors.number, isb_sectors.name, isb_sectors.description, isb_sectors.center_x, isb_sectors.center_z, isb_sectors.threat_level, isb_sectors.is_active, isb_sectors.created_at 
FROM isb_sectors 
WHERE isb_sectors.id = $1::INTEGER
2026-09-18 11:48:15,396 INFO sqlalchemy.engine.Engine [cached since 377.3s ago] (10,)
INFO:     127.0.0.1:57756 - "GET /api/isb/logs?limit=30 HTTP/1.1" 200 OK
2026-09-18 11:48:15,401 INFO sqlalchemy.engine.Engine ROLLBACK
2026-09-18 11:48:25,303 INFO sqlalchemy.engine.Engine BEGIN (implicit)
2026-09-18 11:48:25,304 INFO sqlalchemy.engine.Engine SELECT citizens.id, citizens.discord_id, citizens.username, citizens.minecraft_uuid, citizens.role_ids, citizens.main_role_id, citizens.reputation, citizens.citizenship_date, citizens.last_login, citizens.created_at, citizens.updated_at, citizens.is_active, citizens.is_verified 
FROM citizens 
WHERE citizens.discord_id = $1::BIGINT
2026-09-18 11:48:25,305 INFO sqlalchemy.engine.Engine [cached since 388s ago] (436507782263603200,)
2026-09-18 11:48:25,313 INFO sqlalchemy.engine.Engine BEGIN (implicit)
2026-09-18 11:48:25,314 INFO sqlalchemy.engine.Engine SELECT citizens.id, citizens.discord_id, citizens.username, citizens.minecraft_uuid, citizens.role_ids, citizens.main_role_id, citizens.reputation, citizens.citizenship_date, citizens.last_login, citizens.created_at, citizens.updated_at, citizens.is_active, citizens.is_verified 
FROM citizens 
WHERE citizens.discord_id = $1::BIGINT
2026-09-18 11:48:25,315 INFO sqlalchemy.engine.Engine [cached since 388s ago] (436507782263603200,)
INFO:     127.0.0.1:57772 - "GET /health HTTP/1.1" 200 OK
2026-09-18 11:48:25,330 INFO sqlalchemy.engine.Engine BEGIN (implicit)
2026-09-18 11:48:25,332 INFO sqlalchemy.engine.Engine SELECT citizens.id, citizens.discord_id, citizens.username, citizens.minecraft_uuid, citizens.role_ids, citizens.main_role_id, citizens.reputation, citizens.citizenship_date, citizens.last_login, citizens.created_at, citizens.updated_at, citizens.is_active, citizens.is_verified 
FROM citizens 
WHERE citizens.discord_id = $1::BIGINT
2026-09-18 11:48:25,333 INFO sqlalchemy.engine.Engine [cached since 388s ago] (436507782263603200,)
2026-09-18 11:48:25,341 INFO sqlalchemy.engine.Engine BEGIN (implicit)
2026-09-18 11:48:25,343 INFO sqlalchemy.engine.Engine SELECT count(citizens.id) AS count_1 
FROM citizens
2026-09-18 11:48:25,343 INFO sqlalchemy.engine.Engine [cached since 391.2s ago] ()
2026-09-18 11:48:25,350 INFO sqlalchemy.engine.Engine SELECT roles.id, roles.name, roles.display_name, roles.level, roles.is_active, roles.created_at, roles.updated_at 
FROM roles 
WHERE roles.id IN ($1::INTEGER, $2::INTEGER, $3::INTEGER)
2026-09-18 11:48:25,351 INFO sqlalchemy.engine.Engine [cached since 388s ago] (2, 19, 7)
2026-09-18 11:48:25,359 INFO sqlalchemy.engine.Engine SELECT roles.id, roles.name, roles.display_name, roles.level, roles.is_active, roles.created_at, roles.updated_at 
FROM roles 
WHERE roles.id IN ($1::INTEGER, $2::INTEGER, $3::INTEGER)
2026-09-18 11:48:25,360 INFO sqlalchemy.engine.Engine [cached since 388s ago] (2, 19, 7)
2026-09-18 11:48:25,366 INFO sqlalchemy.engine.Engine SELECT isb_employees.id, isb_employees.citizen_id, isb_employees.service_number, isb_employees.rank_name, isb_employees.rank_short, isb_employees.branch, isb_employees.level, isb_employees.access_level, isb_employees.position, isb_employees.enlisted_at, isb_employees.promoted_at, isb_employees.discharged_at, isb_employees.is_active, isb_employees.can_arrest, isb_employees.can_conduct_searches, isb_employees.can_issue_warrants, isb_employees.can_command, isb_employees.notes, isb_employees.created_at, isb_employees.updated_at 
FROM isb_employees 
WHERE isb_employees.citizen_id = $1::INTEGER
2026-09-18 11:48:25,367 INFO sqlalchemy.engine.Engine [cached since 388s ago] (2,)
2026-09-18 11:48:25,373 INFO sqlalchemy.engine.Engine SELECT permissions.id, permissions.name, permissions.display_name, permissions.category, permissions.is_active, permissions.created_at, permissions.updated_at 
FROM permissions JOIN role_permissions ON permissions.id = role_permissions.permission_id 
WHERE role_permissions.role_id = $1::INTEGER
2026-09-18 11:48:25,374 INFO sqlalchemy.engine.Engine [cached since 388s ago] (2,)
2026-09-18 11:48:25,380 INFO sqlalchemy.engine.Engine SELECT roles.id, roles.name, roles.display_name, roles.level, roles.is_active, roles.created_at, roles.updated_at 
FROM roles ORDER BY roles.level DESC
2026-09-18 11:48:25,381 INFO sqlalchemy.engine.Engine [cached since 387.5s ago] ()
2026-09-18 11:48:25,386 INFO sqlalchemy.engine.Engine SELECT permissions.id, permissions.name, permissions.display_name, permissions.category, permissions.is_active, permissions.created_at, permissions.updated_at 
FROM permissions JOIN role_permissions ON permissions.id = role_permissions.permission_id 
WHERE role_permissions.role_id = $1::INTEGER
2026-09-18 11:48:25,387 INFO sqlalchemy.engine.Engine [cached since 388s ago] (2,)
2026-09-18 11:48:25,396 INFO sqlalchemy.engine.Engine SELECT permissions.id, permissions.name, permissions.display_name, permissions.category, permissions.is_active, permissions.created_at, permissions.updated_at 
FROM permissions JOIN role_permissions ON permissions.id = role_permissions.permission_id 
WHERE role_permissions.role_id = $1::INTEGER
2026-09-18 11:48:25,397 INFO sqlalchemy.engine.Engine [cached since 388s ago] (7,)
INFO:     127.0.0.1:57776 - "GET /api/isb/me/access HTTP/1.1" 200 OK
2026-09-18 11:48:25,401 INFO sqlalchemy.engine.Engine ROLLBACK
2026-09-18 11:48:25,411 INFO sqlalchemy.engine.Engine SELECT roles_1.id AS roles_1_id, permissions.id AS permissions_id, permissions.name AS permissions_name, permissions.display_name AS permissions_display_name, permissions.category AS permissions_category, permissions.is_active AS permissions_is_active, permissions.created_at AS permissions_created_at, permissions.updated_at AS permissions_updated_at 
FROM roles AS roles_1 JOIN role_permissions AS role_permissions_1 ON roles_1.id = role_permissions_1.role_id JOIN permissions ON permissions.id = role_permissions_1.permission_id 
WHERE roles_1.id IN ($1::INTEGER, $2::INTEGER, $3::INTEGER, $4::INTEGER, $5::INTEGER, $6::INTEGER, $7::INTEGER)
2026-09-18 11:48:25,412 INFO sqlalchemy.engine.Engine [cached since 387.5s ago] (2, 15, 16, 17, 18, 19, 7)
2026-09-18 11:48:25,419 INFO sqlalchemy.engine.Engine SELECT permissions.id, permissions.name, permissions.display_name, permissions.category, permissions.is_active, permissions.created_at, permissions.updated_at 
FROM permissions JOIN role_permissions ON permissions.id = role_permissions.permission_id 
WHERE role_permissions.role_id = $1::INTEGER
2026-09-18 11:48:25,421 INFO sqlalchemy.engine.Engine [cached since 388s ago] (7,)
2026-09-18 11:48:25,428 INFO sqlalchemy.engine.Engine SELECT permissions.id, permissions.name, permissions.display_name, permissions.category, permissions.is_active, permissions.created_at, permissions.updated_at 
FROM permissions JOIN role_permissions ON permissions.id = role_permissions.permission_id 
WHERE role_permissions.role_id = $1::INTEGER
2026-09-18 11:48:25,428 INFO sqlalchemy.engine.Engine [cached since 388s ago] (19,)
2026-09-18 11:48:25,438 INFO sqlalchemy.engine.Engine SELECT permissions.id, permissions.name, permissions.display_name, permissions.category, permissions.is_active, permissions.created_at, permissions.updated_at 
FROM permissions JOIN role_permissions ON permissions.id = role_permissions.permission_id 
WHERE role_permissions.role_id = $1::INTEGER
2026-09-18 11:48:25,439 INFO sqlalchemy.engine.Engine [cached since 388s ago] (19,)
2026-09-18 11:48:25,450 INFO sqlalchemy.engine.Engine SELECT citizens.id, citizens.discord_id, citizens.username, citizens.minecraft_uuid, citizens.role_ids, citizens.main_role_id, citizens.reputation, citizens.citizenship_date, citizens.last_login, citizens.created_at, citizens.updated_at, citizens.is_active, citizens.is_verified 
FROM citizens ORDER BY citizens.citizenship_date DESC 
 LIMIT $1::INTEGER OFFSET $2::INTEGER
2026-09-18 11:48:25,451 INFO sqlalchemy.engine.Engine [cached since 387.5s ago] (10000, 0)
2026-09-18 11:48:25,458 INFO sqlalchemy.engine.Engine SELECT isb_logs.id, isb_logs.created_at, isb_logs.severity, isb_logs.category, isb_logs.message, isb_logs.actor_id, isb_logs.sector_id, isb_logs.meta 
FROM isb_logs ORDER BY isb_logs.created_at DESC 
 LIMIT $1::INTEGER
2026-09-18 11:48:25,459 INFO sqlalchemy.engine.Engine [cached since 387.4s ago] (30,)
2026-09-18 11:48:25,465 INFO sqlalchemy.engine.Engine SELECT isb_sectors.id, isb_sectors.number, isb_sectors.name, isb_sectors.description, isb_sectors.center_x, isb_sectors.center_z, isb_sectors.threat_level, isb_sectors.is_active, isb_sectors.created_at 
FROM isb_sectors ORDER BY isb_sectors.number
2026-09-18 11:48:25,466 INFO sqlalchemy.engine.Engine [cached since 387.4s ago] ()
INFO:     127.0.0.1:57772 - "GET /api/stats HTTP/1.1" 200 OK
2026-09-18 11:48:25,472 INFO sqlalchemy.engine.Engine ROLLBACK
2026-09-18 11:48:25,483 INFO sqlalchemy.engine.Engine SELECT citizens.id, citizens.discord_id, citizens.username, citizens.minecraft_uuid, citizens.role_ids, citizens.main_role_id, citizens.reputation, citizens.citizenship_date, citizens.last_login, citizens.created_at, citizens.updated_at, citizens.is_active, citizens.is_verified 
FROM citizens 
WHERE citizens.id = $1::INTEGER
2026-09-18 11:48:25,483 INFO sqlalchemy.engine.Engine [cached since 387.5s ago] (2,)
2026-09-18 11:48:25,487 INFO sqlalchemy.engine.Engine SELECT isb_sector_assignments.id, isb_sector_assignments.sector_id, isb_sector_assignments.employee_id, isb_sector_assignments.assigned_at, isb_sector_assignments.is_leader, isb_sector_assignments.notes 
FROM isb_sector_assignments 
WHERE isb_sector_assignments.sector_id = $1::INTEGER
2026-09-18 11:48:25,487 INFO sqlalchemy.engine.Engine [cached since 387.4s ago] (1,)
2026-09-18 11:48:25,490 INFO sqlalchemy.engine.Engine SELECT isb_sectors.id, isb_sectors.number, isb_sectors.name, isb_sectors.description, isb_sectors.center_x, isb_sectors.center_z, isb_sectors.threat_level, isb_sectors.is_active, isb_sectors.created_at 
FROM isb_sectors 
WHERE isb_sectors.id = $1::INTEGER
2026-09-18 11:48:25,490 INFO sqlalchemy.engine.Engine [cached since 387.4s ago] (1,)
2026-09-18 11:48:25,494 INFO sqlalchemy.engine.Engine BEGIN (implicit)
2026-09-18 11:48:25,495 INFO sqlalchemy.engine.Engine SELECT citizens.id, citizens.discord_id, citizens.username, citizens.minecraft_uuid, citizens.role_ids, citizens.main_role_id, citizens.reputation, citizens.citizenship_date, citizens.last_login, citizens.created_at, citizens.updated_at, citizens.is_active, citizens.is_verified 
FROM citizens 
WHERE citizens.discord_id = $1::BIGINT
2026-09-18 11:48:25,495 INFO sqlalchemy.engine.Engine [cached since 388.2s ago] (436507782263603200,)
2026-09-18 11:48:25,500 INFO sqlalchemy.engine.Engine SELECT roles.id, roles.name, roles.display_name, roles.level, roles.is_active, roles.created_at, roles.updated_at 
FROM roles 
WHERE roles.id IN ($1::INTEGER, $2::INTEGER, $3::INTEGER)
2026-09-18 11:48:25,501 INFO sqlalchemy.engine.Engine [cached since 388.1s ago] (2, 19, 7)
2026-09-18 11:48:25,504 INFO sqlalchemy.engine.Engine SELECT citizens.id, citizens.discord_id, citizens.username, citizens.minecraft_uuid, citizens.role_ids, citizens.main_role_id, citizens.reputation, citizens.citizenship_date, citizens.last_login, citizens.created_at, citizens.updated_at, citizens.is_active, citizens.is_verified 
FROM citizens 
WHERE citizens.id = $1::INTEGER
2026-09-18 11:48:25,504 INFO sqlalchemy.engine.Engine [cached since 387.5s ago] (2,)
2026-09-18 11:48:25,506 INFO sqlalchemy.engine.Engine SELECT isb_employees.id, isb_employees.citizen_id, isb_employees.service_number, isb_employees.rank_name, isb_employees.rank_short, isb_employees.branch, isb_employees.level, isb_employees.access_level, isb_employees.position, isb_employees.enlisted_at, isb_employees.promoted_at, isb_employees.discharged_at, isb_employees.is_active, isb_employees.can_arrest, isb_employees.can_conduct_searches, isb_employees.can_issue_warrants, isb_employees.can_command, isb_employees.notes, isb_employees.created_at, isb_employees.updated_at 
FROM isb_employees 
WHERE isb_employees.id = $1::INTEGER
2026-09-18 11:48:25,507 INFO sqlalchemy.engine.Engine [cached since 387.5s ago] (2,)
2026-09-18 11:48:25,510 INFO sqlalchemy.engine.Engine SELECT permissions.id, permissions.name, permissions.display_name, permissions.category, permissions.is_active, permissions.created_at, permissions.updated_at 
FROM permissions JOIN role_permissions ON permissions.id = role_permissions.permission_id 
WHERE role_permissions.role_id = $1::INTEGER
2026-09-18 11:48:25,510 INFO sqlalchemy.engine.Engine [cached since 388.1s ago] (2,)
2026-09-18 11:48:25,514 INFO sqlalchemy.engine.Engine SELECT isb_sectors.id, isb_sectors.number, isb_sectors.name, isb_sectors.description, isb_sectors.center_x, isb_sectors.center_z, isb_sectors.threat_level, isb_sectors.is_active, isb_sectors.created_at 
FROM isb_sectors 
WHERE isb_sectors.id = $1::INTEGER
2026-09-18 11:48:25,515 INFO sqlalchemy.engine.Engine [cached since 387.5s ago] (1,)
2026-09-18 11:48:25,521 INFO sqlalchemy.engine.Engine SELECT permissions.id, permissions.name, permissions.display_name, permissions.category, permissions.is_active, permissions.created_at, permissions.updated_at 
FROM permissions JOIN role_permissions ON permissions.id = role_permissions.permission_id 
WHERE role_permissions.role_id = $1::INTEGER
2026-09-18 11:48:25,521 INFO sqlalchemy.engine.Engine [cached since 388.1s ago] (7,)
2026-09-18 11:48:25,524 INFO sqlalchemy.engine.Engine SELECT citizens.id, citizens.discord_id, citizens.username, citizens.minecraft_uuid, citizens.role_ids, citizens.main_role_id, citizens.reputation, citizens.citizenship_date, citizens.last_login, citizens.created_at, citizens.updated_at, citizens.is_active, citizens.is_verified 
FROM citizens 
WHERE citizens.id = $1::INTEGER
2026-09-18 11:48:25,525 INFO sqlalchemy.engine.Engine [cached since 387.5s ago] (2,)
2026-09-18 11:48:25,527 INFO sqlalchemy.engine.Engine SELECT citizens.id, citizens.discord_id, citizens.username, citizens.minecraft_uuid, citizens.role_ids, citizens.main_role_id, citizens.reputation, citizens.citizenship_date, citizens.last_login, citizens.created_at, citizens.updated_at, citizens.is_active, citizens.is_verified 
FROM citizens 
WHERE citizens.id = $1::INTEGER
2026-09-18 11:48:25,527 INFO sqlalchemy.engine.Engine [cached since 387.5s ago] (4,)
2026-09-18 11:48:25,530 INFO sqlalchemy.engine.Engine SELECT permissions.id, permissions.name, permissions.display_name, permissions.category, permissions.is_active, permissions.created_at, permissions.updated_at 
FROM permissions JOIN role_permissions ON permissions.id = role_permissions.permission_id 
WHERE role_permissions.role_id = $1::INTEGER
2026-09-18 11:48:25,531 INFO sqlalchemy.engine.Engine [cached since 388.1s ago] (19,)
2026-09-18 11:48:25,533 INFO sqlalchemy.engine.Engine SELECT isb_employees.id, isb_employees.citizen_id, isb_employees.service_number, isb_employees.rank_name, isb_employees.rank_short, isb_employees.branch, isb_employees.level, isb_employees.access_level, isb_employees.position, isb_employees.enlisted_at, isb_employees.promoted_at, isb_employees.discharged_at, isb_employees.is_active, isb_employees.can_arrest, isb_employees.can_conduct_searches, isb_employees.can_issue_warrants, isb_employees.can_command, isb_employees.notes, isb_employees.created_at, isb_employees.updated_at 
FROM isb_employees 
WHERE isb_employees.id = $1::INTEGER
2026-09-18 11:48:25,534 INFO sqlalchemy.engine.Engine [cached since 387.5s ago] (1,)
2026-09-18 11:48:25,536 INFO sqlalchemy.engine.Engine SELECT isb_sectors.id, isb_sectors.number, isb_sectors.name, isb_sectors.description, isb_sectors.center_x, isb_sectors.center_z, isb_sectors.threat_level, isb_sectors.is_active, isb_sectors.created_at 
FROM isb_sectors 
WHERE isb_sectors.id = $1::INTEGER
2026-09-18 11:48:25,537 INFO sqlalchemy.engine.Engine [cached since 387.5s ago] (10,)
2026-09-18 11:48:25,541 INFO sqlalchemy.engine.Engine SELECT roles.id, roles.name, roles.display_name, roles.level, roles.is_active, roles.created_at, roles.updated_at 
FROM roles 
WHERE roles.id IN ($1::INTEGER, $2::INTEGER, $3::INTEGER)
2026-09-18 11:48:25,541 INFO sqlalchemy.engine.Engine [cached since 388.1s ago] (2, 19, 7)
INFO:     127.0.0.1:57768 - "GET /api/isb/logs?limit=30 HTTP/1.1" 200 OK
2026-09-18 11:48:25,544 INFO sqlalchemy.engine.Engine ROLLBACK
2026-09-18 11:48:25,546 INFO sqlalchemy.engine.Engine SELECT citizens.id, citizens.discord_id, citizens.username, citizens.minecraft_uuid, citizens.role_ids, citizens.main_role_id, citizens.reputation, citizens.citizenship_date, citizens.last_login, citizens.created_at, citizens.updated_at, citizens.is_active, citizens.is_verified 
FROM citizens 
WHERE citizens.id = $1::INTEGER
2026-09-18 11:48:25,547 INFO sqlalchemy.engine.Engine [cached since 387.5s ago] (2,)
2026-09-18 11:48:25,550 INFO sqlalchemy.engine.Engine SELECT permissions.id, permissions.name, permissions.display_name, permissions.category, permissions.is_active, permissions.created_at, permissions.updated_at 
FROM permissions JOIN role_permissions ON permissions.id = role_permissions.permission_id 
WHERE role_permissions.role_id = $1::INTEGER
2026-09-18 11:48:25,550 INFO sqlalchemy.engine.Engine [cached since 388.1s ago] (2,)
2026-09-18 11:48:25,554 INFO sqlalchemy.engine.Engine SELECT isb_sector_assignments.id, isb_sector_assignments.sector_id, isb_sector_assignments.employee_id, isb_sector_assignments.assigned_at, isb_sector_assignments.is_leader, isb_sector_assignments.notes 
FROM isb_sector_assignments 
WHERE isb_sector_assignments.sector_id = $1::INTEGER
2026-09-18 11:48:25,554 INFO sqlalchemy.engine.Engine [cached since 387.5s ago] (2,)
2026-09-18 11:48:25,558 INFO sqlalchemy.engine.Engine SELECT permissions.id, permissions.name, permissions.display_name, permissions.category, permissions.is_active, permissions.created_at, permissions.updated_at 
FROM permissions JOIN role_permissions ON permissions.id = role_permissions.permission_id 
WHERE role_permissions.role_id = $1::INTEGER
2026-09-18 11:48:25,559 INFO sqlalchemy.engine.Engine [cached since 388.1s ago] (7,)
2026-09-18 11:48:25,561 INFO sqlalchemy.engine.Engine SELECT isb_sector_assignments.id, isb_sector_assignments.sector_id, isb_sector_assignments.employee_id, isb_sector_assignments.assigned_at, isb_sector_assignments.is_leader, isb_sector_assignments.notes 
FROM isb_sector_assignments 
WHERE isb_sector_assignments.sector_id = $1::INTEGER
2026-09-18 11:48:25,562 INFO sqlalchemy.engine.Engine [cached since 387.5s ago] (3,)
2026-09-18 11:48:25,565 INFO sqlalchemy.engine.Engine SELECT permissions.id, permissions.name, permissions.display_name, permissions.category, permissions.is_active, permissions.created_at, permissions.updated_at 
FROM permissions JOIN role_permissions ON permissions.id = role_permissions.permission_id 
WHERE role_permissions.role_id = $1::INTEGER
2026-09-18 11:48:25,565 INFO sqlalchemy.engine.Engine [cached since 388.2s ago] (19,)
2026-09-18 11:48:25,568 INFO sqlalchemy.engine.Engine SELECT isb_sector_assignments.id, isb_sector_assignments.sector_id, isb_sector_assignments.employee_id, isb_sector_assignments.assigned_at, isb_sector_assignments.is_leader, isb_sector_assignments.notes 
FROM isb_sector_assignments 
WHERE isb_sector_assignments.sector_id = $1::INTEGER
2026-09-18 11:48:25,570 INFO sqlalchemy.engine.Engine [cached since 387.5s ago] (4,)
2026-09-18 11:48:25,574 INFO sqlalchemy.engine.Engine SELECT algorithms.id, algorithms.number, algorithms.title, algorithms.description, algorithms.task_type, algorithms.scope, algorithms.status, algorithms.deadline, algorithms.reward_reputation, algorithms.created_by, algorithms.max_participants, algorithms.created_at, algorithms.updated_at 
FROM algorithms ORDER BY algorithms.created_at DESC 
 LIMIT $1::INTEGER OFFSET $2::INTEGER
2026-09-18 11:48:25,574 INFO sqlalchemy.engine.Engine [cached since 387.4s ago] (200, 0)
2026-09-18 11:48:25,577 INFO sqlalchemy.engine.Engine SELECT isb_sector_assignments.id, isb_sector_assignments.sector_id, isb_sector_assignments.employee_id, isb_sector_assignments.assigned_at, isb_sector_assignments.is_leader, isb_sector_assignments.notes 
FROM isb_sector_assignments 
WHERE isb_sector_assignments.sector_id = $1::INTEGER
2026-09-18 11:48:25,577 INFO sqlalchemy.engine.Engine [cached since 387.5s ago] (5,)
INFO:     127.0.0.1:57772 - "GET /api/algorithms HTTP/1.1" 200 OK
2026-09-18 11:48:25,580 INFO sqlalchemy.engine.Engine ROLLBACK
2026-09-18 11:48:25,582 INFO sqlalchemy.engine.Engine SELECT isb_sector_assignments.id, isb_sector_assignments.sector_id, isb_sector_assignments.employee_id, isb_sector_assignments.assigned_at, isb_sector_assignments.is_leader, isb_sector_assignments.notes 
FROM isb_sector_assignments 
WHERE isb_sector_assignments.sector_id = $1::INTEGER
2026-09-18 11:48:25,583 INFO sqlalchemy.engine.Engine [cached since 387.5s ago] (6,)
2026-09-18 11:48:25,587 INFO sqlalchemy.engine.Engine SELECT isb_sector_assignments.id, isb_sector_assignments.sector_id, isb_sector_assignments.employee_id, isb_sector_assignments.assigned_at, isb_sector_assignments.is_leader, isb_sector_assignments.notes 
FROM isb_sector_assignments 
WHERE isb_sector_assignments.sector_id = $1::INTEGER
2026-09-18 11:48:25,587 INFO sqlalchemy.engine.Engine [cached since 387.5s ago] (7,)
2026-09-18 11:48:25,590 INFO sqlalchemy.engine.Engine SELECT isb_sector_assignments.id, isb_sector_assignments.sector_id, isb_sector_assignments.employee_id, isb_sector_assignments.assigned_at, isb_sector_assignments.is_leader, isb_sector_assignments.notes 
FROM isb_sector_assignments 
WHERE isb_sector_assignments.sector_id = $1::INTEGER
2026-09-18 11:48:25,591 INFO sqlalchemy.engine.Engine [cached since 387.6s ago] (8,)
2026-09-18 11:48:25,594 INFO sqlalchemy.engine.Engine SELECT isb_sector_assignments.id, isb_sector_assignments.sector_id, isb_sector_assignments.employee_id, isb_sector_assignments.assigned_at, isb_sector_assignments.is_leader, isb_sector_assignments.notes 
FROM isb_sector_assignments 
WHERE isb_sector_assignments.sector_id = $1::INTEGER
2026-09-18 11:48:25,595 INFO sqlalchemy.engine.Engine [cached since 387.6s ago] (9,)
2026-09-18 11:48:25,598 INFO sqlalchemy.engine.Engine BEGIN (implicit)
2026-09-18 11:48:25,599 INFO sqlalchemy.engine.Engine SELECT citizens.id, citizens.discord_id, citizens.username, citizens.minecraft_uuid, citizens.role_ids, citizens.main_role_id, citizens.reputation, citizens.citizenship_date, citizens.last_login, citizens.created_at, citizens.updated_at, citizens.is_active, citizens.is_verified 
FROM citizens 
WHERE citizens.username ILIKE $1::VARCHAR OR citizens.minecraft_uuid ILIKE $2::VARCHAR 
 LIMIT $3::INTEGER
2026-09-18 11:48:25,600 INFO sqlalchemy.engine.Engine [cached since 387.4s ago] ('%test%', '%test%', 10)
2026-09-18 11:48:25,602 INFO sqlalchemy.engine.Engine SELECT isb_sector_assignments.id, isb_sector_assignments.sector_id, isb_sector_assignments.employee_id, isb_sector_assignments.assigned_at, isb_sector_assignments.is_leader, isb_sector_assignments.notes 
FROM isb_sector_assignments 
WHERE isb_sector_assignments.sector_id = $1::INTEGER
2026-09-18 11:48:25,603 INFO sqlalchemy.engine.Engine [cached since 387.6s ago] (10,)
2026-09-18 11:48:25,606 INFO sqlalchemy.engine.Engine SELECT isb_employees.id, isb_employees.citizen_id, isb_employees.service_number, isb_employees.rank_name, isb_employees.rank_short, isb_employees.branch, isb_employees.level, isb_employees.access_level, isb_employees.position, isb_employees.enlisted_at, isb_employees.promoted_at, isb_employees.discharged_at, isb_employees.is_active, isb_employees.can_arrest, isb_employees.can_conduct_searches, isb_employees.can_issue_warrants, isb_employees.can_command, isb_employees.notes, isb_employees.created_at, isb_employees.updated_at 
FROM isb_employees 
WHERE isb_employees.id = $1::INTEGER
2026-09-18 11:48:25,607 INFO sqlalchemy.engine.Engine [cached since 387.6s ago] (2,)
2026-09-18 11:48:25,609 INFO sqlalchemy.engine.Engine SELECT roles.id, roles.name, roles.display_name, roles.level, roles.is_active, roles.created_at, roles.updated_at 
FROM roles 
WHERE roles.name ILIKE $1::VARCHAR OR roles.display_name ILIKE $2::VARCHAR 
 LIMIT $3::INTEGER
2026-09-18 11:48:25,610 INFO sqlalchemy.engine.Engine [cached since 387.4s ago] ('%test%', '%test%', 5)
2026-09-18 11:48:25,612 INFO sqlalchemy.engine.Engine SELECT citizens.id, citizens.discord_id, citizens.username, citizens.minecraft_uuid, citizens.role_ids, citizens.main_role_id, citizens.reputation, citizens.citizenship_date, citizens.last_login, citizens.created_at, citizens.updated_at, citizens.is_active, citizens.is_verified 
FROM citizens 
WHERE citizens.id = $1::INTEGER
2026-09-18 11:48:25,613 INFO sqlalchemy.engine.Engine [cached since 387.6s ago] (4,)
2026-09-18 11:48:25,616 INFO sqlalchemy.engine.Engine SELECT isb_awards.id, isb_awards.name, isb_awards.display_name, isb_awards.description, isb_awards.icon, isb_awards.rarity, isb_awards.category, isb_awards.is_active, isb_awards.created_at 
FROM isb_awards 
WHERE isb_awards.name ILIKE $1::VARCHAR OR isb_awards.display_name ILIKE $2::VARCHAR OR isb_awards.description ILIKE $3::VARCHAR 
 LIMIT $4::INTEGER
2026-09-18 11:48:25,616 INFO sqlalchemy.engine.Engine [cached since 387.4s ago] ('%test%', '%test%', '%test%', 5)
INFO:     127.0.0.1:57764 - "GET /api/isb/sectors HTTP/1.1" 200 OK
2026-09-18 11:48:25,621 INFO sqlalchemy.engine.Engine ROLLBACK
2026-09-18 11:48:25,624 INFO sqlalchemy.engine.Engine SELECT isb_employees.id, isb_employees.citizen_id, isb_employees.service_number, isb_employees.rank_name, isb_employees.rank_short, isb_employees.branch, isb_employees.level, isb_employees.access_level, isb_employees.position, isb_employees.enlisted_at, isb_employees.promoted_at, isb_employees.discharged_at, isb_employees.is_active, isb_employees.can_arrest, isb_employees.can_conduct_searches, isb_employees.can_issue_warrants, isb_employees.can_command, isb_employees.notes, isb_employees.created_at, isb_employees.updated_at 
FROM isb_employees 
WHERE isb_employees.service_number ILIKE $1::VARCHAR OR isb_employees.rank_name ILIKE $2::VARCHAR OR isb_employees.position ILIKE $3::VARCHAR 
 LIMIT $4::INTEGER
2026-09-18 11:48:25,624 INFO sqlalchemy.engine.Engine [cached since 387.4s ago] ('%test%', '%test%', '%test%', 10)
INFO:     127.0.0.1:57772 - "GET /api/search?q=test HTTP/1.1" 200 OK
2026-09-18 11:48:25,629 INFO sqlalchemy.engine.Engine ROLLBACK
2026-09-18 11:48:25,657 INFO sqlalchemy.engine.Engine BEGIN (implicit)
2026-09-18 11:48:25,658 INFO sqlalchemy.engine.Engine SELECT citizens.id, citizens.discord_id, citizens.username, citizens.minecraft_uuid, citizens.role_ids, citizens.main_role_id, citizens.reputation, citizens.citizenship_date, citizens.last_login, citizens.created_at, citizens.updated_at, citizens.is_active, citizens.is_verified 
FROM citizens 
WHERE citizens.discord_id = $1::BIGINT
2026-09-18 11:48:25,658 INFO sqlalchemy.engine.Engine [cached since 388.3s ago] (436507782263603200,)
2026-09-18 11:48:25,663 INFO sqlalchemy.engine.Engine SELECT roles.id, roles.name, roles.display_name, roles.level, roles.is_active, roles.created_at, roles.updated_at 
FROM roles 
WHERE roles.id IN ($1::INTEGER, $2::INTEGER, $3::INTEGER)
2026-09-18 11:48:25,664 INFO sqlalchemy.engine.Engine [cached since 388.3s ago] (2, 19, 7)
2026-09-18 11:48:25,668 INFO sqlalchemy.engine.Engine SELECT permissions.id, permissions.name, permissions.display_name, permissions.category, permissions.is_active, permissions.created_at, permissions.updated_at 
FROM permissions JOIN role_permissions ON permissions.id = role_permissions.permission_id 
WHERE role_permissions.role_id = $1::INTEGER
2026-09-18 11:48:25,668 INFO sqlalchemy.engine.Engine [cached since 388.3s ago] (2,)
2026-09-18 11:48:25,673 INFO sqlalchemy.engine.Engine SELECT permissions.id, permissions.name, permissions.display_name, permissions.category, permissions.is_active, permissions.created_at, permissions.updated_at 
FROM permissions JOIN role_permissions ON permissions.id = role_permissions.permission_id 
WHERE role_permissions.role_id = $1::INTEGER
2026-09-18 11:48:25,674 INFO sqlalchemy.engine.Engine [cached since 388.3s ago] (7,)
2026-09-18 11:48:25,678 INFO sqlalchemy.engine.Engine SELECT permissions.id, permissions.name, permissions.display_name, permissions.category, permissions.is_active, permissions.created_at, permissions.updated_at 
FROM permissions JOIN role_permissions ON permissions.id = role_permissions.permission_id 
WHERE role_permissions.role_id = $1::INTEGER
2026-09-18 11:48:25,679 INFO sqlalchemy.engine.Engine [cached since 388.3s ago] (19,)
2026-09-18 11:48:25,684 INFO sqlalchemy.engine.Engine SELECT roles.id, roles.name, roles.display_name, roles.level, roles.is_active, roles.created_at, roles.updated_at 
FROM roles 
WHERE roles.id IN ($1::INTEGER, $2::INTEGER, $3::INTEGER)
2026-09-18 11:48:25,684 INFO sqlalchemy.engine.Engine [cached since 388.3s ago] (2, 19, 7)
2026-09-18 11:48:25,689 INFO sqlalchemy.engine.Engine SELECT permissions.id, permissions.name, permissions.display_name, permissions.category, permissions.is_active, permissions.created_at, permissions.updated_at 
FROM permissions JOIN role_permissions ON permissions.id = role_permissions.permission_id 
WHERE role_permissions.role_id = $1::INTEGER
2026-09-18 11:48:25,689 INFO sqlalchemy.engine.Engine [cached since 388.3s ago] (2,)
2026-09-18 11:48:25,695 INFO sqlalchemy.engine.Engine SELECT permissions.id, permissions.name, permissions.display_name, permissions.category, permissions.is_active, permissions.created_at, permissions.updated_at 
FROM permissions JOIN role_permissions ON permissions.id = role_permissions.permission_id 
WHERE role_permissions.role_id = $1::INTEGER
2026-09-18 11:48:25,695 INFO sqlalchemy.engine.Engine [cached since 388.3s ago] (7,)
2026-09-18 11:48:25,699 INFO sqlalchemy.engine.Engine SELECT permissions.id, permissions.name, permissions.display_name, permissions.category, permissions.is_active, permissions.created_at, permissions.updated_at 
FROM permissions JOIN role_permissions ON permissions.id = role_permissions.permission_id 
WHERE role_permissions.role_id = $1::INTEGER
2026-09-18 11:48:25,700 INFO sqlalchemy.engine.Engine [cached since 388.3s ago] (19,)
2026-09-18 11:48:25,705 INFO sqlalchemy.engine.Engine SELECT algorithms.id, algorithms.number, algorithms.title, algorithms.description, algorithms.task_type, algorithms.scope, algorithms.status, algorithms.deadline, algorithms.reward_reputation, algorithms.created_by, algorithms.max_participants, algorithms.created_at, algorithms.updated_at 
FROM algorithms ORDER BY algorithms.created_at DESC 
 LIMIT $1::INTEGER OFFSET $2::INTEGER
2026-09-18 11:48:25,705 INFO sqlalchemy.engine.Engine [cached since 387.6s ago] (200, 0)
INFO:     127.0.0.1:57772 - "GET /api/algorithms HTTP/1.1" 200 OK
2026-09-18 11:48:25,709 INFO sqlalchemy.engine.Engine ROLLBACK
2026-09-18 11:48:27,293 INFO sqlalchemy.engine.Engine BEGIN (implicit)
2026-09-18 11:48:27,296 INFO sqlalchemy.engine.Engine SELECT citizens.id, citizens.discord_id, citizens.username, citizens.minecraft_uuid, citizens.role_ids, citizens.main_role_id, citizens.reputation, citizens.citizenship_date, citizens.last_login, citizens.created_at, citizens.updated_at, citizens.is_active, citizens.is_verified 
FROM citizens 
WHERE citizens.discord_id = $1::BIGINT
2026-09-18 11:48:27,297 INFO sqlalchemy.engine.Engine [cached since 390s ago] (436507782263603200,)
2026-09-18 11:48:27,308 INFO sqlalchemy.engine.Engine SELECT roles.id, roles.name, roles.display_name, roles.level, roles.is_active, roles.created_at, roles.updated_at 
FROM roles 
WHERE roles.id IN ($1::INTEGER, $2::INTEGER, $3::INTEGER)
2026-09-18 11:48:27,309 INFO sqlalchemy.engine.Engine [cached since 389.9s ago] (2, 19, 7)
2026-09-18 11:48:27,317 INFO sqlalchemy.engine.Engine SELECT permissions.id, permissions.name, permissions.display_name, permissions.category, permissions.is_active, permissions.created_at, permissions.updated_at 
FROM permissions JOIN role_permissions ON permissions.id = role_permissions.permission_id 
WHERE role_permissions.role_id = $1::INTEGER
2026-09-18 11:48:27,318 INFO sqlalchemy.engine.Engine [cached since 389.9s ago] (2,)
2026-09-18 11:48:27,331 INFO sqlalchemy.engine.Engine SELECT permissions.id, permissions.name, permissions.display_name, permissions.category, permissions.is_active, permissions.created_at, permissions.updated_at 
FROM permissions JOIN role_permissions ON permissions.id = role_permissions.permission_id 
WHERE role_permissions.role_id = $1::INTEGER
2026-09-18 11:48:27,332 INFO sqlalchemy.engine.Engine [cached since 389.9s ago] (7,)
2026-09-18 11:48:27,345 INFO sqlalchemy.engine.Engine SELECT permissions.id, permissions.name, permissions.display_name, permissions.category, permissions.is_active, permissions.created_at, permissions.updated_at 
FROM permissions JOIN role_permissions ON permissions.id = role_permissions.permission_id 
WHERE role_permissions.role_id = $1::INTEGER
2026-09-18 11:48:27,346 INFO sqlalchemy.engine.Engine [cached since 389.9s ago] (19,)
2026-09-18 11:48:27,355 INFO sqlalchemy.engine.Engine SELECT isb_employees.id, isb_employees.citizen_id, isb_employees.service_number, isb_employees.rank_name, isb_employees.rank_short, isb_employees.branch, isb_employees.level, isb_employees.access_level, isb_employees.position, isb_employees.enlisted_at, isb_employees.promoted_at, isb_employees.discharged_at, isb_employees.is_active, isb_employees.can_arrest, isb_employees.can_conduct_searches, isb_employees.can_issue_warrants, isb_employees.can_command, isb_employees.notes, isb_employees.created_at, isb_employees.updated_at 
FROM isb_employees ORDER BY isb_employees.level DESC
2026-09-18 11:48:27,356 INFO sqlalchemy.engine.Engine [cached since 389.5s ago] ()
2026-09-18 11:48:27,363 INFO sqlalchemy.engine.Engine SELECT citizens.id, citizens.discord_id, citizens.username, citizens.minecraft_uuid, citizens.role_ids, citizens.main_role_id, citizens.reputation, citizens.citizenship_date, citizens.last_login, citizens.created_at, citizens.updated_at, citizens.is_active, citizens.is_verified 
FROM citizens 
WHERE citizens.id IN ($1::INTEGER, $2::INTEGER)
2026-09-18 11:48:27,363 INFO sqlalchemy.engine.Engine [cached since 389.5s ago] (2, 4)
INFO:     127.0.0.1:57772 - "GET /api/admin/isb/employees HTTP/1.1" 200 OK
2026-09-18 11:48:27,372 INFO sqlalchemy.engine.Engine ROLLBACK
2026-09-18 11:48:35,298 INFO sqlalchemy.engine.Engine BEGIN (implicit)
2026-09-18 11:48:35,298 INFO sqlalchemy.engine.Engine SELECT citizens.id, citizens.discord_id, citizens.username, citizens.minecraft_uuid, citizens.role_ids, citizens.main_role_id, citizens.reputation, citizens.citizenship_date, citizens.last_login, citizens.created_at, citizens.updated_at, citizens.is_active, citizens.is_verified 
FROM citizens 
WHERE citizens.discord_id = $1::BIGINT
2026-09-18 11:48:35,298 INFO sqlalchemy.engine.Engine [cached since 398s ago] (436507782263603200,)
2026-09-18 11:48:35,302 INFO sqlalchemy.engine.Engine SELECT roles.id, roles.name, roles.display_name, roles.level, roles.is_active, roles.created_at, roles.updated_at 
FROM roles 
WHERE roles.id IN ($1::INTEGER, $2::INTEGER, $3::INTEGER)
2026-09-18 11:48:35,302 INFO sqlalchemy.engine.Engine [cached since 397.9s ago] (2, 19, 7)
2026-09-18 11:48:35,304 INFO sqlalchemy.engine.Engine SELECT permissions.id, permissions.name, permissions.display_name, permissions.category, permissions.is_active, permissions.created_at, permissions.updated_at 
FROM permissions JOIN role_permissions ON permissions.id = role_permissions.permission_id 
WHERE role_permissions.role_id = $1::INTEGER
2026-09-18 11:48:35,304 INFO sqlalchemy.engine.Engine [cached since 397.9s ago] (2,)
2026-09-18 11:48:35,307 INFO sqlalchemy.engine.Engine SELECT permissions.id, permissions.name, permissions.display_name, permissions.category, permissions.is_active, permissions.created_at, permissions.updated_at 
FROM permissions JOIN role_permissions ON permissions.id = role_permissions.permission_id 
WHERE role_permissions.role_id = $1::INTEGER
2026-09-18 11:48:35,307 INFO sqlalchemy.engine.Engine [cached since 397.9s ago] (7,)
2026-09-18 11:48:35,309 INFO sqlalchemy.engine.Engine SELECT permissions.id, permissions.name, permissions.display_name, permissions.category, permissions.is_active, permissions.created_at, permissions.updated_at 
FROM permissions JOIN role_permissions ON permissions.id = role_permissions.permission_id 
WHERE role_permissions.role_id = $1::INTEGER
2026-09-18 11:48:35,309 INFO sqlalchemy.engine.Engine [cached since 397.9s ago] (19,)
2026-09-18 11:48:35,311 INFO sqlalchemy.engine.Engine SELECT isb_logs.id, isb_logs.created_at, isb_logs.severity, isb_logs.category, isb_logs.message, isb_logs.actor_id, isb_logs.sector_id, isb_logs.meta 
FROM isb_logs ORDER BY isb_logs.created_at DESC 
 LIMIT $1::INTEGER
2026-09-18 11:48:35,311 INFO sqlalchemy.engine.Engine [cached since 397.3s ago] (30,)
2026-09-18 11:48:35,314 INFO sqlalchemy.engine.Engine SELECT citizens.id, citizens.discord_id, citizens.username, citizens.minecraft_uuid, citizens.role_ids, citizens.main_role_id, citizens.reputation, citizens.citizenship_date, citizens.last_login, citizens.created_at, citizens.updated_at, citizens.is_active, citizens.is_verified 
FROM citizens 
WHERE citizens.id = $1::INTEGER
2026-09-18 11:48:35,314 INFO sqlalchemy.engine.Engine [cached since 397.3s ago] (2,)
2026-09-18 11:48:35,316 INFO sqlalchemy.engine.Engine SELECT isb_sectors.id, isb_sectors.number, isb_sectors.name, isb_sectors.description, isb_sectors.center_x, isb_sectors.center_z, isb_sectors.threat_level, isb_sectors.is_active, isb_sectors.created_at 
FROM isb_sectors 
WHERE isb_sectors.id = $1::INTEGER
2026-09-18 11:48:35,316 INFO sqlalchemy.engine.Engine [cached since 397.3s ago] (1,)
2026-09-18 11:48:35,318 INFO sqlalchemy.engine.Engine SELECT citizens.id, citizens.discord_id, citizens.username, citizens.minecraft_uuid, citizens.role_ids, citizens.main_role_id, citizens.reputation, citizens.citizenship_date, citizens.last_login, citizens.created_at, citizens.updated_at, citizens.is_active, citizens.is_verified 
FROM citizens 
WHERE citizens.id = $1::INTEGER
2026-09-18 11:48:35,319 INFO sqlalchemy.engine.Engine [cached since 397.3s ago] (2,)
2026-09-18 11:48:35,321 INFO sqlalchemy.engine.Engine SELECT isb_sectors.id, isb_sectors.number, isb_sectors.name, isb_sectors.description, isb_sectors.center_x, isb_sectors.center_z, isb_sectors.threat_level, isb_sectors.is_active, isb_sectors.created_at 
FROM isb_sectors 
WHERE isb_sectors.id = $1::INTEGER
2026-09-18 11:48:35,321 INFO sqlalchemy.engine.Engine [cached since 397.3s ago] (1,)
2026-09-18 11:48:35,324 INFO sqlalchemy.engine.Engine SELECT citizens.id, citizens.discord_id, citizens.username, citizens.minecraft_uuid, citizens.role_ids, citizens.main_role_id, citizens.reputation, citizens.citizenship_date, citizens.last_login, citizens.created_at, citizens.updated_at, citizens.is_active, citizens.is_verified 
FROM citizens 
WHERE citizens.id = $1::INTEGER
2026-09-18 11:48:35,324 INFO sqlalchemy.engine.Engine [cached since 397.3s ago] (2,)
2026-09-18 11:48:35,326 INFO sqlalchemy.engine.Engine SELECT isb_sectors.id, isb_sectors.number, isb_sectors.name, isb_sectors.description, isb_sectors.center_x, isb_sectors.center_z, isb_sectors.threat_level, isb_sectors.is_active, isb_sectors.created_at 
FROM isb_sectors 
WHERE isb_sectors.id = $1::INTEGER
2026-09-18 11:48:35,326 INFO sqlalchemy.engine.Engine [cached since 397.3s ago] (10,)
INFO:     127.0.0.1:57792 - "GET /api/isb/logs?limit=30 HTTP/1.1" 200 OK
2026-09-18 11:48:35,328 INFO sqlalchemy.engine.Engine ROLLBACK
INFO:     127.0.0.1:57792 - "GET /health HTTP/1.1" 200 OK
2026-09-18 11:48:40,307 INFO sqlalchemy.engine.Engine BEGIN (implicit)
2026-09-18 11:48:40,309 INFO sqlalchemy.engine.Engine SELECT count(citizens.id) AS count_1 
FROM citizens
2026-09-18 11:48:40,310 INFO sqlalchemy.engine.Engine [cached since 406.2s ago] ()
2026-09-18 11:48:40,320 INFO sqlalchemy.engine.Engine SELECT roles.id, roles.name, roles.display_name, roles.level, roles.is_active, roles.created_at, roles.updated_at 
FROM roles ORDER BY roles.level DESC
2026-09-18 11:48:40,323 INFO sqlalchemy.engine.Engine [cached since 402.4s ago] ()
2026-09-18 11:48:40,336 INFO sqlalchemy.engine.Engine SELECT roles_1.id AS roles_1_id, permissions.id AS permissions_id, permissions.name AS permissions_name, permissions.display_name AS permissions_display_name, permissions.category AS permissions_category, permissions.is_active AS permissions_is_active, permissions.created_at AS permissions_created_at, permissions.updated_at AS permissions_updated_at 
FROM roles AS roles_1 JOIN role_permissions AS role_permissions_1 ON roles_1.id = role_permissions_1.role_id JOIN permissions ON permissions.id = role_permissions_1.permission_id 
WHERE roles_1.id IN ($1::INTEGER, $2::INTEGER, $3::INTEGER, $4::INTEGER, $5::INTEGER, $6::INTEGER, $7::INTEGER)
2026-09-18 11:48:40,340 INFO sqlalchemy.engine.Engine [cached since 402.4s ago] (2, 15, 16, 17, 18, 19, 7)
2026-09-18 11:48:40,369 INFO sqlalchemy.engine.Engine SELECT citizens.id, citizens.discord_id, citizens.username, citizens.minecraft_uuid, citizens.role_ids, citizens.main_role_id, citizens.reputation, citizens.citizenship_date, citizens.last_login, citizens.created_at, citizens.updated_at, citizens.is_active, citizens.is_verified 
FROM citizens ORDER BY citizens.citizenship_date DESC 
 LIMIT $1::INTEGER OFFSET $2::INTEGER
2026-09-18 11:48:40,370 INFO sqlalchemy.engine.Engine [cached since 402.4s ago] (10000, 0)
INFO:     127.0.0.1:57792 - "GET /api/stats HTTP/1.1" 200 OK
2026-09-18 11:48:40,381 INFO sqlalchemy.engine.Engine ROLLBACK
2026-09-18 11:48:40,403 INFO sqlalchemy.engine.Engine BEGIN (implicit)
2026-09-18 11:48:40,407 INFO sqlalchemy.engine.Engine SELECT citizens.id, citizens.discord_id, citizens.username, citizens.minecraft_uuid, citizens.role_ids, citizens.main_role_id, citizens.reputation, citizens.citizenship_date, citizens.last_login, citizens.created_at, citizens.updated_at, citizens.is_active, citizens.is_verified 
FROM citizens 
WHERE citizens.discord_id = $1::BIGINT
2026-09-18 11:48:40,407 INFO sqlalchemy.engine.Engine [cached since 403.1s ago] (436507782263603200,)
2026-09-18 11:48:40,416 INFO sqlalchemy.engine.Engine SELECT roles.id, roles.name, roles.display_name, roles.level, roles.is_active, roles.created_at, roles.updated_at 
FROM roles 
WHERE roles.id IN ($1::INTEGER, $2::INTEGER, $3::INTEGER)
2026-09-18 11:48:40,417 INFO sqlalchemy.engine.Engine [cached since 403s ago] (2, 19, 7)
2026-09-18 11:48:40,425 INFO sqlalchemy.engine.Engine SELECT permissions.id, permissions.name, permissions.display_name, permissions.category, permissions.is_active, permissions.created_at, permissions.updated_at 
FROM permissions JOIN role_permissions ON permissions.id = role_permissions.permission_id 
WHERE role_permissions.role_id = $1::INTEGER
2026-09-18 11:48:40,425 INFO sqlalchemy.engine.Engine [cached since 403s ago] (2,)
2026-09-18 11:48:40,436 INFO sqlalchemy.engine.Engine SELECT permissions.id, permissions.name, permissions.display_name, permissions.category, permissions.is_active, permissions.created_at, permissions.updated_at 
FROM permissions JOIN role_permissions ON permissions.id = role_permissions.permission_id 
WHERE role_permissions.role_id = $1::INTEGER
2026-09-18 11:48:40,436 INFO sqlalchemy.engine.Engine [cached since 403s ago] (7,)
2026-09-18 11:48:40,445 INFO sqlalchemy.engine.Engine SELECT permissions.id, permissions.name, permissions.display_name, permissions.category, permissions.is_active, permissions.created_at, permissions.updated_at 
FROM permissions JOIN role_permissions ON permissions.id = role_permissions.permission_id 
WHERE role_permissions.role_id = $1::INTEGER
2026-09-18 11:48:40,446 INFO sqlalchemy.engine.Engine [cached since 403s ago] (19,)
2026-09-18 11:48:40,456 INFO sqlalchemy.engine.Engine SELECT roles.id, roles.name, roles.display_name, roles.level, roles.is_active, roles.created_at, roles.updated_at 
FROM roles 
WHERE roles.id IN ($1::INTEGER, $2::INTEGER, $3::INTEGER)
2026-09-18 11:48:40,457 INFO sqlalchemy.engine.Engine [cached since 403.1s ago] (2, 19, 7)
2026-09-18 11:48:40,464 INFO sqlalchemy.engine.Engine SELECT permissions.id, permissions.name, permissions.display_name, permissions.category, permissions.is_active, permissions.created_at, permissions.updated_at 
FROM permissions JOIN role_permissions ON permissions.id = role_permissions.permission_id 
WHERE role_permissions.role_id = $1::INTEGER
2026-09-18 11:48:40,465 INFO sqlalchemy.engine.Engine [cached since 403.1s ago] (2,)
2026-09-18 11:48:40,476 INFO sqlalchemy.engine.Engine SELECT permissions.id, permissions.name, permissions.display_name, permissions.category, permissions.is_active, permissions.created_at, permissions.updated_at 
FROM permissions JOIN role_permissions ON permissions.id = role_permissions.permission_id 
WHERE role_permissions.role_id = $1::INTEGER
2026-09-18 11:48:40,476 INFO sqlalchemy.engine.Engine [cached since 403.1s ago] (7,)
2026-09-18 11:48:40,484 INFO sqlalchemy.engine.Engine SELECT permissions.id, permissions.name, permissions.display_name, permissions.category, permissions.is_active, permissions.created_at, permissions.updated_at 
FROM permissions JOIN role_permissions ON permissions.id = role_permissions.permission_id 
WHERE role_permissions.role_id = $1::INTEGER
2026-09-18 11:48:40,485 INFO sqlalchemy.engine.Engine [cached since 403.1s ago] (19,)
2026-09-18 11:48:40,495 INFO sqlalchemy.engine.Engine SELECT algorithms.id, algorithms.number, algorithms.title, algorithms.description, algorithms.task_type, algorithms.scope, algorithms.status, algorithms.deadline, algorithms.reward_reputation, algorithms.created_by, algorithms.max_participants, algorithms.created_at, algorithms.updated_at 
FROM algorithms ORDER BY algorithms.created_at DESC 
 LIMIT $1::INTEGER OFFSET $2::INTEGER
2026-09-18 11:48:40,496 INFO sqlalchemy.engine.Engine [cached since 402.4s ago] (200, 0)
INFO:     127.0.0.1:57792 - "GET /api/algorithms HTTP/1.1" 200 OK
2026-09-18 11:48:40,507 INFO sqlalchemy.engine.Engine ROLLBACK
2026-09-18 11:48:40,533 INFO sqlalchemy.engine.Engine BEGIN (implicit)
2026-09-18 11:48:40,535 INFO sqlalchemy.engine.Engine SELECT citizens.id, citizens.discord_id, citizens.username, citizens.minecraft_uuid, citizens.role_ids, citizens.main_role_id, citizens.reputation, citizens.citizenship_date, citizens.last_login, citizens.created_at, citizens.updated_at, citizens.is_active, citizens.is_verified 
FROM citizens 
WHERE citizens.username ILIKE $1::VARCHAR OR citizens.minecraft_uuid ILIKE $2::VARCHAR 
 LIMIT $3::INTEGER
2026-09-18 11:48:40,536 INFO sqlalchemy.engine.Engine [cached since 402.4s ago] ('%test%', '%test%', 10)
2026-09-18 11:48:40,545 INFO sqlalchemy.engine.Engine SELECT roles.id, roles.name, roles.display_name, roles.level, roles.is_active, roles.created_at, roles.updated_at 
FROM roles 
WHERE roles.name ILIKE $1::VARCHAR OR roles.display_name ILIKE $2::VARCHAR 
 LIMIT $3::INTEGER
2026-09-18 11:48:40,546 INFO sqlalchemy.engine.Engine [cached since 402.4s ago] ('%test%', '%test%', 5)
2026-09-18 11:48:40,556 INFO sqlalchemy.engine.Engine SELECT isb_awards.id, isb_awards.name, isb_awards.display_name, isb_awards.description, isb_awards.icon, isb_awards.rarity, isb_awards.category, isb_awards.is_active, isb_awards.created_at 
FROM isb_awards 
WHERE isb_awards.name ILIKE $1::VARCHAR OR isb_awards.display_name ILIKE $2::VARCHAR OR isb_awards.description ILIKE $3::VARCHAR 
 LIMIT $4::INTEGER
2026-09-18 11:48:40,557 INFO sqlalchemy.engine.Engine [cached since 402.3s ago] ('%test%', '%test%', '%test%', 5)
2026-09-18 11:48:40,565 INFO sqlalchemy.engine.Engine SELECT isb_employees.id, isb_employees.citizen_id, isb_employees.service_number, isb_employees.rank_name, isb_employees.rank_short, isb_employees.branch, isb_employees.level, isb_employees.access_level, isb_employees.position, isb_employees.enlisted_at, isb_employees.promoted_at, isb_employees.discharged_at, isb_employees.is_active, isb_employees.can_arrest, isb_employees.can_conduct_searches, isb_employees.can_issue_warrants, isb_employees.can_command, isb_employees.notes, isb_employees.created_at, isb_employees.updated_at 
FROM isb_employees 
WHERE isb_employees.service_number ILIKE $1::VARCHAR OR isb_employees.rank_name ILIKE $2::VARCHAR OR isb_employees.position ILIKE $3::VARCHAR 
 LIMIT $4::INTEGER
2026-09-18 11:48:40,566 INFO sqlalchemy.engine.Engine [cached since 402.4s ago] ('%test%', '%test%', '%test%', 10)
INFO:     127.0.0.1:57792 - "GET /api/search?q=test HTTP/1.1" 200 OK
2026-09-18 11:48:40,575 INFO sqlalchemy.engine.Engine ROLLBACK
2026-09-18 11:48:40,593 INFO sqlalchemy.engine.Engine BEGIN (implicit)
2026-09-18 11:48:40,595 INFO sqlalchemy.engine.Engine SELECT citizens.id, citizens.discord_id, citizens.username, citizens.minecraft_uuid, citizens.role_ids, citizens.main_role_id, citizens.reputation, citizens.citizenship_date, citizens.last_login, citizens.created_at, citizens.updated_at, citizens.is_active, citizens.is_verified 
FROM citizens 
WHERE citizens.discord_id = $1::BIGINT
2026-09-18 11:48:40,595 INFO sqlalchemy.engine.Engine [cached since 403.3s ago] (436507782263603200,)
2026-09-18 11:48:40,604 INFO sqlalchemy.engine.Engine SELECT roles.id, roles.name, roles.display_name, roles.level, roles.is_active, roles.created_at, roles.updated_at 
FROM roles 
WHERE roles.id IN ($1::INTEGER, $2::INTEGER, $3::INTEGER)
2026-09-18 11:48:40,605 INFO sqlalchemy.engine.Engine [cached since 403.2s ago] (2, 19, 7)
2026-09-18 11:48:40,612 INFO sqlalchemy.engine.Engine SELECT permissions.id, permissions.name, permissions.display_name, permissions.category, permissions.is_active, permissions.created_at, permissions.updated_at 
FROM permissions JOIN role_permissions ON permissions.id = role_permissions.permission_id 
WHERE role_permissions.role_id = $1::INTEGER
2026-09-18 11:48:40,613 INFO sqlalchemy.engine.Engine [cached since 403.2s ago] (2,)
2026-09-18 11:48:40,624 INFO sqlalchemy.engine.Engine SELECT permissions.id, permissions.name, permissions.display_name, permissions.category, permissions.is_active, permissions.created_at, permissions.updated_at 
FROM permissions JOIN role_permissions ON permissions.id = role_permissions.permission_id 
WHERE role_permissions.role_id = $1::INTEGER
2026-09-18 11:48:40,625 INFO sqlalchemy.engine.Engine [cached since 403.2s ago] (7,)
2026-09-18 11:48:40,632 INFO sqlalchemy.engine.Engine SELECT permissions.id, permissions.name, permissions.display_name, permissions.category, permissions.is_active, permissions.created_at, permissions.updated_at 
FROM permissions JOIN role_permissions ON permissions.id = role_permissions.permission_id 
WHERE role_permissions.role_id = $1::INTEGER
2026-09-18 11:48:40,633 INFO sqlalchemy.engine.Engine [cached since 403.2s ago] (19,)
2026-09-18 11:48:40,643 INFO sqlalchemy.engine.Engine SELECT roles.id, roles.name, roles.display_name, roles.level, roles.is_active, roles.created_at, roles.updated_at 
FROM roles 
WHERE roles.id IN ($1::INTEGER, $2::INTEGER, $3::INTEGER)
2026-09-18 11:48:40,644 INFO sqlalchemy.engine.Engine [cached since 403.2s ago] (2, 19, 7)
2026-09-18 11:48:40,651 INFO sqlalchemy.engine.Engine SELECT permissions.id, permissions.name, permissions.display_name, permissions.category, permissions.is_active, permissions.created_at, permissions.updated_at 
FROM permissions JOIN role_permissions ON permissions.id = role_permissions.permission_id 
WHERE role_permissions.role_id = $1::INTEGER
2026-09-18 11:48:40,652 INFO sqlalchemy.engine.Engine [cached since 403.2s ago] (2,)
2026-09-18 11:48:40,662 INFO sqlalchemy.engine.Engine SELECT permissions.id, permissions.name, permissions.display_name, permissions.category, permissions.is_active, permissions.created_at, permissions.updated_at 
FROM permissions JOIN role_permissions ON permissions.id = role_permissions.permission_id 
WHERE role_permissions.role_id = $1::INTEGER
2026-09-18 11:48:40,663 INFO sqlalchemy.engine.Engine [cached since 403.3s ago] (7,)
2026-09-18 11:48:40,670 INFO sqlalchemy.engine.Engine SELECT permissions.id, permissions.name, permissions.display_name, permissions.category, permissions.is_active, permissions.created_at, permissions.updated_at 
FROM permissions JOIN role_permissions ON permissions.id = role_permissions.permission_id 
WHERE role_permissions.role_id = $1::INTEGER
2026-09-18 11:48:40,671 INFO sqlalchemy.engine.Engine [cached since 403.3s ago] (19,)
2026-09-18 11:48:40,680 INFO sqlalchemy.engine.Engine SELECT algorithms.id, algorithms.number, algorithms.title, algorithms.description, algorithms.task_type, algorithms.scope, algorithms.status, algorithms.deadline, algorithms.reward_reputation, algorithms.created_by, algorithms.max_participants, algorithms.created_at, algorithms.updated_at 
FROM algorithms ORDER BY algorithms.created_at DESC 
 LIMIT $1::INTEGER OFFSET $2::INTEGER
2026-09-18 11:48:40,681 INFO sqlalchemy.engine.Engine [cached since 402.5s ago] (200, 0)
INFO:     127.0.0.1:57792 - "GET /api/algorithms HTTP/1.1" 200 OK
2026-09-18 11:48:40,689 INFO sqlalchemy.engine.Engine ROLLBACK
2026-09-18 11:48:45,294 INFO sqlalchemy.engine.Engine BEGIN (implicit)
2026-09-18 11:48:45,296 INFO sqlalchemy.engine.Engine SELECT citizens.id, citizens.discord_id, citizens.username, citizens.minecraft_uuid, citizens.role_ids, citizens.main_role_id, citizens.reputation, citizens.citizenship_date, citizens.last_login, citizens.created_at, citizens.updated_at, citizens.is_active, citizens.is_verified 
FROM citizens 
WHERE citizens.discord_id = $1::BIGINT
2026-09-18 11:48:45,297 INFO sqlalchemy.engine.Engine [cached since 408s ago] (436507782263603200,)
2026-09-18 11:48:45,308 INFO sqlalchemy.engine.Engine SELECT roles.id, roles.name, roles.display_name, roles.level, roles.is_active, roles.created_at, roles.updated_at 
FROM roles 
WHERE roles.id IN ($1::INTEGER, $2::INTEGER, $3::INTEGER)
2026-09-18 11:48:45,309 INFO sqlalchemy.engine.Engine [cached since 407.9s ago] (2, 19, 7)
2026-09-18 11:48:45,317 INFO sqlalchemy.engine.Engine SELECT permissions.id, permissions.name, permissions.display_name, permissions.category, permissions.is_active, permissions.created_at, permissions.updated_at 
FROM permissions JOIN role_permissions ON permissions.id = role_permissions.permission_id 
WHERE role_permissions.role_id = $1::INTEGER
2026-09-18 11:48:45,318 INFO sqlalchemy.engine.Engine [cached since 407.9s ago] (2,)
2026-09-18 11:48:45,332 INFO sqlalchemy.engine.Engine SELECT permissions.id, permissions.name, permissions.display_name, permissions.category, permissions.is_active, permissions.created_at, permissions.updated_at 
FROM permissions JOIN role_permissions ON permissions.id = role_permissions.permission_id 
WHERE role_permissions.role_id = $1::INTEGER
2026-09-18 11:48:45,333 INFO sqlalchemy.engine.Engine [cached since 407.9s ago] (7,)
2026-09-18 11:48:45,344 INFO sqlalchemy.engine.Engine SELECT permissions.id, permissions.name, permissions.display_name, permissions.category, permissions.is_active, permissions.created_at, permissions.updated_at 
FROM permissions JOIN role_permissions ON permissions.id = role_permissions.permission_id 
WHERE role_permissions.role_id = $1::INTEGER
2026-09-18 11:48:45,345 INFO sqlalchemy.engine.Engine [cached since 407.9s ago] (19,)
2026-09-18 11:48:45,358 INFO sqlalchemy.engine.Engine SELECT isb_logs.id, isb_logs.created_at, isb_logs.severity, isb_logs.category, isb_logs.message, isb_logs.actor_id, isb_logs.sector_id, isb_logs.meta 
FROM isb_logs ORDER BY isb_logs.created_at DESC 
 LIMIT $1::INTEGER
2026-09-18 11:48:45,358 INFO sqlalchemy.engine.Engine [cached since 407.3s ago] (30,)
2026-09-18 11:48:45,365 INFO sqlalchemy.engine.Engine SELECT citizens.id, citizens.discord_id, citizens.username, citizens.minecraft_uuid, citizens.role_ids, citizens.main_role_id, citizens.reputation, citizens.citizenship_date, citizens.last_login, citizens.created_at, citizens.updated_at, citizens.is_active, citizens.is_verified 
FROM citizens 
WHERE citizens.id = $1::INTEGER
2026-09-18 11:48:45,365 INFO sqlalchemy.engine.Engine [cached since 407.3s ago] (2,)
2026-09-18 11:48:45,374 INFO sqlalchemy.engine.Engine SELECT isb_sectors.id, isb_sectors.number, isb_sectors.name, isb_sectors.description, isb_sectors.center_x, isb_sectors.center_z, isb_sectors.threat_level, isb_sectors.is_active, isb_sectors.created_at 
FROM isb_sectors 
WHERE isb_sectors.id = $1::INTEGER
2026-09-18 11:48:45,375 INFO sqlalchemy.engine.Engine [cached since 407.3s ago] (1,)
2026-09-18 11:48:45,381 INFO sqlalchemy.engine.Engine SELECT citizens.id, citizens.discord_id, citizens.username, citizens.minecraft_uuid, citizens.role_ids, citizens.main_role_id, citizens.reputation, citizens.citizenship_date, citizens.last_login, citizens.created_at, citizens.updated_at, citizens.is_active, citizens.is_verified 
FROM citizens 
WHERE citizens.id = $1::INTEGER
2026-09-18 11:48:45,382 INFO sqlalchemy.engine.Engine [cached since 407.3s ago] (2,)
2026-09-18 11:48:45,389 INFO sqlalchemy.engine.Engine SELECT isb_sectors.id, isb_sectors.number, isb_sectors.name, isb_sectors.description, isb_sectors.center_x, isb_sectors.center_z, isb_sectors.threat_level, isb_sectors.is_active, isb_sectors.created_at 
FROM isb_sectors 
WHERE isb_sectors.id = $1::INTEGER
2026-09-18 11:48:45,389 INFO sqlalchemy.engine.Engine [cached since 407.3s ago] (1,)
2026-09-18 11:48:45,396 INFO sqlalchemy.engine.Engine SELECT citizens.id, citizens.discord_id, citizens.username, citizens.minecraft_uuid, citizens.role_ids, citizens.main_role_id, citizens.reputation, citizens.citizenship_date, citizens.last_login, citizens.created_at, citizens.updated_at, citizens.is_active, citizens.is_verified 
FROM citizens 
WHERE citizens.id = $1::INTEGER
2026-09-18 11:48:45,397 INFO sqlalchemy.engine.Engine [cached since 407.4s ago] (2,)
2026-09-18 11:48:45,404 INFO sqlalchemy.engine.Engine SELECT isb_sectors.id, isb_sectors.number, isb_sectors.name, isb_sectors.description, isb_sectors.center_x, isb_sectors.center_z, isb_sectors.threat_level, isb_sectors.is_active, isb_sectors.created_at 
FROM isb_sectors 
WHERE isb_sectors.id = $1::INTEGER
2026-09-18 11:48:45,407 INFO sqlalchemy.engine.Engine [cached since 407.4s ago] (10,)
INFO:     127.0.0.1:57792 - "GET /api/isb/logs?limit=30 HTTP/1.1" 200 OK
2026-09-18 11:48:45,414 INFO sqlalchemy.engine.Engine ROLLBACK
2026-09-18 11:48:55,340 INFO sqlalchemy.engine.Engine BEGIN (implicit)
2026-09-18 11:48:55,342 INFO sqlalchemy.engine.Engine SELECT citizens.id, citizens.discord_id, citizens.username, citizens.minecraft_uuid, citizens.role_ids, citizens.main_role_id, citizens.reputation, citizens.citizenship_date, citizens.last_login, citizens.created_at, citizens.updated_at, citizens.is_active, citizens.is_verified 
FROM citizens 
WHERE citizens.discord_id = $1::BIGINT
2026-09-18 11:48:55,343 INFO sqlalchemy.engine.Engine [cached since 418s ago] (436507782263603200,)
2026-09-18 11:48:55,351 INFO sqlalchemy.engine.Engine BEGIN (implicit)
2026-09-18 11:48:55,353 INFO sqlalchemy.engine.Engine SELECT citizens.id, citizens.discord_id, citizens.username, citizens.minecraft_uuid, citizens.role_ids, citizens.main_role_id, citizens.reputation, citizens.citizenship_date, citizens.last_login, citizens.created_at, citizens.updated_at, citizens.is_active, citizens.is_verified 
FROM citizens 
WHERE citizens.discord_id = $1::BIGINT
2026-09-18 11:48:55,354 INFO sqlalchemy.engine.Engine [cached since 418s ago] (436507782263603200,)
2026-09-18 11:48:55,368 INFO sqlalchemy.engine.Engine BEGIN (implicit)
2026-09-18 11:48:55,369 INFO sqlalchemy.engine.Engine SELECT citizens.id, citizens.discord_id, citizens.username, citizens.minecraft_uuid, citizens.role_ids, citizens.main_role_id, citizens.reputation, citizens.citizenship_date, citizens.last_login, citizens.created_at, citizens.updated_at, citizens.is_active, citizens.is_verified 
FROM citizens 
WHERE citizens.discord_id = $1::BIGINT
2026-09-18 11:48:55,370 INFO sqlalchemy.engine.Engine [cached since 418.1s ago] (436507782263603200,)
INFO:     127.0.0.1:57860 - "GET /health HTTP/1.1" 200 OK
2026-09-18 11:48:55,382 INFO sqlalchemy.engine.Engine BEGIN (implicit)
2026-09-18 11:48:55,384 INFO sqlalchemy.engine.Engine SELECT citizens.id, citizens.discord_id, citizens.username, citizens.minecraft_uuid, citizens.role_ids, citizens.main_role_id, citizens.reputation, citizens.citizenship_date, citizens.last_login, citizens.created_at, citizens.updated_at, citizens.is_active, citizens.is_verified 
FROM citizens 
WHERE citizens.discord_id = $1::BIGINT
2026-09-18 11:48:55,384 INFO sqlalchemy.engine.Engine [cached since 418.1s ago] (436507782263603200,)
2026-09-18 11:48:55,394 INFO sqlalchemy.engine.Engine SELECT roles.id, roles.name, roles.display_name, roles.level, roles.is_active, roles.created_at, roles.updated_at 
FROM roles 
WHERE roles.id IN ($1::INTEGER, $2::INTEGER, $3::INTEGER)
2026-09-18 11:48:55,394 INFO sqlalchemy.engine.Engine [cached since 418s ago] (2, 19, 7)
2026-09-18 11:48:55,401 INFO sqlalchemy.engine.Engine SELECT roles.id, roles.name, roles.display_name, roles.level, roles.is_active, roles.created_at, roles.updated_at 
FROM roles 
WHERE roles.id IN ($1::INTEGER, $2::INTEGER, $3::INTEGER)
2026-09-18 11:48:55,402 INFO sqlalchemy.engine.Engine [cached since 418s ago] (2, 19, 7)
2026-09-18 11:48:55,408 INFO sqlalchemy.engine.Engine SELECT roles.id, roles.name, roles.display_name, roles.level, roles.is_active, roles.created_at, roles.updated_at 
FROM roles 
WHERE roles.id IN ($1::INTEGER, $2::INTEGER, $3::INTEGER)
2026-09-18 11:48:55,409 INFO sqlalchemy.engine.Engine [cached since 418s ago] (2, 19, 7)
2026-09-18 11:48:55,418 INFO sqlalchemy.engine.Engine BEGIN (implicit)
2026-09-18 11:48:55,421 INFO sqlalchemy.engine.Engine SELECT count(citizens.id) AS count_1 
FROM citizens
2026-09-18 11:48:55,422 INFO sqlalchemy.engine.Engine [cached since 421.3s ago] ()
2026-09-18 11:48:55,429 INFO sqlalchemy.engine.Engine SELECT isb_employees.id, isb_employees.citizen_id, isb_employees.service_number, isb_employees.rank_name, isb_employees.rank_short, isb_employees.branch, isb_employees.level, isb_employees.access_level, isb_employees.position, isb_employees.enlisted_at, isb_employees.promoted_at, isb_employees.discharged_at, isb_employees.is_active, isb_employees.can_arrest, isb_employees.can_conduct_searches, isb_employees.can_issue_warrants, isb_employees.can_command, isb_employees.notes, isb_employees.created_at, isb_employees.updated_at 
FROM isb_employees 
WHERE isb_employees.citizen_id = $1::INTEGER
2026-09-18 11:48:55,430 INFO sqlalchemy.engine.Engine [cached since 418s ago] (2,)
2026-09-18 11:48:55,434 INFO sqlalchemy.engine.Engine SELECT permissions.id, permissions.name, permissions.display_name, permissions.category, permissions.is_active, permissions.created_at, permissions.updated_at 
FROM permissions JOIN role_permissions ON permissions.id = role_permissions.permission_id 
WHERE role_permissions.role_id = $1::INTEGER
2026-09-18 11:48:55,435 INFO sqlalchemy.engine.Engine [cached since 418s ago] (2,)
2026-09-18 11:48:55,443 INFO sqlalchemy.engine.Engine SELECT permissions.id, permissions.name, permissions.display_name, permissions.category, permissions.is_active, permissions.created_at, permissions.updated_at 
FROM permissions JOIN role_permissions ON permissions.id = role_permissions.permission_id 
WHERE role_permissions.role_id = $1::INTEGER
2026-09-18 11:48:55,443 INFO sqlalchemy.engine.Engine [cached since 418s ago] (2,)
2026-09-18 11:48:55,448 INFO sqlalchemy.engine.Engine SELECT permissions.id, permissions.name, permissions.display_name, permissions.category, permissions.is_active, permissions.created_at, permissions.updated_at 
FROM permissions JOIN role_permissions ON permissions.id = role_permissions.permission_id 
WHERE role_permissions.role_id = $1::INTEGER
2026-09-18 11:48:55,449 INFO sqlalchemy.engine.Engine [cached since 418s ago] (2,)
INFO:     127.0.0.1:57864 - "GET /api/isb/me/access HTTP/1.1" 200 OK
2026-09-18 11:48:55,455 INFO sqlalchemy.engine.Engine ROLLBACK
2026-09-18 11:48:55,461 INFO sqlalchemy.engine.Engine SELECT permissions.id, permissions.name, permissions.display_name, permissions.category, permissions.is_active, permissions.created_at, permissions.updated_at 
FROM permissions JOIN role_permissions ON permissions.id = role_permissions.permission_id 
WHERE role_permissions.role_id = $1::INTEGER
2026-09-18 11:48:55,462 INFO sqlalchemy.engine.Engine [cached since 418.1s ago] (7,)
2026-09-18 11:48:55,469 INFO sqlalchemy.engine.Engine SELECT roles.id, roles.name, roles.display_name, roles.level, roles.is_active, roles.created_at, roles.updated_at 
FROM roles ORDER BY roles.level DESC
2026-09-18 11:48:55,470 INFO sqlalchemy.engine.Engine [cached since 417.6s ago] ()
2026-09-18 11:48:55,477 INFO sqlalchemy.engine.Engine SELECT permissions.id, permissions.name, permissions.display_name, permissions.category, permissions.is_active, permissions.created_at, permissions.updated_at 
FROM permissions JOIN role_permissions ON permissions.id = role_permissions.permission_id 
WHERE role_permissions.role_id = $1::INTEGER
2026-09-18 11:48:55,478 INFO sqlalchemy.engine.Engine [cached since 418.1s ago] (7,)
2026-09-18 11:48:55,484 INFO sqlalchemy.engine.Engine SELECT permissions.id, permissions.name, permissions.display_name, permissions.category, permissions.is_active, permissions.created_at, permissions.updated_at 
FROM permissions JOIN role_permissions ON permissions.id = role_permissions.permission_id 
WHERE role_permissions.role_id = $1::INTEGER
2026-09-18 11:48:55,484 INFO sqlalchemy.engine.Engine [cached since 418.1s ago] (7,)
2026-09-18 11:48:55,492 INFO sqlalchemy.engine.Engine SELECT permissions.id, permissions.name, permissions.display_name, permissions.category, permissions.is_active, permissions.created_at, permissions.updated_at 
FROM permissions JOIN role_permissions ON permissions.id = role_permissions.permission_id 
WHERE role_permissions.role_id = $1::INTEGER
2026-09-18 11:48:55,493 INFO sqlalchemy.engine.Engine [cached since 418.1s ago] (19,)
2026-09-18 11:48:55,502 INFO sqlalchemy.engine.Engine SELECT roles_1.id AS roles_1_id, permissions.id AS permissions_id, permissions.name AS permissions_name, permissions.display_name AS permissions_display_name, permissions.category AS permissions_category, permissions.is_active AS permissions_is_active, permissions.created_at AS permissions_created_at, permissions.updated_at AS permissions_updated_at 
FROM roles AS roles_1 JOIN role_permissions AS role_permissions_1 ON roles_1.id = role_permissions_1.role_id JOIN permissions ON permissions.id = role_permissions_1.permission_id 
WHERE roles_1.id IN ($1::INTEGER, $2::INTEGER, $3::INTEGER, $4::INTEGER, $5::INTEGER, $6::INTEGER, $7::INTEGER)
2026-09-18 11:48:55,503 INFO sqlalchemy.engine.Engine [cached since 417.6s ago] (2, 15, 16, 17, 18, 19, 7)
2026-09-18 11:48:55,508 INFO sqlalchemy.engine.Engine SELECT permissions.id, permissions.name, permissions.display_name, permissions.category, permissions.is_active, permissions.created_at, permissions.updated_at 
FROM permissions JOIN role_permissions ON permissions.id = role_permissions.permission_id 
WHERE role_permissions.role_id = $1::INTEGER
2026-09-18 11:48:55,509 INFO sqlalchemy.engine.Engine [cached since 418.1s ago] (19,)
2026-09-18 11:48:55,514 INFO sqlalchemy.engine.Engine SELECT permissions.id, permissions.name, permissions.display_name, permissions.category, permissions.is_active, permissions.created_at, permissions.updated_at 
FROM permissions JOIN role_permissions ON permissions.id = role_permissions.permission_id 
WHERE role_permissions.role_id = $1::INTEGER
2026-09-18 11:48:55,514 INFO sqlalchemy.engine.Engine [cached since 418.1s ago] (19,)
2026-09-18 11:48:55,522 INFO sqlalchemy.engine.Engine SELECT isb_logs.id, isb_logs.created_at, isb_logs.severity, isb_logs.category, isb_logs.message, isb_logs.actor_id, isb_logs.sector_id, isb_logs.meta 
FROM isb_logs ORDER BY isb_logs.created_at DESC 
 LIMIT $1::INTEGER
2026-09-18 11:48:55,522 INFO sqlalchemy.engine.Engine [cached since 417.5s ago] (30,)
2026-09-18 11:48:55,531 INFO sqlalchemy.engine.Engine SELECT isb_sectors.id, isb_sectors.number, isb_sectors.name, isb_sectors.description, isb_sectors.center_x, isb_sectors.center_z, isb_sectors.threat_level, isb_sectors.is_active, isb_sectors.created_at 
FROM isb_sectors ORDER BY isb_sectors.number
2026-09-18 11:48:55,532 INFO sqlalchemy.engine.Engine [cached since 417.5s ago] ()
2026-09-18 11:48:55,537 INFO sqlalchemy.engine.Engine SELECT isb_employees.id, isb_employees.citizen_id, isb_employees.service_number, isb_employees.rank_name, isb_employees.rank_short, isb_employees.branch, isb_employees.level, isb_employees.access_level, isb_employees.position, isb_employees.enlisted_at, isb_employees.promoted_at, isb_employees.discharged_at, isb_employees.is_active, isb_employees.can_arrest, isb_employees.can_conduct_searches, isb_employees.can_issue_warrants, isb_employees.can_command, isb_employees.notes, isb_employees.created_at, isb_employees.updated_at 
FROM isb_employees ORDER BY isb_employees.level DESC
2026-09-18 11:48:55,538 INFO sqlalchemy.engine.Engine [cached since 417.7s ago] ()
2026-09-18 11:48:55,551 INFO sqlalchemy.engine.Engine SELECT citizens.id, citizens.discord_id, citizens.username, citizens.minecraft_uuid, citizens.role_ids, citizens.main_role_id, citizens.reputation, citizens.citizenship_date, citizens.last_login, citizens.created_at, citizens.updated_at, citizens.is_active, citizens.is_verified 
FROM citizens ORDER BY citizens.citizenship_date DESC 
 LIMIT $1::INTEGER OFFSET $2::INTEGER
2026-09-18 11:48:55,551 INFO sqlalchemy.engine.Engine [cached since 417.6s ago] (10000, 0)
2026-09-18 11:48:55,556 INFO sqlalchemy.engine.Engine SELECT citizens.id, citizens.discord_id, citizens.username, citizens.minecraft_uuid, citizens.role_ids, citizens.main_role_id, citizens.reputation, citizens.citizenship_date, citizens.last_login, citizens.created_at, citizens.updated_at, citizens.is_active, citizens.is_verified 
FROM citizens 
WHERE citizens.id = $1::INTEGER
2026-09-18 11:48:55,557 INFO sqlalchemy.engine.Engine [cached since 417.5s ago] (2,)
2026-09-18 11:48:55,560 INFO sqlalchemy.engine.Engine SELECT isb_sector_assignments.id, isb_sector_assignments.sector_id, isb_sector_assignments.employee_id, isb_sector_assignments.assigned_at, isb_sector_assignments.is_leader, isb_sector_assignments.notes 
FROM isb_sector_assignments 
WHERE isb_sector_assignments.sector_id = $1::INTEGER
2026-09-18 11:48:55,560 INFO sqlalchemy.engine.Engine [cached since 417.5s ago] (1,)
2026-09-18 11:48:55,562 INFO sqlalchemy.engine.Engine SELECT citizens.id, citizens.discord_id, citizens.username, citizens.minecraft_uuid, citizens.role_ids, citizens.main_role_id, citizens.reputation, citizens.citizenship_date, citizens.last_login, citizens.created_at, citizens.updated_at, citizens.is_active, citizens.is_verified 
FROM citizens 
WHERE citizens.id IN ($1::INTEGER, $2::INTEGER)
2026-09-18 11:48:55,562 INFO sqlalchemy.engine.Engine [cached since 417.7s ago] (2, 4)
INFO:     127.0.0.1:57860 - "GET /api/stats HTTP/1.1" 200 OK
2026-09-18 11:48:55,565 INFO sqlalchemy.engine.Engine ROLLBACK
2026-09-18 11:48:55,568 INFO sqlalchemy.engine.Engine SELECT isb_sectors.id, isb_sectors.number, isb_sectors.name, isb_sectors.description, isb_sectors.center_x, isb_sectors.center_z, isb_sectors.threat_level, isb_sectors.is_active, isb_sectors.created_at 
FROM isb_sectors 
WHERE isb_sectors.id = $1::INTEGER
2026-09-18 11:48:55,568 INFO sqlalchemy.engine.Engine [cached since 417.5s ago] (1,)
2026-09-18 11:48:55,571 INFO sqlalchemy.engine.Engine SELECT isb_employees.id, isb_employees.citizen_id, isb_employees.service_number, isb_employees.rank_name, isb_employees.rank_short, isb_employees.branch, isb_employees.level, isb_employees.access_level, isb_employees.position, isb_employees.enlisted_at, isb_employees.promoted_at, isb_employees.discharged_at, isb_employees.is_active, isb_employees.can_arrest, isb_employees.can_conduct_searches, isb_employees.can_issue_warrants, isb_employees.can_command, isb_employees.notes, isb_employees.created_at, isb_employees.updated_at 
FROM isb_employees 
WHERE isb_employees.id = $1::INTEGER
2026-09-18 11:48:55,571 INFO sqlalchemy.engine.Engine [cached since 417.5s ago] (2,)
INFO:     127.0.0.1:57848 - "GET /api/admin/isb/employees HTTP/1.1" 200 OK
2026-09-18 11:48:55,574 INFO sqlalchemy.engine.Engine ROLLBACK
2026-09-18 11:48:55,576 INFO sqlalchemy.engine.Engine SELECT citizens.id, citizens.discord_id, citizens.username, citizens.minecraft_uuid, citizens.role_ids, citizens.main_role_id, citizens.reputation, citizens.citizenship_date, citizens.last_login, citizens.created_at, citizens.updated_at, citizens.is_active, citizens.is_verified 
FROM citizens 
WHERE citizens.id = $1::INTEGER
2026-09-18 11:48:55,577 INFO sqlalchemy.engine.Engine [cached since 417.5s ago] (2,)
2026-09-18 11:48:55,579 INFO sqlalchemy.engine.Engine SELECT citizens.id, citizens.discord_id, citizens.username, citizens.minecraft_uuid, citizens.role_ids, citizens.main_role_id, citizens.reputation, citizens.citizenship_date, citizens.last_login, citizens.created_at, citizens.updated_at, citizens.is_active, citizens.is_verified 
FROM citizens 
WHERE citizens.id = $1::INTEGER
2026-09-18 11:48:55,580 INFO sqlalchemy.engine.Engine [cached since 417.5s ago] (4,)
2026-09-18 11:48:55,582 INFO sqlalchemy.engine.Engine SELECT isb_sectors.id, isb_sectors.number, isb_sectors.name, isb_sectors.description, isb_sectors.center_x, isb_sectors.center_z, isb_sectors.threat_level, isb_sectors.is_active, isb_sectors.created_at 
FROM isb_sectors 
WHERE isb_sectors.id = $1::INTEGER
2026-09-18 11:48:55,583 INFO sqlalchemy.engine.Engine [cached since 417.5s ago] (1,)
2026-09-18 11:48:55,586 INFO sqlalchemy.engine.Engine BEGIN (implicit)
2026-09-18 11:48:55,587 INFO sqlalchemy.engine.Engine SELECT citizens.id, citizens.discord_id, citizens.username, citizens.minecraft_uuid, citizens.role_ids, citizens.main_role_id, citizens.reputation, citizens.citizenship_date, citizens.last_login, citizens.created_at, citizens.updated_at, citizens.is_active, citizens.is_verified 
FROM citizens 
WHERE citizens.discord_id = $1::BIGINT
2026-09-18 11:48:55,587 INFO sqlalchemy.engine.Engine [cached since 418.3s ago] (436507782263603200,)
2026-09-18 11:48:55,590 INFO sqlalchemy.engine.Engine SELECT isb_employees.id, isb_employees.citizen_id, isb_employees.service_number, isb_employees.rank_name, isb_employees.rank_short, isb_employees.branch, isb_employees.level, isb_employees.access_level, isb_employees.position, isb_employees.enlisted_at, isb_employees.promoted_at, isb_employees.discharged_at, isb_employees.is_active, isb_employees.can_arrest, isb_employees.can_conduct_searches, isb_employees.can_issue_warrants, isb_employees.can_command, isb_employees.notes, isb_employees.created_at, isb_employees.updated_at 
FROM isb_employees 
WHERE isb_employees.id = $1::INTEGER
2026-09-18 11:48:55,591 INFO sqlalchemy.engine.Engine [cached since 417.5s ago] (1,)
2026-09-18 11:48:55,593 INFO sqlalchemy.engine.Engine SELECT citizens.id, citizens.discord_id, citizens.username, citizens.minecraft_uuid, citizens.role_ids, citizens.main_role_id, citizens.reputation, citizens.citizenship_date, citizens.last_login, citizens.created_at, citizens.updated_at, citizens.is_active, citizens.is_verified 
FROM citizens 
WHERE citizens.id = $1::INTEGER
2026-09-18 11:48:55,593 INFO sqlalchemy.engine.Engine [cached since 417.6s ago] (2,)
2026-09-18 11:48:55,596 INFO sqlalchemy.engine.Engine SELECT citizens.id, citizens.discord_id, citizens.username, citizens.minecraft_uuid, citizens.role_ids, citizens.main_role_id, citizens.reputation, citizens.citizenship_date, citizens.last_login, citizens.created_at, citizens.updated_at, citizens.is_active, citizens.is_verified 
FROM citizens 
WHERE citizens.id = $1::INTEGER
2026-09-18 11:48:55,597 INFO sqlalchemy.engine.Engine [cached since 417.6s ago] (2,)
2026-09-18 11:48:55,599 INFO sqlalchemy.engine.Engine BEGIN (implicit)
2026-09-18 11:48:55,600 INFO sqlalchemy.engine.Engine SELECT isb_awards.id, isb_awards.name, isb_awards.display_name, isb_awards.description, isb_awards.icon, isb_awards.rarity, isb_awards.category, isb_awards.is_active, isb_awards.created_at 
FROM isb_awards 
WHERE isb_awards.is_active = true ORDER BY isb_awards.rarity, isb_awards.display_name
2026-09-18 11:48:55,600 INFO sqlalchemy.engine.Engine [cached since 417.7s ago] ()
2026-09-18 11:48:55,602 INFO sqlalchemy.engine.Engine SELECT isb_sectors.id, isb_sectors.number, isb_sectors.name, isb_sectors.description, isb_sectors.center_x, isb_sectors.center_z, isb_sectors.threat_level, isb_sectors.is_active, isb_sectors.created_at 
FROM isb_sectors 
WHERE isb_sectors.id = $1::INTEGER
2026-09-18 11:48:55,603 INFO sqlalchemy.engine.Engine [cached since 417.6s ago] (10,)
2026-09-18 11:48:55,606 INFO sqlalchemy.engine.Engine SELECT roles.id, roles.name, roles.display_name, roles.level, roles.is_active, roles.created_at, roles.updated_at 
FROM roles 
WHERE roles.id IN ($1::INTEGER, $2::INTEGER, $3::INTEGER)
2026-09-18 11:48:55,607 INFO sqlalchemy.engine.Engine [cached since 418.2s ago] (2, 19, 7)
2026-09-18 11:48:55,609 INFO sqlalchemy.engine.Engine SELECT isb_sector_assignments.id, isb_sector_assignments.sector_id, isb_sector_assignments.employee_id, isb_sector_assignments.assigned_at, isb_sector_assignments.is_leader, isb_sector_assignments.notes 
FROM isb_sector_assignments 
WHERE isb_sector_assignments.sector_id = $1::INTEGER
2026-09-18 11:48:55,609 INFO sqlalchemy.engine.Engine [cached since 417.6s ago] (2,)
INFO:     127.0.0.1:57856 - "GET /api/isb/logs?limit=30 HTTP/1.1" 200 OK
2026-09-18 11:48:55,612 INFO sqlalchemy.engine.Engine ROLLBACK
2026-09-18 11:48:55,615 INFO sqlalchemy.engine.Engine SELECT isb_sector_assignments.id, isb_sector_assignments.sector_id, isb_sector_assignments.employee_id, isb_sector_assignments.assigned_at, isb_sector_assignments.is_leader, isb_sector_assignments.notes 
FROM isb_sector_assignments 
WHERE isb_sector_assignments.sector_id = $1::INTEGER
2026-09-18 11:48:55,615 INFO sqlalchemy.engine.Engine [cached since 417.6s ago] (3,)
2026-09-18 11:48:55,617 INFO sqlalchemy.engine.Engine SELECT permissions.id, permissions.name, permissions.display_name, permissions.category, permissions.is_active, permissions.created_at, permissions.updated_at 
FROM permissions JOIN role_permissions ON permissions.id = role_permissions.permission_id 
WHERE role_permissions.role_id = $1::INTEGER
2026-09-18 11:48:55,618 INFO sqlalchemy.engine.Engine [cached since 418.2s ago] (2,)
2026-09-18 11:48:55,620 INFO sqlalchemy.engine.Engine SELECT count(isb_award_grants.id) AS count_1 
FROM isb_award_grants 
WHERE isb_award_grants.award_id = $1::INTEGER
2026-09-18 11:48:55,620 INFO sqlalchemy.engine.Engine [cached since 417.7s ago] (3,)
2026-09-18 11:48:55,624 INFO sqlalchemy.engine.Engine SELECT isb_sector_assignments.id, isb_sector_assignments.sector_id, isb_sector_assignments.employee_id, isb_sector_assignments.assigned_at, isb_sector_assignments.is_leader, isb_sector_assignments.notes 
FROM isb_sector_assignments 
WHERE isb_sector_assignments.sector_id = $1::INTEGER
2026-09-18 11:48:55,625 INFO sqlalchemy.engine.Engine [cached since 417.6s ago] (4,)
2026-09-18 11:48:55,626 INFO sqlalchemy.engine.Engine SELECT count(isb_award_grants.id) AS count_1 
FROM isb_award_grants 
WHERE isb_award_grants.award_id = $1::INTEGER
2026-09-18 11:48:55,627 INFO sqlalchemy.engine.Engine [cached since 417.7s ago] (1,)
2026-09-18 11:48:55,630 INFO sqlalchemy.engine.Engine SELECT permissions.id, permissions.name, permissions.display_name, permissions.category, permissions.is_active, permissions.created_at, permissions.updated_at 
FROM permissions JOIN role_permissions ON permissions.id = role_permissions.permission_id 
WHERE role_permissions.role_id = $1::INTEGER
2026-09-18 11:48:55,630 INFO sqlalchemy.engine.Engine [cached since 418.2s ago] (7,)
2026-09-18 11:48:55,632 INFO sqlalchemy.engine.Engine SELECT isb_sector_assignments.id, isb_sector_assignments.sector_id, isb_sector_assignments.employee_id, isb_sector_assignments.assigned_at, isb_sector_assignments.is_leader, isb_sector_assignments.notes 
FROM isb_sector_assignments 
WHERE isb_sector_assignments.sector_id = $1::INTEGER
2026-09-18 11:48:55,633 INFO sqlalchemy.engine.Engine [cached since 417.6s ago] (5,)
2026-09-18 11:48:55,635 INFO sqlalchemy.engine.Engine SELECT count(isb_award_grants.id) AS count_1 
FROM isb_award_grants 
WHERE isb_award_grants.award_id = $1::INTEGER
2026-09-18 11:48:55,635 INFO sqlalchemy.engine.Engine [cached since 417.7s ago] (2,)
2026-09-18 11:48:55,638 INFO sqlalchemy.engine.Engine SELECT permissions.id, permissions.name, permissions.display_name, permissions.category, permissions.is_active, permissions.created_at, permissions.updated_at 
FROM permissions JOIN role_permissions ON permissions.id = role_permissions.permission_id 
WHERE role_permissions.role_id = $1::INTEGER
2026-09-18 11:48:55,638 INFO sqlalchemy.engine.Engine [cached since 418.2s ago] (19,)
2026-09-18 11:48:55,641 INFO sqlalchemy.engine.Engine SELECT isb_sector_assignments.id, isb_sector_assignments.sector_id, isb_sector_assignments.employee_id, isb_sector_assignments.assigned_at, isb_sector_assignments.is_leader, isb_sector_assignments.notes 
FROM isb_sector_assignments 
WHERE isb_sector_assignments.sector_id = $1::INTEGER
2026-09-18 11:48:55,641 INFO sqlalchemy.engine.Engine [cached since 417.6s ago] (6,)
2026-09-18 11:48:55,643 INFO sqlalchemy.engine.Engine SELECT count(isb_award_grants.id) AS count_1 
FROM isb_award_grants 
WHERE isb_award_grants.award_id = $1::INTEGER
2026-09-18 11:48:55,643 INFO sqlalchemy.engine.Engine [cached since 417.7s ago] (11,)
2026-09-18 11:48:55,647 INFO sqlalchemy.engine.Engine SELECT roles.id, roles.name, roles.display_name, roles.level, roles.is_active, roles.created_at, roles.updated_at 
FROM roles 
WHERE roles.id IN ($1::INTEGER, $2::INTEGER, $3::INTEGER)
2026-09-18 11:48:55,647 INFO sqlalchemy.engine.Engine [cached since 418.3s ago] (2, 19, 7)
2026-09-18 11:48:55,649 INFO sqlalchemy.engine.Engine SELECT isb_sector_assignments.id, isb_sector_assignments.sector_id, isb_sector_assignments.employee_id, isb_sector_assignments.assigned_at, isb_sector_assignments.is_leader, isb_sector_assignments.notes 
FROM isb_sector_assignments 
WHERE isb_sector_assignments.sector_id = $1::INTEGER
2026-09-18 11:48:55,650 INFO sqlalchemy.engine.Engine [cached since 417.6s ago] (7,)
2026-09-18 11:48:55,652 INFO sqlalchemy.engine.Engine SELECT count(isb_award_grants.id) AS count_1 
FROM isb_award_grants 
WHERE isb_award_grants.award_id = $1::INTEGER
2026-09-18 11:48:55,652 INFO sqlalchemy.engine.Engine [cached since 417.7s ago] (10,)
2026-09-18 11:48:55,655 INFO sqlalchemy.engine.Engine SELECT permissions.id, permissions.name, permissions.display_name, permissions.category, permissions.is_active, permissions.created_at, permissions.updated_at 
FROM permissions JOIN role_permissions ON permissions.id = role_permissions.permission_id 
WHERE role_permissions.role_id = $1::INTEGER
2026-09-18 11:48:55,655 INFO sqlalchemy.engine.Engine [cached since 418.2s ago] (2,)
2026-09-18 11:48:55,657 INFO sqlalchemy.engine.Engine SELECT isb_sector_assignments.id, isb_sector_assignments.sector_id, isb_sector_assignments.employee_id, isb_sector_assignments.assigned_at, isb_sector_assignments.is_leader, isb_sector_assignments.notes 
FROM isb_sector_assignments 
WHERE isb_sector_assignments.sector_id = $1::INTEGER
2026-09-18 11:48:55,657 INFO sqlalchemy.engine.Engine [cached since 417.6s ago] (8,)
2026-09-18 11:48:55,658 INFO sqlalchemy.engine.Engine SELECT count(isb_award_grants.id) AS count_1 
FROM isb_award_grants 
WHERE isb_award_grants.award_id = $1::INTEGER
2026-09-18 11:48:55,658 INFO sqlalchemy.engine.Engine [cached since 417.7s ago] (12,)
2026-09-18 11:48:55,660 INFO sqlalchemy.engine.Engine SELECT permissions.id, permissions.name, permissions.display_name, permissions.category, permissions.is_active, permissions.created_at, permissions.updated_at 
FROM permissions JOIN role_permissions ON permissions.id = role_permissions.permission_id 
WHERE role_permissions.role_id = $1::INTEGER
2026-09-18 11:48:55,660 INFO sqlalchemy.engine.Engine [cached since 418.2s ago] (7,)
2026-09-18 11:48:55,661 INFO sqlalchemy.engine.Engine SELECT isb_sector_assignments.id, isb_sector_assignments.sector_id, isb_sector_assignments.employee_id, isb_sector_assignments.assigned_at, isb_sector_assignments.is_leader, isb_sector_assignments.notes 
FROM isb_sector_assignments 
WHERE isb_sector_assignments.sector_id = $1::INTEGER
2026-09-18 11:48:55,661 INFO sqlalchemy.engine.Engine [cached since 417.6s ago] (9,)
2026-09-18 11:48:55,662 INFO sqlalchemy.engine.Engine SELECT count(isb_award_grants.id) AS count_1 
FROM isb_award_grants 
WHERE isb_award_grants.award_id = $1::INTEGER
2026-09-18 11:48:55,662 INFO sqlalchemy.engine.Engine [cached since 417.7s ago] (8,)
2026-09-18 11:48:55,664 INFO sqlalchemy.engine.Engine SELECT permissions.id, permissions.name, permissions.display_name, permissions.category, permissions.is_active, permissions.created_at, permissions.updated_at 
FROM permissions JOIN role_permissions ON permissions.id = role_permissions.permission_id 
WHERE role_permissions.role_id = $1::INTEGER
2026-09-18 11:48:55,664 INFO sqlalchemy.engine.Engine [cached since 418.3s ago] (19,)
2026-09-18 11:48:55,666 INFO sqlalchemy.engine.Engine SELECT isb_sector_assignments.id, isb_sector_assignments.sector_id, isb_sector_assignments.employee_id, isb_sector_assignments.assigned_at, isb_sector_assignments.is_leader, isb_sector_assignments.notes 
FROM isb_sector_assignments 
WHERE isb_sector_assignments.sector_id = $1::INTEGER
2026-09-18 11:48:55,666 INFO sqlalchemy.engine.Engine [cached since 417.6s ago] (10,)
2026-09-18 11:48:55,667 INFO sqlalchemy.engine.Engine SELECT count(isb_award_grants.id) AS count_1 
FROM isb_award_grants 
WHERE isb_award_grants.award_id = $1::INTEGER
2026-09-18 11:48:55,667 INFO sqlalchemy.engine.Engine [cached since 417.7s ago] (9,)
2026-09-18 11:48:55,670 INFO sqlalchemy.engine.Engine SELECT algorithms.id, algorithms.number, algorithms.title, algorithms.description, algorithms.task_type, algorithms.scope, algorithms.status, algorithms.deadline, algorithms.reward_reputation, algorithms.created_by, algorithms.max_participants, algorithms.created_at, algorithms.updated_at 
FROM algorithms ORDER BY algorithms.created_at DESC 
 LIMIT $1::INTEGER OFFSET $2::INTEGER
2026-09-18 11:48:55,670 INFO sqlalchemy.engine.Engine [cached since 417.5s ago] (200, 0)
2026-09-18 11:48:55,671 INFO sqlalchemy.engine.Engine SELECT count(isb_award_grants.id) AS count_1 
FROM isb_award_grants 
WHERE isb_award_grants.award_id = $1::INTEGER
2026-09-18 11:48:55,671 INFO sqlalchemy.engine.Engine [cached since 417.7s ago] (7,)
2026-09-18 11:48:55,673 INFO sqlalchemy.engine.Engine SELECT isb_employees.id, isb_employees.citizen_id, isb_employees.service_number, isb_employees.rank_name, isb_employees.rank_short, isb_employees.branch, isb_employees.level, isb_employees.access_level, isb_employees.position, isb_employees.enlisted_at, isb_employees.promoted_at, isb_employees.discharged_at, isb_employees.is_active, isb_employees.can_arrest, isb_employees.can_conduct_searches, isb_employees.can_issue_warrants, isb_employees.can_command, isb_employees.notes, isb_employees.created_at, isb_employees.updated_at 
FROM isb_employees 
WHERE isb_employees.id = $1::INTEGER
2026-09-18 11:48:55,673 INFO sqlalchemy.engine.Engine [cached since 417.6s ago] (2,)
INFO:     127.0.0.1:57860 - "GET /api/algorithms HTTP/1.1" 200 OK
2026-09-18 11:48:55,675 INFO sqlalchemy.engine.Engine ROLLBACK
2026-09-18 11:48:55,676 INFO sqlalchemy.engine.Engine SELECT citizens.id, citizens.discord_id, citizens.username, citizens.minecraft_uuid, citizens.role_ids, citizens.main_role_id, citizens.reputation, citizens.citizenship_date, citizens.last_login, citizens.created_at, citizens.updated_at, citizens.is_active, citizens.is_verified 
FROM citizens 
WHERE citizens.id = $1::INTEGER
2026-09-18 11:48:55,676 INFO sqlalchemy.engine.Engine [cached since 417.6s ago] (4,)
2026-09-18 11:48:55,678 INFO sqlalchemy.engine.Engine SELECT count(isb_award_grants.id) AS count_1 
FROM isb_award_grants 
WHERE isb_award_grants.award_id = $1::INTEGER
2026-09-18 11:48:55,678 INFO sqlalchemy.engine.Engine [cached since 417.7s ago] (5,)
2026-09-18 11:48:55,680 INFO sqlalchemy.engine.Engine SELECT count(isb_award_grants.id) AS count_1 
FROM isb_award_grants 
WHERE isb_award_grants.award_id = $1::INTEGER
2026-09-18 11:48:55,680 INFO sqlalchemy.engine.Engine [cached since 417.7s ago] (4,)
INFO:     127.0.0.1:57852 - "GET /api/isb/sectors HTTP/1.1" 200 OK
2026-09-18 11:48:55,682 INFO sqlalchemy.engine.Engine ROLLBACK
2026-09-18 11:48:55,684 INFO sqlalchemy.engine.Engine BEGIN (implicit)
2026-09-18 11:48:55,685 INFO sqlalchemy.engine.Engine SELECT citizens.id, citizens.discord_id, citizens.username, citizens.minecraft_uuid, citizens.role_ids, citizens.main_role_id, citizens.reputation, citizens.citizenship_date, citizens.last_login, citizens.created_at, citizens.updated_at, citizens.is_active, citizens.is_verified 
FROM citizens 
WHERE citizens.username ILIKE $1::VARCHAR OR citizens.minecraft_uuid ILIKE $2::VARCHAR 
 LIMIT $3::INTEGER
2026-09-18 11:48:55,685 INFO sqlalchemy.engine.Engine [cached since 417.5s ago] ('%test%', '%test%', 10)
2026-09-18 11:48:55,686 INFO sqlalchemy.engine.Engine SELECT count(isb_award_grants.id) AS count_1 
FROM isb_award_grants 
WHERE isb_award_grants.award_id = $1::INTEGER
2026-09-18 11:48:55,687 INFO sqlalchemy.engine.Engine [cached since 417.7s ago] (6,)
INFO:     127.0.0.1:57848 - "GET /api/admin/isb/awards/public HTTP/1.1" 200 OK
2026-09-18 11:48:55,689 INFO sqlalchemy.engine.Engine ROLLBACK
2026-09-18 11:48:55,691 INFO sqlalchemy.engine.Engine SELECT roles.id, roles.name, roles.display_name, roles.level, roles.is_active, roles.created_at, roles.updated_at 
FROM roles 
WHERE roles.name ILIKE $1::VARCHAR OR roles.display_name ILIKE $2::VARCHAR 
 LIMIT $3::INTEGER
2026-09-18 11:48:55,691 INFO sqlalchemy.engine.Engine [cached since 417.5s ago] ('%test%', '%test%', 5)
2026-09-18 11:48:55,693 INFO sqlalchemy.engine.Engine SELECT isb_awards.id, isb_awards.name, isb_awards.display_name, isb_awards.description, isb_awards.icon, isb_awards.rarity, isb_awards.category, isb_awards.is_active, isb_awards.created_at 
FROM isb_awards 
WHERE isb_awards.name ILIKE $1::VARCHAR OR isb_awards.display_name ILIKE $2::VARCHAR OR isb_awards.description ILIKE $3::VARCHAR 
 LIMIT $4::INTEGER
2026-09-18 11:48:55,694 INFO sqlalchemy.engine.Engine [cached since 417.5s ago] ('%test%', '%test%', '%test%', 5)
2026-09-18 11:48:55,696 INFO sqlalchemy.engine.Engine SELECT isb_employees.id, isb_employees.citizen_id, isb_employees.service_number, isb_employees.rank_name, isb_employees.rank_short, isb_employees.branch, isb_employees.level, isb_employees.access_level, isb_employees.position, isb_employees.enlisted_at, isb_employees.promoted_at, isb_employees.discharged_at, isb_employees.is_active, isb_employees.can_arrest, isb_employees.can_conduct_searches, isb_employees.can_issue_warrants, isb_employees.can_command, isb_employees.notes, isb_employees.created_at, isb_employees.updated_at 
FROM isb_employees 
WHERE isb_employees.service_number ILIKE $1::VARCHAR OR isb_employees.rank_name ILIKE $2::VARCHAR OR isb_employees.position ILIKE $3::VARCHAR 
 LIMIT $4::INTEGER
2026-09-18 11:48:55,696 INFO sqlalchemy.engine.Engine [cached since 417.5s ago] ('%test%', '%test%', '%test%', 10)
INFO:     127.0.0.1:57860 - "GET /api/search?q=test HTTP/1.1" 200 OK
2026-09-18 11:48:55,698 INFO sqlalchemy.engine.Engine ROLLBACK
2026-09-18 11:48:55,704 INFO sqlalchemy.engine.Engine BEGIN (implicit)
2026-09-18 11:48:55,704 INFO sqlalchemy.engine.Engine SELECT citizens.id, citizens.discord_id, citizens.username, citizens.minecraft_uuid, citizens.role_ids, citizens.main_role_id, citizens.reputation, citizens.citizenship_date, citizens.last_login, citizens.created_at, citizens.updated_at, citizens.is_active, citizens.is_verified 
FROM citizens 
WHERE citizens.discord_id = $1::BIGINT
2026-09-18 11:48:55,704 INFO sqlalchemy.engine.Engine [cached since 418.4s ago] (436507782263603200,)
2026-09-18 11:48:55,707 INFO sqlalchemy.engine.Engine SELECT roles.id, roles.name, roles.display_name, roles.level, roles.is_active, roles.created_at, roles.updated_at 
FROM roles 
WHERE roles.id IN ($1::INTEGER, $2::INTEGER, $3::INTEGER)
2026-09-18 11:48:55,707 INFO sqlalchemy.engine.Engine [cached since 418.3s ago] (2, 19, 7)
2026-09-18 11:48:55,709 INFO sqlalchemy.engine.Engine SELECT permissions.id, permissions.name, permissions.display_name, permissions.category, permissions.is_active, permissions.created_at, permissions.updated_at 
FROM permissions JOIN role_permissions ON permissions.id = role_permissions.permission_id 
WHERE role_permissions.role_id = $1::INTEGER
2026-09-18 11:48:55,709 INFO sqlalchemy.engine.Engine [cached since 418.3s ago] (2,)
2026-09-18 11:48:55,711 INFO sqlalchemy.engine.Engine SELECT permissions.id, permissions.name, permissions.display_name, permissions.category, permissions.is_active, permissions.created_at, permissions.updated_at 
FROM permissions JOIN role_permissions ON permissions.id = role_permissions.permission_id 
WHERE role_permissions.role_id = $1::INTEGER
2026-09-18 11:48:55,711 INFO sqlalchemy.engine.Engine [cached since 418.3s ago] (7,)
2026-09-18 11:48:55,713 INFO sqlalchemy.engine.Engine SELECT permissions.id, permissions.name, permissions.display_name, permissions.category, permissions.is_active, permissions.created_at, permissions.updated_at 
FROM permissions JOIN role_permissions ON permissions.id = role_permissions.permission_id 
WHERE role_permissions.role_id = $1::INTEGER
2026-09-18 11:48:55,713 INFO sqlalchemy.engine.Engine [cached since 418.3s ago] (19,)
2026-09-18 11:48:55,715 INFO sqlalchemy.engine.Engine SELECT roles.id, roles.name, roles.display_name, roles.level, roles.is_active, roles.created_at, roles.updated_at 
FROM roles 
WHERE roles.id IN ($1::INTEGER, $2::INTEGER, $3::INTEGER)
2026-09-18 11:48:55,715 INFO sqlalchemy.engine.Engine [cached since 418.3s ago] (2, 19, 7)
2026-09-18 11:48:55,717 INFO sqlalchemy.engine.Engine SELECT permissions.id, permissions.name, permissions.display_name, permissions.category, permissions.is_active, permissions.created_at, permissions.updated_at 
FROM permissions JOIN role_permissions ON permissions.id = role_permissions.permission_id 
WHERE role_permissions.role_id = $1::INTEGER
2026-09-18 11:48:55,717 INFO sqlalchemy.engine.Engine [cached since 418.3s ago] (2,)
2026-09-18 11:48:55,719 INFO sqlalchemy.engine.Engine SELECT permissions.id, permissions.name, permissions.display_name, permissions.category, permissions.is_active, permissions.created_at, permissions.updated_at 
FROM permissions JOIN role_permissions ON permissions.id = role_permissions.permission_id 
WHERE role_permissions.role_id = $1::INTEGER
2026-09-18 11:48:55,719 INFO sqlalchemy.engine.Engine [cached since 418.3s ago] (7,)
2026-09-18 11:48:55,721 INFO sqlalchemy.engine.Engine SELECT permissions.id, permissions.name, permissions.display_name, permissions.category, permissions.is_active, permissions.created_at, permissions.updated_at 
FROM permissions JOIN role_permissions ON permissions.id = role_permissions.permission_id 
WHERE role_permissions.role_id = $1::INTEGER
2026-09-18 11:48:55,721 INFO sqlalchemy.engine.Engine [cached since 418.3s ago] (19,)
2026-09-18 11:48:55,724 INFO sqlalchemy.engine.Engine SELECT algorithms.id, algorithms.number, algorithms.title, algorithms.description, algorithms.task_type, algorithms.scope, algorithms.status, algorithms.deadline, algorithms.reward_reputation, algorithms.created_by, algorithms.max_participants, algorithms.created_at, algorithms.updated_at 
FROM algorithms ORDER BY algorithms.created_at DESC 
 LIMIT $1::INTEGER OFFSET $2::INTEGER
2026-09-18 11:48:55,724 INFO sqlalchemy.engine.Engine [cached since 417.6s ago] (200, 0)
INFO:     127.0.0.1:57860 - "GET /api/algorithms HTTP/1.1" 200 OK
2026-09-18 11:48:55,725 INFO sqlalchemy.engine.Engine ROLLBACK
2026-09-18 11:48:57,290 INFO sqlalchemy.engine.Engine BEGIN (implicit)
2026-09-18 11:48:57,292 INFO sqlalchemy.engine.Engine SELECT citizens.id, citizens.discord_id, citizens.username, citizens.minecraft_uuid, citizens.role_ids, citizens.main_role_id, citizens.reputation, citizens.citizenship_date, citizens.last_login, citizens.created_at, citizens.updated_at, citizens.is_active, citizens.is_verified 
FROM citizens 
WHERE citizens.discord_id = $1::BIGINT
2026-09-18 11:48:57,293 INFO sqlalchemy.engine.Engine [cached since 420s ago] (436507782263603200,)
2026-09-18 11:48:57,301 INFO sqlalchemy.engine.Engine BEGIN (implicit)
2026-09-18 11:48:57,303 INFO sqlalchemy.engine.Engine SELECT citizens.id, citizens.discord_id, citizens.username, citizens.minecraft_uuid, citizens.role_ids, citizens.main_role_id, citizens.reputation, citizens.citizenship_date, citizens.last_login, citizens.created_at, citizens.updated_at, citizens.is_active, citizens.is_verified 
FROM citizens 
WHERE citizens.discord_id = $1::BIGINT
2026-09-18 11:48:57,304 INFO sqlalchemy.engine.Engine [cached since 420s ago] (436507782263603200,)
2026-09-18 11:48:57,313 INFO sqlalchemy.engine.Engine SELECT roles.id, roles.name, roles.display_name, roles.level, roles.is_active, roles.created_at, roles.updated_at 
FROM roles 
WHERE roles.id IN ($1::INTEGER, $2::INTEGER, $3::INTEGER)
2026-09-18 11:48:57,314 INFO sqlalchemy.engine.Engine [cached since 419.9s ago] (2, 19, 7)
2026-09-18 11:48:57,321 INFO sqlalchemy.engine.Engine SELECT roles.id, roles.name, roles.display_name, roles.level, roles.is_active, roles.created_at, roles.updated_at 
FROM roles 
WHERE roles.id IN ($1::INTEGER, $2::INTEGER, $3::INTEGER)
2026-09-18 11:48:57,322 INFO sqlalchemy.engine.Engine [cached since 419.9s ago] (2, 19, 7)
2026-09-18 11:48:57,328 INFO sqlalchemy.engine.Engine SELECT permissions.id, permissions.name, permissions.display_name, permissions.category, permissions.is_active, permissions.created_at, permissions.updated_at 
FROM permissions JOIN role_permissions ON permissions.id = role_permissions.permission_id 
WHERE role_permissions.role_id = $1::INTEGER
2026-09-18 11:48:57,329 INFO sqlalchemy.engine.Engine [cached since 419.9s ago] (2,)
2026-09-18 11:48:57,335 INFO sqlalchemy.engine.Engine SELECT permissions.id, permissions.name, permissions.display_name, permissions.category, permissions.is_active, permissions.created_at, permissions.updated_at 
FROM permissions JOIN role_permissions ON permissions.id = role_permissions.permission_id 
WHERE role_permissions.role_id = $1::INTEGER
2026-09-18 11:48:57,336 INFO sqlalchemy.engine.Engine [cached since 419.9s ago] (2,)
2026-09-18 11:48:57,346 INFO sqlalchemy.engine.Engine SELECT permissions.id, permissions.name, permissions.display_name, permissions.category, permissions.is_active, permissions.created_at, permissions.updated_at 
FROM permissions JOIN role_permissions ON permissions.id = role_permissions.permission_id 
WHERE role_permissions.role_id = $1::INTEGER
2026-09-18 11:48:57,347 INFO sqlalchemy.engine.Engine [cached since 419.9s ago] (7,)
2026-09-18 11:48:57,355 INFO sqlalchemy.engine.Engine SELECT permissions.id, permissions.name, permissions.display_name, permissions.category, permissions.is_active, permissions.created_at, permissions.updated_at 
FROM permissions JOIN role_permissions ON permissions.id = role_permissions.permission_id 
WHERE role_permissions.role_id = $1::INTEGER
2026-09-18 11:48:57,355 INFO sqlalchemy.engine.Engine [cached since 419.9s ago] (7,)
2026-09-18 11:48:57,363 INFO sqlalchemy.engine.Engine SELECT permissions.id, permissions.name, permissions.display_name, permissions.category, permissions.is_active, permissions.created_at, permissions.updated_at 
FROM permissions JOIN role_permissions ON permissions.id = role_permissions.permission_id 
WHERE role_permissions.role_id = $1::INTEGER
2026-09-18 11:48:57,364 INFO sqlalchemy.engine.Engine [cached since 420s ago] (19,)
2026-09-18 11:48:57,370 INFO sqlalchemy.engine.Engine SELECT permissions.id, permissions.name, permissions.display_name, permissions.category, permissions.is_active, permissions.created_at, permissions.updated_at 
FROM permissions JOIN role_permissions ON permissions.id = role_permissions.permission_id 
WHERE role_permissions.role_id = $1::INTEGER
2026-09-18 11:48:57,371 INFO sqlalchemy.engine.Engine [cached since 420s ago] (19,)
2026-09-18 11:48:57,379 INFO sqlalchemy.engine.Engine SELECT isb_sectors.id, isb_sectors.number, isb_sectors.name, isb_sectors.description, isb_sectors.center_x, isb_sectors.center_z, isb_sectors.threat_level, isb_sectors.is_active, isb_sectors.created_at 
FROM isb_sectors ORDER BY isb_sectors.number
2026-09-18 11:48:57,380 INFO sqlalchemy.engine.Engine [cached since 419.4s ago] ()
2026-09-18 11:48:57,387 INFO sqlalchemy.engine.Engine SELECT isb_employees.id, isb_employees.citizen_id, isb_employees.service_number, isb_employees.rank_name, isb_employees.rank_short, isb_employees.branch, isb_employees.level, isb_employees.access_level, isb_employees.position, isb_employees.enlisted_at, isb_employees.promoted_at, isb_employees.discharged_at, isb_employees.is_active, isb_employees.can_arrest, isb_employees.can_conduct_searches, isb_employees.can_issue_warrants, isb_employees.can_command, isb_employees.notes, isb_employees.created_at, isb_employees.updated_at 
FROM isb_employees ORDER BY isb_employees.level DESC
2026-09-18 11:48:57,388 INFO sqlalchemy.engine.Engine [cached since 419.6s ago] ()
2026-09-18 11:48:57,394 INFO sqlalchemy.engine.Engine SELECT count(isb_sector_assignments.id) AS count_1 
FROM isb_sector_assignments 
WHERE isb_sector_assignments.sector_id = $1::INTEGER
2026-09-18 11:48:57,394 INFO sqlalchemy.engine.Engine [cached since 418.1s ago] (1,)
2026-09-18 11:48:57,400 INFO sqlalchemy.engine.Engine SELECT citizens.id, citizens.discord_id, citizens.username, citizens.minecraft_uuid, citizens.role_ids, citizens.main_role_id, citizens.reputation, citizens.citizenship_date, citizens.last_login, citizens.created_at, citizens.updated_at, citizens.is_active, citizens.is_verified 
FROM citizens 
WHERE citizens.id IN ($1::INTEGER, $2::INTEGER)
2026-09-18 11:48:57,401 INFO sqlalchemy.engine.Engine [cached since 419.5s ago] (2, 4)
2026-09-18 11:48:57,406 INFO sqlalchemy.engine.Engine SELECT count(isb_sector_assignments.id) AS count_1 
FROM isb_sector_assignments 
WHERE isb_sector_assignments.sector_id = $1::INTEGER
2026-09-18 11:48:57,407 INFO sqlalchemy.engine.Engine [cached since 418.1s ago] (2,)
INFO:     127.0.0.1:57848 - "GET /api/admin/isb/employees HTTP/1.1" 200 OK
2026-09-18 11:48:57,414 INFO sqlalchemy.engine.Engine ROLLBACK
2026-09-18 11:48:57,420 INFO sqlalchemy.engine.Engine SELECT count(isb_sector_assignments.id) AS count_1 
FROM isb_sector_assignments 
WHERE isb_sector_assignments.sector_id = $1::INTEGER
2026-09-18 11:48:57,421 INFO sqlalchemy.engine.Engine [cached since 418.1s ago] (3,)
2026-09-18 11:48:57,424 INFO sqlalchemy.engine.Engine SELECT count(isb_sector_assignments.id) AS count_1 
FROM isb_sector_assignments 
WHERE isb_sector_assignments.sector_id = $1::INTEGER
2026-09-18 11:48:57,425 INFO sqlalchemy.engine.Engine [cached since 418.1s ago] (4,)
2026-09-18 11:48:57,428 INFO sqlalchemy.engine.Engine SELECT count(isb_sector_assignments.id) AS count_1 
FROM isb_sector_assignments 
WHERE isb_sector_assignments.sector_id = $1::INTEGER
2026-09-18 11:48:57,428 INFO sqlalchemy.engine.Engine [cached since 418.1s ago] (5,)
2026-09-18 11:48:57,432 INFO sqlalchemy.engine.Engine SELECT count(isb_sector_assignments.id) AS count_1 
FROM isb_sector_assignments 
WHERE isb_sector_assignments.sector_id = $1::INTEGER
2026-09-18 11:48:57,433 INFO sqlalchemy.engine.Engine [cached since 418.1s ago] (6,)
2026-09-18 11:48:57,436 INFO sqlalchemy.engine.Engine SELECT count(isb_sector_assignments.id) AS count_1 
FROM isb_sector_assignments 
WHERE isb_sector_assignments.sector_id = $1::INTEGER
2026-09-18 11:48:57,437 INFO sqlalchemy.engine.Engine [cached since 418.2s ago] (7,)
2026-09-18 11:48:57,440 INFO sqlalchemy.engine.Engine SELECT count(isb_sector_assignments.id) AS count_1 
FROM isb_sector_assignments 
WHERE isb_sector_assignments.sector_id = $1::INTEGER
2026-09-18 11:48:57,440 INFO sqlalchemy.engine.Engine [cached since 418.2s ago] (8,)
2026-09-18 11:48:57,444 INFO sqlalchemy.engine.Engine SELECT count(isb_sector_assignments.id) AS count_1 
FROM isb_sector_assignments 
WHERE isb_sector_assignments.sector_id = $1::INTEGER
2026-09-18 11:48:57,444 INFO sqlalchemy.engine.Engine [cached since 418.2s ago] (9,)
2026-09-18 11:48:57,449 INFO sqlalchemy.engine.Engine SELECT count(isb_sector_assignments.id) AS count_1 
FROM isb_sector_assignments 
WHERE isb_sector_assignments.sector_id = $1::INTEGER
2026-09-18 11:48:57,449 INFO sqlalchemy.engine.Engine [cached since 418.2s ago] (10,)
INFO:     127.0.0.1:57860 - "GET /api/isb/graphs/sectors HTTP/1.1" 200 OK
2026-09-18 11:48:57,454 INFO sqlalchemy.engine.Engine ROLLBACK
2026-09-18 11:48:57,616 INFO sqlalchemy.engine.Engine BEGIN (implicit)
2026-09-18 11:48:57,616 INFO sqlalchemy.engine.Engine SELECT citizens.id, citizens.discord_id, citizens.username, citizens.minecraft_uuid, citizens.role_ids, citizens.main_role_id, citizens.reputation, citizens.citizenship_date, citizens.last_login, citizens.created_at, citizens.updated_at, citizens.is_active, citizens.is_verified 
FROM citizens 
WHERE citizens.discord_id = $1::BIGINT
2026-09-18 11:48:57,616 INFO sqlalchemy.engine.Engine [cached since 420.3s ago] (436507782263603200,)
2026-09-18 11:48:57,621 INFO sqlalchemy.engine.Engine SELECT roles.id, roles.name, roles.display_name, roles.level, roles.is_active, roles.created_at, roles.updated_at 
FROM roles 
WHERE roles.id IN ($1::INTEGER, $2::INTEGER, $3::INTEGER)
2026-09-18 11:48:57,621 INFO sqlalchemy.engine.Engine [cached since 420.2s ago] (2, 19, 7)
2026-09-18 11:48:57,623 INFO sqlalchemy.engine.Engine SELECT permissions.id, permissions.name, permissions.display_name, permissions.category, permissions.is_active, permissions.created_at, permissions.updated_at 
FROM permissions JOIN role_permissions ON permissions.id = role_permissions.permission_id 
WHERE role_permissions.role_id = $1::INTEGER
2026-09-18 11:48:57,623 INFO sqlalchemy.engine.Engine [cached since 420.2s ago] (2,)
2026-09-18 11:48:57,626 INFO sqlalchemy.engine.Engine SELECT permissions.id, permissions.name, permissions.display_name, permissions.category, permissions.is_active, permissions.created_at, permissions.updated_at 
FROM permissions JOIN role_permissions ON permissions.id = role_permissions.permission_id 
WHERE role_permissions.role_id = $1::INTEGER
2026-09-18 11:48:57,626 INFO sqlalchemy.engine.Engine [cached since 420.2s ago] (7,)
2026-09-18 11:48:57,628 INFO sqlalchemy.engine.Engine SELECT permissions.id, permissions.name, permissions.display_name, permissions.category, permissions.is_active, permissions.created_at, permissions.updated_at 
FROM permissions JOIN role_permissions ON permissions.id = role_permissions.permission_id 
WHERE role_permissions.role_id = $1::INTEGER
2026-09-18 11:48:57,628 INFO sqlalchemy.engine.Engine [cached since 420.2s ago] (19,)
2026-09-18 11:48:57,631 INFO sqlalchemy.engine.Engine SELECT date_trunc($1::VARCHAR, isb_logs.created_at) AS hour, count(isb_logs.id) AS count 
FROM isb_logs 
WHERE isb_logs.created_at >= $2::TIMESTAMP WITHOUT TIME ZONE GROUP BY hour ORDER BY hour
2026-09-18 11:48:57,631 INFO sqlalchemy.engine.Engine [cached since 418.2s ago] ('hour', datetime.datetime(2026, 9, 17, 8, 48, 57, 630192))
INFO:     127.0.0.1:57860 - "GET /api/isb/graphs/logs-24h HTTP/1.1" 200 OK
2026-09-18 11:48:57,640 INFO sqlalchemy.engine.Engine ROLLBACK
2026-09-18 11:48:57,709 INFO sqlalchemy.engine.Engine BEGIN (implicit)
2026-09-18 11:48:57,709 INFO sqlalchemy.engine.Engine SELECT citizens.id, citizens.discord_id, citizens.username, citizens.minecraft_uuid, citizens.role_ids, citizens.main_role_id, citizens.reputation, citizens.citizenship_date, citizens.last_login, citizens.created_at, citizens.updated_at, citizens.is_active, citizens.is_verified 
FROM citizens 
WHERE citizens.discord_id = $1::BIGINT
2026-09-18 11:48:57,710 INFO sqlalchemy.engine.Engine [cached since 420.4s ago] (436507782263603200,)
2026-09-18 11:48:57,712 INFO sqlalchemy.engine.Engine SELECT roles.id, roles.name, roles.display_name, roles.level, roles.is_active, roles.created_at, roles.updated_at 
FROM roles 
WHERE roles.id IN ($1::INTEGER, $2::INTEGER, $3::INTEGER)
2026-09-18 11:48:57,713 INFO sqlalchemy.engine.Engine [cached since 420.3s ago] (2, 19, 7)
2026-09-18 11:48:57,715 INFO sqlalchemy.engine.Engine SELECT permissions.id, permissions.name, permissions.display_name, permissions.category, permissions.is_active, permissions.created_at, permissions.updated_at 
FROM permissions JOIN role_permissions ON permissions.id = role_permissions.permission_id 
WHERE role_permissions.role_id = $1::INTEGER
2026-09-18 11:48:57,715 INFO sqlalchemy.engine.Engine [cached since 420.3s ago] (2,)
2026-09-18 11:48:57,717 INFO sqlalchemy.engine.Engine SELECT permissions.id, permissions.name, permissions.display_name, permissions.category, permissions.is_active, permissions.created_at, permissions.updated_at 
FROM permissions JOIN role_permissions ON permissions.id = role_permissions.permission_id 
WHERE role_permissions.role_id = $1::INTEGER
2026-09-18 11:48:57,718 INFO sqlalchemy.engine.Engine [cached since 420.3s ago] (7,)
2026-09-18 11:48:57,721 INFO sqlalchemy.engine.Engine SELECT permissions.id, permissions.name, permissions.display_name, permissions.category, permissions.is_active, permissions.created_at, permissions.updated_at 
FROM permissions JOIN role_permissions ON permissions.id = role_permissions.permission_id 
WHERE role_permissions.role_id = $1::INTEGER
2026-09-18 11:48:57,721 INFO sqlalchemy.engine.Engine [cached since 420.3s ago] (19,)
2026-09-18 11:48:57,726 INFO sqlalchemy.engine.Engine SELECT isb_sectors.id, isb_sectors.number, isb_sectors.name, isb_sectors.description, isb_sectors.center_x, isb_sectors.center_z, isb_sectors.threat_level, isb_sectors.is_active, isb_sectors.created_at 
FROM isb_sectors ORDER BY isb_sectors.threat_level DESC 
 LIMIT $1::INTEGER
2026-09-18 11:48:57,726 INFO sqlalchemy.engine.Engine [cached since 418.2s ago] (5,)
INFO:     127.0.0.1:57860 - "GET /api/isb/graphs/threat HTTP/1.1" 200 OK
2026-09-18 11:48:57,730 INFO sqlalchemy.engine.Engine ROLLBACK
2026-09-18 11:49:25,287 INFO sqlalchemy.engine.Engine BEGIN (implicit)
2026-09-18 11:49:25,288 INFO sqlalchemy.engine.Engine SELECT citizens.id, citizens.discord_id, citizens.username, citizens.minecraft_uuid, citizens.role_ids, citizens.main_role_id, citizens.reputation, citizens.citizenship_date, citizens.last_login, citizens.created_at, citizens.updated_at, citizens.is_active, citizens.is_verified 
FROM citizens 
WHERE citizens.discord_id = $1::BIGINT
2026-09-18 11:49:25,288 INFO sqlalchemy.engine.Engine [cached since 448s ago] (436507782263603200,)
2026-09-18 11:49:25,290 INFO sqlalchemy.engine.Engine BEGIN (implicit)
2026-09-18 11:49:25,291 INFO sqlalchemy.engine.Engine SELECT citizens.id, citizens.discord_id, citizens.username, citizens.minecraft_uuid, citizens.role_ids, citizens.main_role_id, citizens.reputation, citizens.citizenship_date, citizens.last_login, citizens.created_at, citizens.updated_at, citizens.is_active, citizens.is_verified 
FROM citizens 
WHERE citizens.discord_id = $1::BIGINT
2026-09-18 11:49:25,291 INFO sqlalchemy.engine.Engine [cached since 448s ago] (436507782263603200,)
2026-09-18 11:49:25,296 INFO sqlalchemy.engine.Engine SELECT roles.id, roles.name, roles.display_name, roles.level, roles.is_active, roles.created_at, roles.updated_at 
FROM roles 
WHERE roles.id IN ($1::INTEGER, $2::INTEGER, $3::INTEGER)
2026-09-18 11:49:25,296 INFO sqlalchemy.engine.Engine [cached since 447.9s ago] (2, 19, 7)
2026-09-18 11:49:25,298 INFO sqlalchemy.engine.Engine SELECT isb_employees.id, isb_employees.citizen_id, isb_employees.service_number, isb_employees.rank_name, isb_employees.rank_short, isb_employees.branch, isb_employees.level, isb_employees.access_level, isb_employees.position, isb_employees.enlisted_at, isb_employees.promoted_at, isb_employees.discharged_at, isb_employees.is_active, isb_employees.can_arrest, isb_employees.can_conduct_searches, isb_employees.can_issue_warrants, isb_employees.can_command, isb_employees.notes, isb_employees.created_at, isb_employees.updated_at 
FROM isb_employees 
WHERE isb_employees.citizen_id = $1::INTEGER
2026-09-18 11:49:25,299 INFO sqlalchemy.engine.Engine [cached since 447.9s ago] (2,)
2026-09-18 11:49:25,302 INFO sqlalchemy.engine.Engine SELECT permissions.id, permissions.name, permissions.display_name, permissions.category, permissions.is_active, permissions.created_at, permissions.updated_at 
FROM permissions JOIN role_permissions ON permissions.id = role_permissions.permission_id 
WHERE role_permissions.role_id = $1::INTEGER
2026-09-18 11:49:25,302 INFO sqlalchemy.engine.Engine [cached since 447.9s ago] (2,)
INFO:     127.0.0.1:57874 - "GET /api/isb/me/access HTTP/1.1" 200 OK
2026-09-18 11:49:25,304 INFO sqlalchemy.engine.Engine ROLLBACK
2026-09-18 11:49:25,307 INFO sqlalchemy.engine.Engine SELECT permissions.id, permissions.name, permissions.display_name, permissions.category, permissions.is_active, permissions.created_at, permissions.updated_at 
FROM permissions JOIN role_permissions ON permissions.id = role_permissions.permission_id 
WHERE role_permissions.role_id = $1::INTEGER
2026-09-18 11:49:25,307 INFO sqlalchemy.engine.Engine [cached since 447.9s ago] (7,)
2026-09-18 11:49:25,309 INFO sqlalchemy.engine.Engine SELECT permissions.id, permissions.name, permissions.display_name, permissions.category, permissions.is_active, permissions.created_at, permissions.updated_at 
FROM permissions JOIN role_permissions ON permissions.id = role_permissions.permission_id 
WHERE role_permissions.role_id = $1::INTEGER
2026-09-18 11:49:25,309 INFO sqlalchemy.engine.Engine [cached since 447.9s ago] (19,)
2026-09-18 11:49:25,311 INFO sqlalchemy.engine.Engine SELECT isb_sectors.id, isb_sectors.number, isb_sectors.name, isb_sectors.description, isb_sectors.center_x, isb_sectors.center_z, isb_sectors.threat_level, isb_sectors.is_active, isb_sectors.created_at 
FROM isb_sectors ORDER BY isb_sectors.number
2026-09-18 11:49:25,312 INFO sqlalchemy.engine.Engine [cached since 447.3s ago] ()
2026-09-18 11:49:25,313 INFO sqlalchemy.engine.Engine SELECT isb_sector_assignments.id, isb_sector_assignments.sector_id, isb_sector_assignments.employee_id, isb_sector_assignments.assigned_at, isb_sector_assignments.is_leader, isb_sector_assignments.notes 
FROM isb_sector_assignments 
WHERE isb_sector_assignments.sector_id = $1::INTEGER
2026-09-18 11:49:25,314 INFO sqlalchemy.engine.Engine [cached since 447.3s ago] (1,)
2026-09-18 11:49:25,316 INFO sqlalchemy.engine.Engine SELECT isb_employees.id, isb_employees.citizen_id, isb_employees.service_number, isb_employees.rank_name, isb_employees.rank_short, isb_employees.branch, isb_employees.level, isb_employees.access_level, isb_employees.position, isb_employees.enlisted_at, isb_employees.promoted_at, isb_employees.discharged_at, isb_employees.is_active, isb_employees.can_arrest, isb_employees.can_conduct_searches, isb_employees.can_issue_warrants, isb_employees.can_command, isb_employees.notes, isb_employees.created_at, isb_employees.updated_at 
FROM isb_employees 
WHERE isb_employees.id = $1::INTEGER
2026-09-18 11:49:25,316 INFO sqlalchemy.engine.Engine [cached since 447.3s ago] (2,)
2026-09-18 11:49:25,320 INFO sqlalchemy.engine.Engine SELECT citizens.id, citizens.discord_id, citizens.username, citizens.minecraft_uuid, citizens.role_ids, citizens.main_role_id, citizens.reputation, citizens.citizenship_date, citizens.last_login, citizens.created_at, citizens.updated_at, citizens.is_active, citizens.is_verified 
FROM citizens 
WHERE citizens.id = $1::INTEGER
2026-09-18 11:49:25,321 INFO sqlalchemy.engine.Engine [cached since 447.3s ago] (4,)
2026-09-18 11:49:25,323 INFO sqlalchemy.engine.Engine SELECT isb_employees.id, isb_employees.citizen_id, isb_employees.service_number, isb_employees.rank_name, isb_employees.rank_short, isb_employees.branch, isb_employees.level, isb_employees.access_level, isb_employees.position, isb_employees.enlisted_at, isb_employees.promoted_at, isb_employees.discharged_at, isb_employees.is_active, isb_employees.can_arrest, isb_employees.can_conduct_searches, isb_employees.can_issue_warrants, isb_employees.can_command, isb_employees.notes, isb_employees.created_at, isb_employees.updated_at 
FROM isb_employees 
WHERE isb_employees.id = $1::INTEGER
2026-09-18 11:49:25,323 INFO sqlalchemy.engine.Engine [cached since 447.3s ago] (1,)
2026-09-18 11:49:25,325 INFO sqlalchemy.engine.Engine SELECT citizens.id, citizens.discord_id, citizens.username, citizens.minecraft_uuid, citizens.role_ids, citizens.main_role_id, citizens.reputation, citizens.citizenship_date, citizens.last_login, citizens.created_at, citizens.updated_at, citizens.is_active, citizens.is_verified 
FROM citizens 
WHERE citizens.id = $1::INTEGER
2026-09-18 11:49:25,326 INFO sqlalchemy.engine.Engine [cached since 447.3s ago] (2,)
2026-09-18 11:49:25,328 INFO sqlalchemy.engine.Engine SELECT isb_sector_assignments.id, isb_sector_assignments.sector_id, isb_sector_assignments.employee_id, isb_sector_assignments.assigned_at, isb_sector_assignments.is_leader, isb_sector_assignments.notes 
FROM isb_sector_assignments 
WHERE isb_sector_assignments.sector_id = $1::INTEGER
2026-09-18 11:49:25,328 INFO sqlalchemy.engine.Engine [cached since 447.3s ago] (2,)
2026-09-18 11:49:25,330 INFO sqlalchemy.engine.Engine SELECT isb_sector_assignments.id, isb_sector_assignments.sector_id, isb_sector_assignments.employee_id, isb_sector_assignments.assigned_at, isb_sector_assignments.is_leader, isb_sector_assignments.notes 
FROM isb_sector_assignments 
WHERE isb_sector_assignments.sector_id = $1::INTEGER
2026-09-18 11:49:25,330 INFO sqlalchemy.engine.Engine [cached since 447.3s ago] (3,)
2026-09-18 11:49:25,332 INFO sqlalchemy.engine.Engine SELECT isb_sector_assignments.id, isb_sector_assignments.sector_id, isb_sector_assignments.employee_id, isb_sector_assignments.assigned_at, isb_sector_assignments.is_leader, isb_sector_assignments.notes 
FROM isb_sector_assignments 
WHERE isb_sector_assignments.sector_id = $1::INTEGER
2026-09-18 11:49:25,332 INFO sqlalchemy.engine.Engine [cached since 447.3s ago] (4,)
2026-09-18 11:49:25,334 INFO sqlalchemy.engine.Engine SELECT isb_sector_assignments.id, isb_sector_assignments.sector_id, isb_sector_assignments.employee_id, isb_sector_assignments.assigned_at, isb_sector_assignments.is_leader, isb_sector_assignments.notes 
FROM isb_sector_assignments 
WHERE isb_sector_assignments.sector_id = $1::INTEGER
2026-09-18 11:49:25,334 INFO sqlalchemy.engine.Engine [cached since 447.3s ago] (5,)
2026-09-18 11:49:25,336 INFO sqlalchemy.engine.Engine SELECT isb_sector_assignments.id, isb_sector_assignments.sector_id, isb_sector_assignments.employee_id, isb_sector_assignments.assigned_at, isb_sector_assignments.is_leader, isb_sector_assignments.notes 
FROM isb_sector_assignments 
WHERE isb_sector_assignments.sector_id = $1::INTEGER
2026-09-18 11:49:25,337 INFO sqlalchemy.engine.Engine [cached since 447.3s ago] (6,)
2026-09-18 11:49:25,340 INFO sqlalchemy.engine.Engine SELECT isb_sector_assignments.id, isb_sector_assignments.sector_id, isb_sector_assignments.employee_id, isb_sector_assignments.assigned_at, isb_sector_assignments.is_leader, isb_sector_assignments.notes 
FROM isb_sector_assignments 
WHERE isb_sector_assignments.sector_id = $1::INTEGER
2026-09-18 11:49:25,340 INFO sqlalchemy.engine.Engine [cached since 447.3s ago] (7,)
2026-09-18 11:49:25,342 INFO sqlalchemy.engine.Engine SELECT isb_sector_assignments.id, isb_sector_assignments.sector_id, isb_sector_assignments.employee_id, isb_sector_assignments.assigned_at, isb_sector_assignments.is_leader, isb_sector_assignments.notes 
FROM isb_sector_assignments 
WHERE isb_sector_assignments.sector_id = $1::INTEGER
2026-09-18 11:49:25,342 INFO sqlalchemy.engine.Engine [cached since 447.3s ago] (8,)
2026-09-18 11:49:25,344 INFO sqlalchemy.engine.Engine SELECT isb_sector_assignments.id, isb_sector_assignments.sector_id, isb_sector_assignments.employee_id, isb_sector_assignments.assigned_at, isb_sector_assignments.is_leader, isb_sector_assignments.notes 
FROM isb_sector_assignments 
WHERE isb_sector_assignments.sector_id = $1::INTEGER
2026-09-18 11:49:25,344 INFO sqlalchemy.engine.Engine [cached since 447.3s ago] (9,)
2026-09-18 11:49:25,346 INFO sqlalchemy.engine.Engine SELECT isb_sector_assignments.id, isb_sector_assignments.sector_id, isb_sector_assignments.employee_id, isb_sector_assignments.assigned_at, isb_sector_assignments.is_leader, isb_sector_assignments.notes 
FROM isb_sector_assignments 
WHERE isb_sector_assignments.sector_id = $1::INTEGER
2026-09-18 11:49:25,346 INFO sqlalchemy.engine.Engine [cached since 447.3s ago] (10,)
2026-09-18 11:49:25,348 INFO sqlalchemy.engine.Engine SELECT isb_employees.id, isb_employees.citizen_id, isb_employees.service_number, isb_employees.rank_name, isb_employees.rank_short, isb_employees.branch, isb_employees.level, isb_employees.access_level, isb_employees.position, isb_employees.enlisted_at, isb_employees.promoted_at, isb_employees.discharged_at, isb_employees.is_active, isb_employees.can_arrest, isb_employees.can_conduct_searches, isb_employees.can_issue_warrants, isb_employees.can_command, isb_employees.notes, isb_employees.created_at, isb_employees.updated_at 
FROM isb_employees 
WHERE isb_employees.id = $1::INTEGER
2026-09-18 11:49:25,348 INFO sqlalchemy.engine.Engine [cached since 447.3s ago] (2,)
2026-09-18 11:49:25,350 INFO sqlalchemy.engine.Engine SELECT citizens.id, citizens.discord_id, citizens.username, citizens.minecraft_uuid, citizens.role_ids, citizens.main_role_id, citizens.reputation, citizens.citizenship_date, citizens.last_login, citizens.created_at, citizens.updated_at, citizens.is_active, citizens.is_verified 
FROM citizens 
WHERE citizens.id = $1::INTEGER
2026-09-18 11:49:25,350 INFO sqlalchemy.engine.Engine [cached since 447.3s ago] (4,)
INFO:     127.0.0.1:57870 - "GET /api/isb/sectors HTTP/1.1" 200 OK
2026-09-18 11:49:25,353 INFO sqlalchemy.engine.Engine ROLLBACK
2026-09-18 11:49:27,283 INFO sqlalchemy.engine.Engine BEGIN (implicit)
2026-09-18 11:49:27,284 INFO sqlalchemy.engine.Engine SELECT citizens.id, citizens.discord_id, citizens.username, citizens.minecraft_uuid, citizens.role_ids, citizens.main_role_id, citizens.reputation, citizens.citizenship_date, citizens.last_login, citizens.created_at, citizens.updated_at, citizens.is_active, citizens.is_verified 
FROM citizens 
WHERE citizens.discord_id = $1::BIGINT
2026-09-18 11:49:27,284 INFO sqlalchemy.engine.Engine [cached since 450s ago] (436507782263603200,)
2026-09-18 11:49:27,289 INFO sqlalchemy.engine.Engine SELECT roles.id, roles.name, roles.display_name, roles.level, roles.is_active, roles.created_at, roles.updated_at 
FROM roles 
WHERE roles.id IN ($1::INTEGER, $2::INTEGER, $3::INTEGER)
2026-09-18 11:49:27,289 INFO sqlalchemy.engine.Engine [cached since 449.9s ago] (2, 19, 7)
2026-09-18 11:49:27,293 INFO sqlalchemy.engine.Engine SELECT permissions.id, permissions.name, permissions.display_name, permissions.category, permissions.is_active, permissions.created_at, permissions.updated_at 
FROM permissions JOIN role_permissions ON permissions.id = role_permissions.permission_id 
WHERE role_permissions.role_id = $1::INTEGER
2026-09-18 11:49:27,293 INFO sqlalchemy.engine.Engine [cached since 449.9s ago] (2,)
2026-09-18 11:49:27,298 INFO sqlalchemy.engine.Engine SELECT permissions.id, permissions.name, permissions.display_name, permissions.category, permissions.is_active, permissions.created_at, permissions.updated_at 
FROM permissions JOIN role_permissions ON permissions.id = role_permissions.permission_id 
WHERE role_permissions.role_id = $1::INTEGER
2026-09-18 11:49:27,299 INFO sqlalchemy.engine.Engine [cached since 449.9s ago] (7,)
2026-09-18 11:49:27,304 INFO sqlalchemy.engine.Engine SELECT permissions.id, permissions.name, permissions.display_name, permissions.category, permissions.is_active, permissions.created_at, permissions.updated_at 
FROM permissions JOIN role_permissions ON permissions.id = role_permissions.permission_id 
WHERE role_permissions.role_id = $1::INTEGER
2026-09-18 11:49:27,305 INFO sqlalchemy.engine.Engine [cached since 449.9s ago] (19,)
2026-09-18 11:49:27,309 INFO sqlalchemy.engine.Engine SELECT isb_employees.id, isb_employees.citizen_id, isb_employees.service_number, isb_employees.rank_name, isb_employees.rank_short, isb_employees.branch, isb_employees.level, isb_employees.access_level, isb_employees.position, isb_employees.enlisted_at, isb_employees.promoted_at, isb_employees.discharged_at, isb_employees.is_active, isb_employees.can_arrest, isb_employees.can_conduct_searches, isb_employees.can_issue_warrants, isb_employees.can_command, isb_employees.notes, isb_employees.created_at, isb_employees.updated_at 
FROM isb_employees ORDER BY isb_employees.level DESC
2026-09-18 11:49:27,310 INFO sqlalchemy.engine.Engine [cached since 449.5s ago] ()
2026-09-18 11:49:27,312 INFO sqlalchemy.engine.Engine SELECT citizens.id, citizens.discord_id, citizens.username, citizens.minecraft_uuid, citizens.role_ids, citizens.main_role_id, citizens.reputation, citizens.citizenship_date, citizens.last_login, citizens.created_at, citizens.updated_at, citizens.is_active, citizens.is_verified 
FROM citizens 
WHERE citizens.id IN ($1::INTEGER, $2::INTEGER)
2026-09-18 11:49:27,312 INFO sqlalchemy.engine.Engine [cached since 449.5s ago] (2, 4)
INFO:     127.0.0.1:57870 - "GET /api/admin/isb/employees HTTP/1.1" 200 OK
2026-09-18 11:49:27,315 INFO sqlalchemy.engine.Engine ROLLBACK
2026-09-18 11:49:29,282 INFO sqlalchemy.engine.Engine BEGIN (implicit)
2026-09-18 11:49:29,283 INFO sqlalchemy.engine.Engine SELECT citizens.id, citizens.discord_id, citizens.username, citizens.minecraft_uuid, citizens.role_ids, citizens.main_role_id, citizens.reputation, citizens.citizenship_date, citizens.last_login, citizens.created_at, citizens.updated_at, citizens.is_active, citizens.is_verified 
FROM citizens 
WHERE citizens.discord_id = $1::BIGINT
2026-09-18 11:49:29,283 INFO sqlalchemy.engine.Engine [cached since 452s ago] (436507782263603200,)
INFO:     127.0.0.1:57874 - "GET /health HTTP/1.1" 200 OK
2026-09-18 11:49:29,289 INFO sqlalchemy.engine.Engine SELECT roles.id, roles.name, roles.display_name, roles.level, roles.is_active, roles.created_at, roles.updated_at 
FROM roles 
WHERE roles.id IN ($1::INTEGER, $2::INTEGER, $3::INTEGER)
2026-09-18 11:49:29,289 INFO sqlalchemy.engine.Engine [cached since 451.9s ago] (2, 19, 7)
2026-09-18 11:49:29,293 INFO sqlalchemy.engine.Engine SELECT permissions.id, permissions.name, permissions.display_name, permissions.category, permissions.is_active, permissions.created_at, permissions.updated_at 
FROM permissions JOIN role_permissions ON permissions.id = role_permissions.permission_id 
WHERE role_permissions.role_id = $1::INTEGER
2026-09-18 11:49:29,293 INFO sqlalchemy.engine.Engine [cached since 451.9s ago] (2,)
2026-09-18 11:49:29,296 INFO sqlalchemy.engine.Engine BEGIN (implicit)
2026-09-18 11:49:29,297 INFO sqlalchemy.engine.Engine SELECT count(citizens.id) AS count_1 
FROM citizens
2026-09-18 11:49:29,298 INFO sqlalchemy.engine.Engine [cached since 455.1s ago] ()
2026-09-18 11:49:29,302 INFO sqlalchemy.engine.Engine SELECT permissions.id, permissions.name, permissions.display_name, permissions.category, permissions.is_active, permissions.created_at, permissions.updated_at 
FROM permissions JOIN role_permissions ON permissions.id = role_permissions.permission_id 
WHERE role_permissions.role_id = $1::INTEGER
2026-09-18 11:49:29,303 INFO sqlalchemy.engine.Engine [cached since 451.9s ago] (7,)
2026-09-18 11:49:29,307 INFO sqlalchemy.engine.Engine SELECT permissions.id, permissions.name, permissions.display_name, permissions.category, permissions.is_active, permissions.created_at, permissions.updated_at 
FROM permissions JOIN role_permissions ON permissions.id = role_permissions.permission_id 
WHERE role_permissions.role_id = $1::INTEGER
2026-09-18 11:49:29,307 INFO sqlalchemy.engine.Engine [cached since 451.9s ago] (19,)
2026-09-18 11:49:29,310 INFO sqlalchemy.engine.Engine SELECT roles.id, roles.name, roles.display_name, roles.level, roles.is_active, roles.created_at, roles.updated_at 
FROM roles ORDER BY roles.level DESC
2026-09-18 11:49:29,310 INFO sqlalchemy.engine.Engine [cached since 451.4s ago] ()
2026-09-18 11:49:29,314 INFO sqlalchemy.engine.Engine SELECT isb_logs.id, isb_logs.created_at, isb_logs.severity, isb_logs.category, isb_logs.message, isb_logs.actor_id, isb_logs.sector_id, isb_logs.meta 
FROM isb_logs ORDER BY isb_logs.created_at DESC 
 LIMIT $1::INTEGER
2026-09-18 11:49:29,314 INFO sqlalchemy.engine.Engine [cached since 451.3s ago] (30,)
2026-09-18 11:49:29,318 INFO sqlalchemy.engine.Engine SELECT roles_1.id AS roles_1_id, permissions.id AS permissions_id, permissions.name AS permissions_name, permissions.display_name AS permissions_display_name, permissions.category AS permissions_category, permissions.is_active AS permissions_is_active, permissions.created_at AS permissions_created_at, permissions.updated_at AS permissions_updated_at 
FROM roles AS roles_1 JOIN role_permissions AS role_permissions_1 ON roles_1.id = role_permissions_1.role_id JOIN permissions ON permissions.id = role_permissions_1.permission_id 
WHERE roles_1.id IN ($1::INTEGER, $2::INTEGER, $3::INTEGER, $4::INTEGER, $5::INTEGER, $6::INTEGER, $7::INTEGER)
2026-09-18 11:49:29,319 INFO sqlalchemy.engine.Engine [cached since 451.4s ago] (2, 15, 16, 17, 18, 19, 7)
2026-09-18 11:49:29,322 INFO sqlalchemy.engine.Engine SELECT citizens.id, citizens.discord_id, citizens.username, citizens.minecraft_uuid, citizens.role_ids, citizens.main_role_id, citizens.reputation, citizens.citizenship_date, citizens.last_login, citizens.created_at, citizens.updated_at, citizens.is_active, citizens.is_verified 
FROM citizens 
WHERE citizens.id = $1::INTEGER
2026-09-18 11:49:29,323 INFO sqlalchemy.engine.Engine [cached since 451.3s ago] (2,)
2026-09-18 11:49:29,330 INFO sqlalchemy.engine.Engine SELECT citizens.id, citizens.discord_id, citizens.username, citizens.minecraft_uuid, citizens.role_ids, citizens.main_role_id, citizens.reputation, citizens.citizenship_date, citizens.last_login, citizens.created_at, citizens.updated_at, citizens.is_active, citizens.is_verified 
FROM citizens ORDER BY citizens.citizenship_date DESC 
 LIMIT $1::INTEGER OFFSET $2::INTEGER
2026-09-18 11:49:29,330 INFO sqlalchemy.engine.Engine [cached since 451.4s ago] (10000, 0)
2026-09-18 11:49:29,333 INFO sqlalchemy.engine.Engine SELECT isb_sectors.id, isb_sectors.number, isb_sectors.name, isb_sectors.description, isb_sectors.center_x, isb_sectors.center_z, isb_sectors.threat_level, isb_sectors.is_active, isb_sectors.created_at 
FROM isb_sectors 
WHERE isb_sectors.id = $1::INTEGER
2026-09-18 11:49:29,333 INFO sqlalchemy.engine.Engine [cached since 451.3s ago] (1,)
INFO:     127.0.0.1:57874 - "GET /api/stats HTTP/1.1" 200 OK
2026-09-18 11:49:29,337 INFO sqlalchemy.engine.Engine ROLLBACK
2026-09-18 11:49:29,340 INFO sqlalchemy.engine.Engine SELECT citizens.id, citizens.discord_id, citizens.username, citizens.minecraft_uuid, citizens.role_ids, citizens.main_role_id, citizens.reputation, citizens.citizenship_date, citizens.last_login, citizens.created_at, citizens.updated_at, citizens.is_active, citizens.is_verified 
FROM citizens 
WHERE citizens.id = $1::INTEGER
2026-09-18 11:49:29,341 INFO sqlalchemy.engine.Engine [cached since 451.3s ago] (2,)
2026-09-18 11:49:29,344 INFO sqlalchemy.engine.Engine SELECT isb_sectors.id, isb_sectors.number, isb_sectors.name, isb_sectors.description, isb_sectors.center_x, isb_sectors.center_z, isb_sectors.threat_level, isb_sectors.is_active, isb_sectors.created_at 
FROM isb_sectors 
WHERE isb_sectors.id = $1::INTEGER
2026-09-18 11:49:29,345 INFO sqlalchemy.engine.Engine [cached since 451.3s ago] (1,)
2026-09-18 11:49:29,349 INFO sqlalchemy.engine.Engine BEGIN (implicit)
2026-09-18 11:49:29,350 INFO sqlalchemy.engine.Engine SELECT citizens.id, citizens.discord_id, citizens.username, citizens.minecraft_uuid, citizens.role_ids, citizens.main_role_id, citizens.reputation, citizens.citizenship_date, citizens.last_login, citizens.created_at, citizens.updated_at, citizens.is_active, citizens.is_verified 
FROM citizens 
WHERE citizens.discord_id = $1::BIGINT
2026-09-18 11:49:29,350 INFO sqlalchemy.engine.Engine [cached since 452s ago] (436507782263603200,)
2026-09-18 11:49:29,353 INFO sqlalchemy.engine.Engine SELECT citizens.id, citizens.discord_id, citizens.username, citizens.minecraft_uuid, citizens.role_ids, citizens.main_role_id, citizens.reputation, citizens.citizenship_date, citizens.last_login, citizens.created_at, citizens.updated_at, citizens.is_active, citizens.is_verified 
FROM citizens 
WHERE citizens.id = $1::INTEGER
2026-09-18 11:49:29,353 INFO sqlalchemy.engine.Engine [cached since 451.3s ago] (2,)
2026-09-18 11:49:29,355 INFO sqlalchemy.engine.Engine SELECT isb_sectors.id, isb_sectors.number, isb_sectors.name, isb_sectors.description, isb_sectors.center_x, isb_sectors.center_z, isb_sectors.threat_level, isb_sectors.is_active, isb_sectors.created_at 
FROM isb_sectors 
WHERE isb_sectors.id = $1::INTEGER
2026-09-18 11:49:29,355 INFO sqlalchemy.engine.Engine [cached since 451.3s ago] (10,)
2026-09-18 11:49:29,357 INFO sqlalchemy.engine.Engine SELECT roles.id, roles.name, roles.display_name, roles.level, roles.is_active, roles.created_at, roles.updated_at 
FROM roles 
WHERE roles.id IN ($1::INTEGER, $2::INTEGER, $3::INTEGER)
2026-09-18 11:49:29,358 INFO sqlalchemy.engine.Engine [cached since 452s ago] (2, 19, 7)
INFO:     127.0.0.1:57870 - "GET /api/isb/logs?limit=30 HTTP/1.1" 200 OK
2026-09-18 11:49:29,360 INFO sqlalchemy.engine.Engine ROLLBACK
2026-09-18 11:49:29,362 INFO sqlalchemy.engine.Engine SELECT permissions.id, permissions.name, permissions.display_name, permissions.category, permissions.is_active, permissions.created_at, permissions.updated_at 
FROM permissions JOIN role_permissions ON permissions.id = role_permissions.permission_id 
WHERE role_permissions.role_id = $1::INTEGER
2026-09-18 11:49:29,362 INFO sqlalchemy.engine.Engine [cached since 452s ago] (2,)
2026-09-18 11:49:29,365 INFO sqlalchemy.engine.Engine SELECT permissions.id, permissions.name, permissions.display_name, permissions.category, permissions.is_active, permissions.created_at, permissions.updated_at 
FROM permissions JOIN role_permissions ON permissions.id = role_permissions.permission_id 
WHERE role_permissions.role_id = $1::INTEGER
2026-09-18 11:49:29,365 INFO sqlalchemy.engine.Engine [cached since 452s ago] (7,)
2026-09-18 11:49:29,367 INFO sqlalchemy.engine.Engine SELECT permissions.id, permissions.name, permissions.display_name, permissions.category, permissions.is_active, permissions.created_at, permissions.updated_at 
FROM permissions JOIN role_permissions ON permissions.id = role_permissions.permission_id 
WHERE role_permissions.role_id = $1::INTEGER
2026-09-18 11:49:29,367 INFO sqlalchemy.engine.Engine [cached since 452s ago] (19,)
2026-09-18 11:49:29,371 INFO sqlalchemy.engine.Engine SELECT roles.id, roles.name, roles.display_name, roles.level, roles.is_active, roles.created_at, roles.updated_at 
FROM roles 
WHERE roles.id IN ($1::INTEGER, $2::INTEGER, $3::INTEGER)
2026-09-18 11:49:29,371 INFO sqlalchemy.engine.Engine [cached since 452s ago] (2, 19, 7)
2026-09-18 11:49:29,373 INFO sqlalchemy.engine.Engine SELECT permissions.id, permissions.name, permissions.display_name, permissions.category, permissions.is_active, permissions.created_at, permissions.updated_at 
FROM permissions JOIN role_permissions ON permissions.id = role_permissions.permission_id 
WHERE role_permissions.role_id = $1::INTEGER
2026-09-18 11:49:29,374 INFO sqlalchemy.engine.Engine [cached since 452s ago] (2,)
2026-09-18 11:49:29,376 INFO sqlalchemy.engine.Engine SELECT permissions.id, permissions.name, permissions.display_name, permissions.category, permissions.is_active, permissions.created_at, permissions.updated_at 
FROM permissions JOIN role_permissions ON permissions.id = role_permissions.permission_id 
WHERE role_permissions.role_id = $1::INTEGER
2026-09-18 11:49:29,376 INFO sqlalchemy.engine.Engine [cached since 452s ago] (7,)
2026-09-18 11:49:29,379 INFO sqlalchemy.engine.Engine SELECT permissions.id, permissions.name, permissions.display_name, permissions.category, permissions.is_active, permissions.created_at, permissions.updated_at 
FROM permissions JOIN role_permissions ON permissions.id = role_permissions.permission_id 
WHERE role_permissions.role_id = $1::INTEGER
2026-09-18 11:49:29,379 INFO sqlalchemy.engine.Engine [cached since 452s ago] (19,)
2026-09-18 11:49:29,381 INFO sqlalchemy.engine.Engine SELECT algorithms.id, algorithms.number, algorithms.title, algorithms.description, algorithms.task_type, algorithms.scope, algorithms.status, algorithms.deadline, algorithms.reward_reputation, algorithms.created_by, algorithms.max_participants, algorithms.created_at, algorithms.updated_at 
FROM algorithms ORDER BY algorithms.created_at DESC 
 LIMIT $1::INTEGER OFFSET $2::INTEGER
2026-09-18 11:49:29,381 INFO sqlalchemy.engine.Engine [cached since 451.2s ago] (200, 0)
INFO:     127.0.0.1:57874 - "GET /api/algorithms HTTP/1.1" 200 OK
2026-09-18 11:49:29,384 INFO sqlalchemy.engine.Engine ROLLBACK
2026-09-18 11:49:29,392 INFO sqlalchemy.engine.Engine BEGIN (implicit)
2026-09-18 11:49:29,393 INFO sqlalchemy.engine.Engine SELECT citizens.id, citizens.discord_id, citizens.username, citizens.minecraft_uuid, citizens.role_ids, citizens.main_role_id, citizens.reputation, citizens.citizenship_date, citizens.last_login, citizens.created_at, citizens.updated_at, citizens.is_active, citizens.is_verified 
FROM citizens 
WHERE citizens.username ILIKE $1::VARCHAR OR citizens.minecraft_uuid ILIKE $2::VARCHAR 
 LIMIT $3::INTEGER
2026-09-18 11:49:29,393 INFO sqlalchemy.engine.Engine [cached since 451.2s ago] ('%test%', '%test%', 10)
2026-09-18 11:49:29,395 INFO sqlalchemy.engine.Engine SELECT roles.id, roles.name, roles.display_name, roles.level, roles.is_active, roles.created_at, roles.updated_at 
FROM roles 
WHERE roles.name ILIKE $1::VARCHAR OR roles.display_name ILIKE $2::VARCHAR 
 LIMIT $3::INTEGER
2026-09-18 11:49:29,396 INFO sqlalchemy.engine.Engine [cached since 451.2s ago] ('%test%', '%test%', 5)
2026-09-18 11:49:29,398 INFO sqlalchemy.engine.Engine SELECT isb_awards.id, isb_awards.name, isb_awards.display_name, isb_awards.description, isb_awards.icon, isb_awards.rarity, isb_awards.category, isb_awards.is_active, isb_awards.created_at 
FROM isb_awards 
WHERE isb_awards.name ILIKE $1::VARCHAR OR isb_awards.display_name ILIKE $2::VARCHAR OR isb_awards.description ILIKE $3::VARCHAR 
 LIMIT $4::INTEGER
2026-09-18 11:49:29,398 INFO sqlalchemy.engine.Engine [cached since 451.2s ago] ('%test%', '%test%', '%test%', 5)
2026-09-18 11:49:29,400 INFO sqlalchemy.engine.Engine SELECT isb_employees.id, isb_employees.citizen_id, isb_employees.service_number, isb_employees.rank_name, isb_employees.rank_short, isb_employees.branch, isb_employees.level, isb_employees.access_level, isb_employees.position, isb_employees.enlisted_at, isb_employees.promoted_at, isb_employees.discharged_at, isb_employees.is_active, isb_employees.can_arrest, isb_employees.can_conduct_searches, isb_employees.can_issue_warrants, isb_employees.can_command, isb_employees.notes, isb_employees.created_at, isb_employees.updated_at 
FROM isb_employees 
WHERE isb_employees.service_number ILIKE $1::VARCHAR OR isb_employees.rank_name ILIKE $2::VARCHAR OR isb_employees.position ILIKE $3::VARCHAR 
 LIMIT $4::INTEGER
2026-09-18 11:49:29,400 INFO sqlalchemy.engine.Engine [cached since 451.2s ago] ('%test%', '%test%', '%test%', 10)
INFO:     127.0.0.1:57874 - "GET /api/search?q=test HTTP/1.1" 200 OK
2026-09-18 11:49:29,402 INFO sqlalchemy.engine.Engine ROLLBACK
2026-09-18 11:49:29,411 INFO sqlalchemy.engine.Engine BEGIN (implicit)
2026-09-18 11:49:29,411 INFO sqlalchemy.engine.Engine SELECT citizens.id, citizens.discord_id, citizens.username, citizens.minecraft_uuid, citizens.role_ids, citizens.main_role_id, citizens.reputation, citizens.citizenship_date, citizens.last_login, citizens.created_at, citizens.updated_at, citizens.is_active, citizens.is_verified 
FROM citizens 
WHERE citizens.discord_id = $1::BIGINT
2026-09-18 11:49:29,411 INFO sqlalchemy.engine.Engine [cached since 452.1s ago] (436507782263603200,)
2026-09-18 11:49:29,414 INFO sqlalchemy.engine.Engine SELECT roles.id, roles.name, roles.display_name, roles.level, roles.is_active, roles.created_at, roles.updated_at 
FROM roles 
WHERE roles.id IN ($1::INTEGER, $2::INTEGER, $3::INTEGER)
2026-09-18 11:49:29,414 INFO sqlalchemy.engine.Engine [cached since 452s ago] (2, 19, 7)
2026-09-18 11:49:29,416 INFO sqlalchemy.engine.Engine SELECT permissions.id, permissions.name, permissions.display_name, permissions.category, permissions.is_active, permissions.created_at, permissions.updated_at 
FROM permissions JOIN role_permissions ON permissions.id = role_permissions.permission_id 
WHERE role_permissions.role_id = $1::INTEGER
2026-09-18 11:49:29,416 INFO sqlalchemy.engine.Engine [cached since 452s ago] (2,)
2026-09-18 11:49:29,418 INFO sqlalchemy.engine.Engine SELECT permissions.id, permissions.name, permissions.display_name, permissions.category, permissions.is_active, permissions.created_at, permissions.updated_at 
FROM permissions JOIN role_permissions ON permissions.id = role_permissions.permission_id 
WHERE role_permissions.role_id = $1::INTEGER
2026-09-18 11:49:29,418 INFO sqlalchemy.engine.Engine [cached since 452s ago] (7,)
2026-09-18 11:49:29,421 INFO sqlalchemy.engine.Engine SELECT permissions.id, permissions.name, permissions.display_name, permissions.category, permissions.is_active, permissions.created_at, permissions.updated_at 
FROM permissions JOIN role_permissions ON permissions.id = role_permissions.permission_id 
WHERE role_permissions.role_id = $1::INTEGER
2026-09-18 11:49:29,421 INFO sqlalchemy.engine.Engine [cached since 452s ago] (19,)
2026-09-18 11:49:29,424 INFO sqlalchemy.engine.Engine SELECT roles.id, roles.name, roles.display_name, roles.level, roles.is_active, roles.created_at, roles.updated_at 
FROM roles 
WHERE roles.id IN ($1::INTEGER, $2::INTEGER, $3::INTEGER)
2026-09-18 11:49:29,424 INFO sqlalchemy.engine.Engine [cached since 452s ago] (2, 19, 7)
2026-09-18 11:49:29,426 INFO sqlalchemy.engine.Engine SELECT permissions.id, permissions.name, permissions.display_name, permissions.category, permissions.is_active, permissions.created_at, permissions.updated_at 
FROM permissions JOIN role_permissions ON permissions.id = role_permissions.permission_id 
WHERE role_permissions.role_id = $1::INTEGER
2026-09-18 11:49:29,426 INFO sqlalchemy.engine.Engine [cached since 452s ago] (2,)
2026-09-18 11:49:29,429 INFO sqlalchemy.engine.Engine SELECT permissions.id, permissions.name, permissions.display_name, permissions.category, permissions.is_active, permissions.created_at, permissions.updated_at 
FROM permissions JOIN role_permissions ON permissions.id = role_permissions.permission_id 
WHERE role_permissions.role_id = $1::INTEGER
2026-09-18 11:49:29,429 INFO sqlalchemy.engine.Engine [cached since 452s ago] (7,)
2026-09-18 11:49:29,431 INFO sqlalchemy.engine.Engine SELECT permissions.id, permissions.name, permissions.display_name, permissions.category, permissions.is_active, permissions.created_at, permissions.updated_at 
FROM permissions JOIN role_permissions ON permissions.id = role_permissions.permission_id 
WHERE role_permissions.role_id = $1::INTEGER
2026-09-18 11:49:29,431 INFO sqlalchemy.engine.Engine [cached since 452s ago] (19,)
2026-09-18 11:49:29,434 INFO sqlalchemy.engine.Engine SELECT algorithms.id, algorithms.number, algorithms.title, algorithms.description, algorithms.task_type, algorithms.scope, algorithms.status, algorithms.deadline, algorithms.reward_reputation, algorithms.created_by, algorithms.max_participants, algorithms.created_at, algorithms.updated_at 
FROM algorithms ORDER BY algorithms.created_at DESC 
 LIMIT $1::INTEGER OFFSET $2::INTEGER
2026-09-18 11:49:29,434 INFO sqlalchemy.engine.Engine [cached since 451.3s ago] (200, 0)
INFO:     127.0.0.1:57874 - "GET /api/algorithms HTTP/1.1" 200 OK
2026-09-18 11:49:29,436 INFO sqlalchemy.engine.Engine ROLLBACK
2026-09-18 11:49:55,288 INFO sqlalchemy.engine.Engine BEGIN (implicit)
2026-09-18 11:49:55,288 INFO sqlalchemy.engine.Engine SELECT citizens.id, citizens.discord_id, citizens.username, citizens.minecraft_uuid, citizens.role_ids, citizens.main_role_id, citizens.reputation, citizens.citizenship_date, citizens.last_login, citizens.created_at, citizens.updated_at, citizens.is_active, citizens.is_verified 
FROM citizens 
WHERE citizens.discord_id = $1::BIGINT
2026-09-18 11:49:55,289 INFO sqlalchemy.engine.Engine [cached since 478s ago] (436507782263603200,)
2026-09-18 11:49:55,293 INFO sqlalchemy.engine.Engine BEGIN (implicit)
2026-09-18 11:49:55,293 INFO sqlalchemy.engine.Engine SELECT citizens.id, citizens.discord_id, citizens.username, citizens.minecraft_uuid, citizens.role_ids, citizens.main_role_id, citizens.reputation, citizens.citizenship_date, citizens.last_login, citizens.created_at, citizens.updated_at, citizens.is_active, citizens.is_verified 
FROM citizens 
WHERE citizens.discord_id = $1::BIGINT
2026-09-18 11:49:55,294 INFO sqlalchemy.engine.Engine [cached since 478s ago] (436507782263603200,)
2026-09-18 11:49:55,296 INFO sqlalchemy.engine.Engine BEGIN (implicit)
2026-09-18 11:49:55,297 INFO sqlalchemy.engine.Engine SELECT citizens.id, citizens.discord_id, citizens.username, citizens.minecraft_uuid, citizens.role_ids, citizens.main_role_id, citizens.reputation, citizens.citizenship_date, citizens.last_login, citizens.created_at, citizens.updated_at, citizens.is_active, citizens.is_verified 
FROM citizens 
WHERE citizens.discord_id = $1::BIGINT
2026-09-18 11:49:55,297 INFO sqlalchemy.engine.Engine [cached since 478s ago] (436507782263603200,)
2026-09-18 11:49:55,300 INFO sqlalchemy.engine.Engine SELECT isb_employees.id, isb_employees.citizen_id, isb_employees.service_number, isb_employees.rank_name, isb_employees.rank_short, isb_employees.branch, isb_employees.level, isb_employees.access_level, isb_employees.position, isb_employees.enlisted_at, isb_employees.promoted_at, isb_employees.discharged_at, isb_employees.is_active, isb_employees.can_arrest, isb_employees.can_conduct_searches, isb_employees.can_issue_warrants, isb_employees.can_command, isb_employees.notes, isb_employees.created_at, isb_employees.updated_at 
FROM isb_employees 
WHERE isb_employees.citizen_id = $1::INTEGER
2026-09-18 11:49:55,300 INFO sqlalchemy.engine.Engine [cached since 477.9s ago] (2,)
2026-09-18 11:49:55,301 INFO sqlalchemy.engine.Engine SELECT roles.id, roles.name, roles.display_name, roles.level, roles.is_active, roles.created_at, roles.updated_at 
FROM roles 
WHERE roles.id IN ($1::INTEGER, $2::INTEGER, $3::INTEGER)
2026-09-18 11:49:55,301 INFO sqlalchemy.engine.Engine [cached since 477.9s ago] (2, 19, 7)
2026-09-18 11:49:55,303 INFO sqlalchemy.engine.Engine SELECT roles.id, roles.name, roles.display_name, roles.level, roles.is_active, roles.created_at, roles.updated_at 
FROM roles 
WHERE roles.id IN ($1::INTEGER, $2::INTEGER, $3::INTEGER)
2026-09-18 11:49:55,303 INFO sqlalchemy.engine.Engine [cached since 477.9s ago] (2, 19, 7)
2026-09-18 11:49:55,305 INFO sqlalchemy.engine.Engine SELECT permissions.id, permissions.name, permissions.display_name, permissions.category, permissions.is_active, permissions.created_at, permissions.updated_at 
FROM permissions JOIN role_permissions ON permissions.id = role_permissions.permission_id 
WHERE role_permissions.role_id = $1::INTEGER
2026-09-18 11:49:55,305 INFO sqlalchemy.engine.Engine [cached since 477.9s ago] (2,)
2026-09-18 11:49:55,307 INFO sqlalchemy.engine.Engine SELECT permissions.id, permissions.name, permissions.display_name, permissions.category, permissions.is_active, permissions.created_at, permissions.updated_at 
FROM permissions JOIN role_permissions ON permissions.id = role_permissions.permission_id 
WHERE role_permissions.role_id = $1::INTEGER
2026-09-18 11:49:55,308 INFO sqlalchemy.engine.Engine [cached since 477.9s ago] (2,)
INFO:     127.0.0.1:57892 - "GET /api/isb/me/access HTTP/1.1" 200 OK
2026-09-18 11:49:55,310 INFO sqlalchemy.engine.Engine ROLLBACK
2026-09-18 11:49:55,315 INFO sqlalchemy.engine.Engine SELECT permissions.id, permissions.name, permissions.display_name, permissions.category, permissions.is_active, permissions.created_at, permissions.updated_at 
FROM permissions JOIN role_permissions ON permissions.id = role_permissions.permission_id 
WHERE role_permissions.role_id = $1::INTEGER
2026-09-18 11:49:55,315 INFO sqlalchemy.engine.Engine [cached since 477.9s ago] (7,)
2026-09-18 11:49:55,317 INFO sqlalchemy.engine.Engine SELECT permissions.id, permissions.name, permissions.display_name, permissions.category, permissions.is_active, permissions.created_at, permissions.updated_at 
FROM permissions JOIN role_permissions ON permissions.id = role_permissions.permission_id 
WHERE role_permissions.role_id = $1::INTEGER
2026-09-18 11:49:55,317 INFO sqlalchemy.engine.Engine [cached since 477.9s ago] (7,)
2026-09-18 11:49:55,319 INFO sqlalchemy.engine.Engine SELECT permissions.id, permissions.name, permissions.display_name, permissions.category, permissions.is_active, permissions.created_at, permissions.updated_at 
FROM permissions JOIN role_permissions ON permissions.id = role_permissions.permission_id 
WHERE role_permissions.role_id = $1::INTEGER
2026-09-18 11:49:55,319 INFO sqlalchemy.engine.Engine [cached since 477.9s ago] (19,)
2026-09-18 11:49:55,321 INFO sqlalchemy.engine.Engine SELECT permissions.id, permissions.name, permissions.display_name, permissions.category, permissions.is_active, permissions.created_at, permissions.updated_at 
FROM permissions JOIN role_permissions ON permissions.id = role_permissions.permission_id 
WHERE role_permissions.role_id = $1::INTEGER
2026-09-18 11:49:55,321 INFO sqlalchemy.engine.Engine [cached since 477.9s ago] (19,)
2026-09-18 11:49:55,323 INFO sqlalchemy.engine.Engine SELECT isb_employees.id, isb_employees.citizen_id, isb_employees.service_number, isb_employees.rank_name, isb_employees.rank_short, isb_employees.branch, isb_employees.level, isb_employees.access_level, isb_employees.position, isb_employees.enlisted_at, isb_employees.promoted_at, isb_employees.discharged_at, isb_employees.is_active, isb_employees.can_arrest, isb_employees.can_conduct_searches, isb_employees.can_issue_warrants, isb_employees.can_command, isb_employees.notes, isb_employees.created_at, isb_employees.updated_at 
FROM isb_employees ORDER BY isb_employees.level DESC
2026-09-18 11:49:55,323 INFO sqlalchemy.engine.Engine [cached since 477.5s ago] ()
2026-09-18 11:49:55,325 INFO sqlalchemy.engine.Engine SELECT isb_sectors.id, isb_sectors.number, isb_sectors.name, isb_sectors.description, isb_sectors.center_x, isb_sectors.center_z, isb_sectors.threat_level, isb_sectors.is_active, isb_sectors.created_at 
FROM isb_sectors ORDER BY isb_sectors.number
2026-09-18 11:49:55,325 INFO sqlalchemy.engine.Engine [cached since 477.3s ago] ()
2026-09-18 11:49:55,328 INFO sqlalchemy.engine.Engine SELECT citizens.id, citizens.discord_id, citizens.username, citizens.minecraft_uuid, citizens.role_ids, citizens.main_role_id, citizens.reputation, citizens.citizenship_date, citizens.last_login, citizens.created_at, citizens.updated_at, citizens.is_active, citizens.is_verified 
FROM citizens 
WHERE citizens.id IN ($1::INTEGER, $2::INTEGER)
2026-09-18 11:49:55,328 INFO sqlalchemy.engine.Engine [cached since 477.5s ago] (2, 4)
2026-09-18 11:49:55,330 INFO sqlalchemy.engine.Engine SELECT isb_sector_assignments.id, isb_sector_assignments.sector_id, isb_sector_assignments.employee_id, isb_sector_assignments.assigned_at, isb_sector_assignments.is_leader, isb_sector_assignments.notes 
FROM isb_sector_assignments 
WHERE isb_sector_assignments.sector_id = $1::INTEGER
2026-09-18 11:49:55,330 INFO sqlalchemy.engine.Engine [cached since 477.3s ago] (1,)
2026-09-18 11:49:55,332 INFO sqlalchemy.engine.Engine SELECT isb_employees.id, isb_employees.citizen_id, isb_employees.service_number, isb_employees.rank_name, isb_employees.rank_short, isb_employees.branch, isb_employees.level, isb_employees.access_level, isb_employees.position, isb_employees.enlisted_at, isb_employees.promoted_at, isb_employees.discharged_at, isb_employees.is_active, isb_employees.can_arrest, isb_employees.can_conduct_searches, isb_employees.can_issue_warrants, isb_employees.can_command, isb_employees.notes, isb_employees.created_at, isb_employees.updated_at 
FROM isb_employees 
WHERE isb_employees.id = $1::INTEGER
2026-09-18 11:49:55,332 INFO sqlalchemy.engine.Engine [cached since 477.3s ago] (2,)
INFO:     127.0.0.1:57884 - "GET /api/admin/isb/employees HTTP/1.1" 200 OK
2026-09-18 11:49:55,333 INFO sqlalchemy.engine.Engine ROLLBACK
2026-09-18 11:49:55,337 INFO sqlalchemy.engine.Engine SELECT citizens.id, citizens.discord_id, citizens.username, citizens.minecraft_uuid, citizens.role_ids, citizens.main_role_id, citizens.reputation, citizens.citizenship_date, citizens.last_login, citizens.created_at, citizens.updated_at, citizens.is_active, citizens.is_verified 
FROM citizens 
WHERE citizens.id = $1::INTEGER
2026-09-18 11:49:55,337 INFO sqlalchemy.engine.Engine [cached since 477.3s ago] (4,)
2026-09-18 11:49:55,339 INFO sqlalchemy.engine.Engine SELECT isb_employees.id, isb_employees.citizen_id, isb_employees.service_number, isb_employees.rank_name, isb_employees.rank_short, isb_employees.branch, isb_employees.level, isb_employees.access_level, isb_employees.position, isb_employees.enlisted_at, isb_employees.promoted_at, isb_employees.discharged_at, isb_employees.is_active, isb_employees.can_arrest, isb_employees.can_conduct_searches, isb_employees.can_issue_warrants, isb_employees.can_command, isb_employees.notes, isb_employees.created_at, isb_employees.updated_at 
FROM isb_employees 
WHERE isb_employees.id = $1::INTEGER
2026-09-18 11:49:55,340 INFO sqlalchemy.engine.Engine [cached since 477.3s ago] (1,)
2026-09-18 11:49:55,343 INFO sqlalchemy.engine.Engine SELECT citizens.id, citizens.discord_id, citizens.username, citizens.minecraft_uuid, citizens.role_ids, citizens.main_role_id, citizens.reputation, citizens.citizenship_date, citizens.last_login, citizens.created_at, citizens.updated_at, citizens.is_active, citizens.is_verified 
FROM citizens 
WHERE citizens.id = $1::INTEGER
2026-09-18 11:49:55,343 INFO sqlalchemy.engine.Engine [cached since 477.3s ago] (2,)
2026-09-18 11:49:55,345 INFO sqlalchemy.engine.Engine BEGIN (implicit)
2026-09-18 11:49:55,345 INFO sqlalchemy.engine.Engine SELECT isb_awards.id, isb_awards.name, isb_awards.display_name, isb_awards.description, isb_awards.icon, isb_awards.rarity, isb_awards.category, isb_awards.is_active, isb_awards.created_at 
FROM isb_awards 
WHERE isb_awards.is_active = true ORDER BY isb_awards.rarity, isb_awards.display_name
2026-09-18 11:49:55,345 INFO sqlalchemy.engine.Engine [cached since 477.4s ago] ()
2026-09-18 11:49:55,347 INFO sqlalchemy.engine.Engine SELECT isb_sector_assignments.id, isb_sector_assignments.sector_id, isb_sector_assignments.employee_id, isb_sector_assignments.assigned_at, isb_sector_assignments.is_leader, isb_sector_assignments.notes 
FROM isb_sector_assignments 
WHERE isb_sector_assignments.sector_id = $1::INTEGER
2026-09-18 11:49:55,347 INFO sqlalchemy.engine.Engine [cached since 477.3s ago] (2,)
2026-09-18 11:49:55,349 INFO sqlalchemy.engine.Engine SELECT count(isb_award_grants.id) AS count_1 
FROM isb_award_grants 
WHERE isb_award_grants.award_id = $1::INTEGER
2026-09-18 11:49:55,349 INFO sqlalchemy.engine.Engine [cached since 477.4s ago] (3,)
2026-09-18 11:49:55,350 INFO sqlalchemy.engine.Engine SELECT isb_sector_assignments.id, isb_sector_assignments.sector_id, isb_sector_assignments.employee_id, isb_sector_assignments.assigned_at, isb_sector_assignments.is_leader, isb_sector_assignments.notes 
FROM isb_sector_assignments 
WHERE isb_sector_assignments.sector_id = $1::INTEGER
2026-09-18 11:49:55,350 INFO sqlalchemy.engine.Engine [cached since 477.3s ago] (3,)
2026-09-18 11:49:55,352 INFO sqlalchemy.engine.Engine SELECT count(isb_award_grants.id) AS count_1 
FROM isb_award_grants 
WHERE isb_award_grants.award_id = $1::INTEGER
2026-09-18 11:49:55,352 INFO sqlalchemy.engine.Engine [cached since 477.4s ago] (1,)
2026-09-18 11:49:55,353 INFO sqlalchemy.engine.Engine SELECT isb_sector_assignments.id, isb_sector_assignments.sector_id, isb_sector_assignments.employee_id, isb_sector_assignments.assigned_at, isb_sector_assignments.is_leader, isb_sector_assignments.notes 
FROM isb_sector_assignments 
WHERE isb_sector_assignments.sector_id = $1::INTEGER
2026-09-18 11:49:55,353 INFO sqlalchemy.engine.Engine [cached since 477.3s ago] (4,)
2026-09-18 11:49:55,355 INFO sqlalchemy.engine.Engine SELECT count(isb_award_grants.id) AS count_1 
FROM isb_award_grants 
WHERE isb_award_grants.award_id = $1::INTEGER
2026-09-18 11:49:55,355 INFO sqlalchemy.engine.Engine [cached since 477.4s ago] (2,)
2026-09-18 11:49:55,356 INFO sqlalchemy.engine.Engine SELECT isb_sector_assignments.id, isb_sector_assignments.sector_id, isb_sector_assignments.employee_id, isb_sector_assignments.assigned_at, isb_sector_assignments.is_leader, isb_sector_assignments.notes 
FROM isb_sector_assignments 
WHERE isb_sector_assignments.sector_id = $1::INTEGER
2026-09-18 11:49:55,356 INFO sqlalchemy.engine.Engine [cached since 477.3s ago] (5,)
2026-09-18 11:49:55,358 INFO sqlalchemy.engine.Engine SELECT count(isb_award_grants.id) AS count_1 
FROM isb_award_grants 
WHERE isb_award_grants.award_id = $1::INTEGER
2026-09-18 11:49:55,358 INFO sqlalchemy.engine.Engine [cached since 477.4s ago] (11,)
2026-09-18 11:49:55,359 INFO sqlalchemy.engine.Engine SELECT isb_sector_assignments.id, isb_sector_assignments.sector_id, isb_sector_assignments.employee_id, isb_sector_assignments.assigned_at, isb_sector_assignments.is_leader, isb_sector_assignments.notes 
FROM isb_sector_assignments 
WHERE isb_sector_assignments.sector_id = $1::INTEGER
2026-09-18 11:49:55,360 INFO sqlalchemy.engine.Engine [cached since 477.3s ago] (6,)
2026-09-18 11:49:55,361 INFO sqlalchemy.engine.Engine SELECT count(isb_award_grants.id) AS count_1 
FROM isb_award_grants 
WHERE isb_award_grants.award_id = $1::INTEGER
2026-09-18 11:49:55,361 INFO sqlalchemy.engine.Engine [cached since 477.4s ago] (10,)
2026-09-18 11:49:55,363 INFO sqlalchemy.engine.Engine SELECT isb_sector_assignments.id, isb_sector_assignments.sector_id, isb_sector_assignments.employee_id, isb_sector_assignments.assigned_at, isb_sector_assignments.is_leader, isb_sector_assignments.notes 
FROM isb_sector_assignments 
WHERE isb_sector_assignments.sector_id = $1::INTEGER
2026-09-18 11:49:55,363 INFO sqlalchemy.engine.Engine [cached since 477.3s ago] (7,)
2026-09-18 11:49:55,364 INFO sqlalchemy.engine.Engine SELECT count(isb_award_grants.id) AS count_1 
FROM isb_award_grants 
WHERE isb_award_grants.award_id = $1::INTEGER
2026-09-18 11:49:55,364 INFO sqlalchemy.engine.Engine [cached since 477.4s ago] (12,)
2026-09-18 11:49:55,366 INFO sqlalchemy.engine.Engine SELECT isb_sector_assignments.id, isb_sector_assignments.sector_id, isb_sector_assignments.employee_id, isb_sector_assignments.assigned_at, isb_sector_assignments.is_leader, isb_sector_assignments.notes 
FROM isb_sector_assignments 
WHERE isb_sector_assignments.sector_id = $1::INTEGER
2026-09-18 11:49:55,366 INFO sqlalchemy.engine.Engine [cached since 477.3s ago] (8,)
2026-09-18 11:49:55,367 INFO sqlalchemy.engine.Engine SELECT count(isb_award_grants.id) AS count_1 
FROM isb_award_grants 
WHERE isb_award_grants.award_id = $1::INTEGER
2026-09-18 11:49:55,367 INFO sqlalchemy.engine.Engine [cached since 477.4s ago] (8,)
2026-09-18 11:49:55,369 INFO sqlalchemy.engine.Engine SELECT isb_sector_assignments.id, isb_sector_assignments.sector_id, isb_sector_assignments.employee_id, isb_sector_assignments.assigned_at, isb_sector_assignments.is_leader, isb_sector_assignments.notes 
FROM isb_sector_assignments 
WHERE isb_sector_assignments.sector_id = $1::INTEGER
2026-09-18 11:49:55,369 INFO sqlalchemy.engine.Engine [cached since 477.3s ago] (9,)
2026-09-18 11:49:55,370 INFO sqlalchemy.engine.Engine SELECT count(isb_award_grants.id) AS count_1 
FROM isb_award_grants 
WHERE isb_award_grants.award_id = $1::INTEGER
2026-09-18 11:49:55,370 INFO sqlalchemy.engine.Engine [cached since 477.4s ago] (9,)
2026-09-18 11:49:55,371 INFO sqlalchemy.engine.Engine SELECT isb_sector_assignments.id, isb_sector_assignments.sector_id, isb_sector_assignments.employee_id, isb_sector_assignments.assigned_at, isb_sector_assignments.is_leader, isb_sector_assignments.notes 
FROM isb_sector_assignments 
WHERE isb_sector_assignments.sector_id = $1::INTEGER
2026-09-18 11:49:55,372 INFO sqlalchemy.engine.Engine [cached since 477.3s ago] (10,)
2026-09-18 11:49:55,373 INFO sqlalchemy.engine.Engine SELECT count(isb_award_grants.id) AS count_1 
FROM isb_award_grants 
WHERE isb_award_grants.award_id = $1::INTEGER
2026-09-18 11:49:55,373 INFO sqlalchemy.engine.Engine [cached since 477.4s ago] (7,)
2026-09-18 11:49:55,375 INFO sqlalchemy.engine.Engine SELECT isb_employees.id, isb_employees.citizen_id, isb_employees.service_number, isb_employees.rank_name, isb_employees.rank_short, isb_employees.branch, isb_employees.level, isb_employees.access_level, isb_employees.position, isb_employees.enlisted_at, isb_employees.promoted_at, isb_employees.discharged_at, isb_employees.is_active, isb_employees.can_arrest, isb_employees.can_conduct_searches, isb_employees.can_issue_warrants, isb_employees.can_command, isb_employees.notes, isb_employees.created_at, isb_employees.updated_at 
FROM isb_employees 
WHERE isb_employees.id = $1::INTEGER
2026-09-18 11:49:55,375 INFO sqlalchemy.engine.Engine [cached since 477.3s ago] (2,)
2026-09-18 11:49:55,377 INFO sqlalchemy.engine.Engine SELECT count(isb_award_grants.id) AS count_1 
FROM isb_award_grants 
WHERE isb_award_grants.award_id = $1::INTEGER
2026-09-18 11:49:55,377 INFO sqlalchemy.engine.Engine [cached since 477.4s ago] (5,)
2026-09-18 11:49:55,378 INFO sqlalchemy.engine.Engine SELECT citizens.id, citizens.discord_id, citizens.username, citizens.minecraft_uuid, citizens.role_ids, citizens.main_role_id, citizens.reputation, citizens.citizenship_date, citizens.last_login, citizens.created_at, citizens.updated_at, citizens.is_active, citizens.is_verified 
FROM citizens 
WHERE citizens.id = $1::INTEGER
2026-09-18 11:49:55,378 INFO sqlalchemy.engine.Engine [cached since 477.3s ago] (4,)
2026-09-18 11:49:55,380 INFO sqlalchemy.engine.Engine SELECT count(isb_award_grants.id) AS count_1 
FROM isb_award_grants 
WHERE isb_award_grants.award_id = $1::INTEGER
2026-09-18 11:49:55,380 INFO sqlalchemy.engine.Engine [cached since 477.4s ago] (4,)
INFO:     127.0.0.1:57888 - "GET /api/isb/sectors HTTP/1.1" 200 OK
2026-09-18 11:49:55,383 INFO sqlalchemy.engine.Engine ROLLBACK
2026-09-18 11:49:55,384 INFO sqlalchemy.engine.Engine SELECT count(isb_award_grants.id) AS count_1 
FROM isb_award_grants 
WHERE isb_award_grants.award_id = $1::INTEGER
2026-09-18 11:49:55,384 INFO sqlalchemy.engine.Engine [cached since 477.4s ago] (6,)
INFO:     127.0.0.1:57884 - "GET /api/admin/isb/awards/public HTTP/1.1" 200 OK
2026-09-18 11:49:55,387 INFO sqlalchemy.engine.Engine ROLLBACK
2026-09-18 11:49:57,297 INFO sqlalchemy.engine.Engine BEGIN (implicit)
2026-09-18 11:49:57,299 INFO sqlalchemy.engine.Engine SELECT citizens.id, citizens.discord_id, citizens.username, citizens.minecraft_uuid, citizens.role_ids, citizens.main_role_id, citizens.reputation, citizens.citizenship_date, citizens.last_login, citizens.created_at, citizens.updated_at, citizens.is_active, citizens.is_verified 
FROM citizens 
WHERE citizens.discord_id = $1::BIGINT
2026-09-18 11:49:57,300 INFO sqlalchemy.engine.Engine [cached since 480s ago] (436507782263603200,)
2026-09-18 11:49:57,303 INFO sqlalchemy.engine.Engine SELECT roles.id, roles.name, roles.display_name, roles.level, roles.is_active, roles.created_at, roles.updated_at 
FROM roles 
WHERE roles.id IN ($1::INTEGER, $2::INTEGER, $3::INTEGER)
2026-09-18 11:49:57,304 INFO sqlalchemy.engine.Engine [cached since 479.9s ago] (2, 19, 7)
2026-09-18 11:49:57,305 INFO sqlalchemy.engine.Engine SELECT permissions.id, permissions.name, permissions.display_name, permissions.category, permissions.is_active, permissions.created_at, permissions.updated_at 
FROM permissions JOIN role_permissions ON permissions.id = role_permissions.permission_id 
WHERE role_permissions.role_id = $1::INTEGER
2026-09-18 11:49:57,305 INFO sqlalchemy.engine.Engine [cached since 479.9s ago] (2,)
2026-09-18 11:49:57,307 INFO sqlalchemy.engine.Engine SELECT permissions.id, permissions.name, permissions.display_name, permissions.category, permissions.is_active, permissions.created_at, permissions.updated_at 
FROM permissions JOIN role_permissions ON permissions.id = role_permissions.permission_id 
WHERE role_permissions.role_id = $1::INTEGER
2026-09-18 11:49:57,308 INFO sqlalchemy.engine.Engine [cached since 479.9s ago] (7,)
2026-09-18 11:49:57,309 INFO sqlalchemy.engine.Engine SELECT permissions.id, permissions.name, permissions.display_name, permissions.category, permissions.is_active, permissions.created_at, permissions.updated_at 
FROM permissions JOIN role_permissions ON permissions.id = role_permissions.permission_id 
WHERE role_permissions.role_id = $1::INTEGER
2026-09-18 11:49:57,310 INFO sqlalchemy.engine.Engine [cached since 479.9s ago] (19,)
2026-09-18 11:49:57,311 INFO sqlalchemy.engine.Engine SELECT isb_sectors.id, isb_sectors.number, isb_sectors.name, isb_sectors.description, isb_sectors.center_x, isb_sectors.center_z, isb_sectors.threat_level, isb_sectors.is_active, isb_sectors.created_at 
FROM isb_sectors ORDER BY isb_sectors.number
2026-09-18 11:49:57,311 INFO sqlalchemy.engine.Engine [cached since 479.3s ago] ()
2026-09-18 11:49:57,313 INFO sqlalchemy.engine.Engine SELECT count(isb_sector_assignments.id) AS count_1 
FROM isb_sector_assignments 
WHERE isb_sector_assignments.sector_id = $1::INTEGER
2026-09-18 11:49:57,313 INFO sqlalchemy.engine.Engine [cached since 478s ago] (1,)
2026-09-18 11:49:57,315 INFO sqlalchemy.engine.Engine SELECT count(isb_sector_assignments.id) AS count_1 
FROM isb_sector_assignments 
WHERE isb_sector_assignments.sector_id = $1::INTEGER
2026-09-18 11:49:57,315 INFO sqlalchemy.engine.Engine [cached since 478s ago] (2,)
2026-09-18 11:49:57,317 INFO sqlalchemy.engine.Engine SELECT count(isb_sector_assignments.id) AS count_1 
FROM isb_sector_assignments 
WHERE isb_sector_assignments.sector_id = $1::INTEGER
2026-09-18 11:49:57,317 INFO sqlalchemy.engine.Engine [cached since 478s ago] (3,)
2026-09-18 11:49:57,318 INFO sqlalchemy.engine.Engine SELECT count(isb_sector_assignments.id) AS count_1 
FROM isb_sector_assignments 
WHERE isb_sector_assignments.sector_id = $1::INTEGER
2026-09-18 11:49:57,319 INFO sqlalchemy.engine.Engine [cached since 478s ago] (4,)
2026-09-18 11:49:57,320 INFO sqlalchemy.engine.Engine SELECT count(isb_sector_assignments.id) AS count_1 
FROM isb_sector_assignments 
WHERE isb_sector_assignments.sector_id = $1::INTEGER
2026-09-18 11:49:57,320 INFO sqlalchemy.engine.Engine [cached since 478s ago] (5,)
2026-09-18 11:49:57,322 INFO sqlalchemy.engine.Engine SELECT count(isb_sector_assignments.id) AS count_1 
FROM isb_sector_assignments 
WHERE isb_sector_assignments.sector_id = $1::INTEGER
2026-09-18 11:49:57,322 INFO sqlalchemy.engine.Engine [cached since 478s ago] (6,)
2026-09-18 11:49:57,323 INFO sqlalchemy.engine.Engine SELECT count(isb_sector_assignments.id) AS count_1 
FROM isb_sector_assignments 
WHERE isb_sector_assignments.sector_id = $1::INTEGER
2026-09-18 11:49:57,323 INFO sqlalchemy.engine.Engine [cached since 478s ago] (7,)
2026-09-18 11:49:57,325 INFO sqlalchemy.engine.Engine SELECT count(isb_sector_assignments.id) AS count_1 
FROM isb_sector_assignments 
WHERE isb_sector_assignments.sector_id = $1::INTEGER
2026-09-18 11:49:57,325 INFO sqlalchemy.engine.Engine [cached since 478s ago] (8,)
2026-09-18 11:49:57,326 INFO sqlalchemy.engine.Engine SELECT count(isb_sector_assignments.id) AS count_1 
FROM isb_sector_assignments 
WHERE isb_sector_assignments.sector_id = $1::INTEGER
2026-09-18 11:49:57,326 INFO sqlalchemy.engine.Engine [cached since 478s ago] (9,)
2026-09-18 11:49:57,328 INFO sqlalchemy.engine.Engine SELECT count(isb_sector_assignments.id) AS count_1 
FROM isb_sector_assignments 
WHERE isb_sector_assignments.sector_id = $1::INTEGER
2026-09-18 11:49:57,328 INFO sqlalchemy.engine.Engine [cached since 478s ago] (10,)
INFO:     127.0.0.1:57884 - "GET /api/isb/graphs/sectors HTTP/1.1" 200 OK
2026-09-18 11:49:57,329 INFO sqlalchemy.engine.Engine ROLLBACK
2026-09-18 11:49:57,449 INFO sqlalchemy.engine.Engine BEGIN (implicit)
2026-09-18 11:49:57,450 INFO sqlalchemy.engine.Engine SELECT citizens.id, citizens.discord_id, citizens.username, citizens.minecraft_uuid, citizens.role_ids, citizens.main_role_id, citizens.reputation, citizens.citizenship_date, citizens.last_login, citizens.created_at, citizens.updated_at, citizens.is_active, citizens.is_verified 
FROM citizens 
WHERE citizens.discord_id = $1::BIGINT
2026-09-18 11:49:57,450 INFO sqlalchemy.engine.Engine [cached since 480.1s ago] (436507782263603200,)
2026-09-18 11:49:57,454 INFO sqlalchemy.engine.Engine SELECT roles.id, roles.name, roles.display_name, roles.level, roles.is_active, roles.created_at, roles.updated_at 
FROM roles 
WHERE roles.id IN ($1::INTEGER, $2::INTEGER, $3::INTEGER)
2026-09-18 11:49:57,454 INFO sqlalchemy.engine.Engine [cached since 480.1s ago] (2, 19, 7)
2026-09-18 11:49:57,457 INFO sqlalchemy.engine.Engine SELECT permissions.id, permissions.name, permissions.display_name, permissions.category, permissions.is_active, permissions.created_at, permissions.updated_at 
FROM permissions JOIN role_permissions ON permissions.id = role_permissions.permission_id 
WHERE role_permissions.role_id = $1::INTEGER
2026-09-18 11:49:57,457 INFO sqlalchemy.engine.Engine [cached since 480s ago] (2,)
2026-09-18 11:49:57,461 INFO sqlalchemy.engine.Engine SELECT permissions.id, permissions.name, permissions.display_name, permissions.category, permissions.is_active, permissions.created_at, permissions.updated_at 
FROM permissions JOIN role_permissions ON permissions.id = role_permissions.permission_id 
WHERE role_permissions.role_id = $1::INTEGER
2026-09-18 11:49:57,461 INFO sqlalchemy.engine.Engine [cached since 480s ago] (7,)
2026-09-18 11:49:57,465 INFO sqlalchemy.engine.Engine SELECT permissions.id, permissions.name, permissions.display_name, permissions.category, permissions.is_active, permissions.created_at, permissions.updated_at 
FROM permissions JOIN role_permissions ON permissions.id = role_permissions.permission_id 
WHERE role_permissions.role_id = $1::INTEGER
2026-09-18 11:49:57,466 INFO sqlalchemy.engine.Engine [cached since 480.1s ago] (19,)
2026-09-18 11:49:57,471 INFO sqlalchemy.engine.Engine SELECT date_trunc($1::VARCHAR, isb_logs.created_at) AS hour, count(isb_logs.id) AS count 
FROM isb_logs 
WHERE isb_logs.created_at >= $2::TIMESTAMP WITHOUT TIME ZONE GROUP BY hour ORDER BY hour
2026-09-18 11:49:57,471 INFO sqlalchemy.engine.Engine [cached since 478s ago] ('hour', datetime.datetime(2026, 9, 17, 8, 49, 57, 469169))
INFO:     127.0.0.1:57884 - "GET /api/isb/graphs/logs-24h HTTP/1.1" 200 OK
2026-09-18 11:49:57,475 INFO sqlalchemy.engine.Engine ROLLBACK
2026-09-18 11:49:57,573 INFO sqlalchemy.engine.Engine BEGIN (implicit)
2026-09-18 11:49:57,574 INFO sqlalchemy.engine.Engine SELECT citizens.id, citizens.discord_id, citizens.username, citizens.minecraft_uuid, citizens.role_ids, citizens.main_role_id, citizens.reputation, citizens.citizenship_date, citizens.last_login, citizens.created_at, citizens.updated_at, citizens.is_active, citizens.is_verified 
FROM citizens 
WHERE citizens.discord_id = $1::BIGINT
2026-09-18 11:49:57,574 INFO sqlalchemy.engine.Engine [cached since 480.3s ago] (436507782263603200,)
2026-09-18 11:49:57,578 INFO sqlalchemy.engine.Engine SELECT roles.id, roles.name, roles.display_name, roles.level, roles.is_active, roles.created_at, roles.updated_at 
FROM roles 
WHERE roles.id IN ($1::INTEGER, $2::INTEGER, $3::INTEGER)
2026-09-18 11:49:57,578 INFO sqlalchemy.engine.Engine [cached since 480.2s ago] (2, 19, 7)
2026-09-18 11:49:57,583 INFO sqlalchemy.engine.Engine SELECT permissions.id, permissions.name, permissions.display_name, permissions.category, permissions.is_active, permissions.created_at, permissions.updated_at 
FROM permissions JOIN role_permissions ON permissions.id = role_permissions.permission_id 
WHERE role_permissions.role_id = $1::INTEGER
2026-09-18 11:49:57,583 INFO sqlalchemy.engine.Engine [cached since 480.2s ago] (2,)
2026-09-18 11:49:57,589 INFO sqlalchemy.engine.Engine SELECT permissions.id, permissions.name, permissions.display_name, permissions.category, permissions.is_active, permissions.created_at, permissions.updated_at 
FROM permissions JOIN role_permissions ON permissions.id = role_permissions.permission_id 
WHERE role_permissions.role_id = $1::INTEGER
2026-09-18 11:49:57,590 INFO sqlalchemy.engine.Engine [cached since 480.2s ago] (7,)
2026-09-18 11:49:57,594 INFO sqlalchemy.engine.Engine SELECT permissions.id, permissions.name, permissions.display_name, permissions.category, permissions.is_active, permissions.created_at, permissions.updated_at 
FROM permissions JOIN role_permissions ON permissions.id = role_permissions.permission_id 
WHERE role_permissions.role_id = $1::INTEGER
2026-09-18 11:49:57,595 INFO sqlalchemy.engine.Engine [cached since 480.2s ago] (19,)
2026-09-18 11:49:57,601 INFO sqlalchemy.engine.Engine SELECT isb_sectors.id, isb_sectors.number, isb_sectors.name, isb_sectors.description, isb_sectors.center_x, isb_sectors.center_z, isb_sectors.threat_level, isb_sectors.is_active, isb_sectors.created_at 
FROM isb_sectors ORDER BY isb_sectors.threat_level DESC 
 LIMIT $1::INTEGER
2026-09-18 11:49:57,602 INFO sqlalchemy.engine.Engine [cached since 478.1s ago] (5,)
INFO:     127.0.0.1:57884 - "GET /api/isb/graphs/threat HTTP/1.1" 200 OK
2026-09-18 11:49:57,605 INFO sqlalchemy.engine.Engine ROLLBACK
2026-09-18 11:50:29,322 INFO sqlalchemy.engine.Engine BEGIN (implicit)
2026-09-18 11:50:29,324 INFO sqlalchemy.engine.Engine SELECT citizens.id, citizens.discord_id, citizens.username, citizens.minecraft_uuid, citizens.role_ids, citizens.main_role_id, citizens.reputation, citizens.citizenship_date, citizens.last_login, citizens.created_at, citizens.updated_at, citizens.is_active, citizens.is_verified 
FROM citizens 
WHERE citizens.discord_id = $1::BIGINT
2026-09-18 11:50:29,325 INFO sqlalchemy.engine.Engine [cached since 512s ago] (436507782263603200,)
INFO:     127.0.0.1:57950 - "GET /health HTTP/1.1" 200 OK
2026-09-18 11:50:29,337 INFO sqlalchemy.engine.Engine BEGIN (implicit)
2026-09-18 11:50:29,340 INFO sqlalchemy.engine.Engine SELECT citizens.id, citizens.discord_id, citizens.username, citizens.minecraft_uuid, citizens.role_ids, citizens.main_role_id, citizens.reputation, citizens.citizenship_date, citizens.last_login, citizens.created_at, citizens.updated_at, citizens.is_active, citizens.is_verified 
FROM citizens 
WHERE citizens.discord_id = $1::BIGINT
2026-09-18 11:50:29,341 INFO sqlalchemy.engine.Engine [cached since 512s ago] (436507782263603200,)
2026-09-18 11:50:29,348 INFO sqlalchemy.engine.Engine BEGIN (implicit)
2026-09-18 11:50:29,350 INFO sqlalchemy.engine.Engine SELECT citizens.id, citizens.discord_id, citizens.username, citizens.minecraft_uuid, citizens.role_ids, citizens.main_role_id, citizens.reputation, citizens.citizenship_date, citizens.last_login, citizens.created_at, citizens.updated_at, citizens.is_active, citizens.is_verified 
FROM citizens 
WHERE citizens.discord_id = $1::BIGINT
2026-09-18 11:50:29,351 INFO sqlalchemy.engine.Engine [cached since 512s ago] (436507782263603200,)
2026-09-18 11:50:29,358 INFO sqlalchemy.engine.Engine BEGIN (implicit)
2026-09-18 11:50:29,360 INFO sqlalchemy.engine.Engine SELECT citizens.id, citizens.discord_id, citizens.username, citizens.minecraft_uuid, citizens.role_ids, citizens.main_role_id, citizens.reputation, citizens.citizenship_date, citizens.last_login, citizens.created_at, citizens.updated_at, citizens.is_active, citizens.is_verified 
FROM citizens 
WHERE citizens.discord_id = $1::BIGINT
2026-09-18 11:50:29,360 INFO sqlalchemy.engine.Engine [cached since 512s ago] (436507782263603200,)
2026-09-18 11:50:29,369 INFO sqlalchemy.engine.Engine SELECT roles.id, roles.name, roles.display_name, roles.level, roles.is_active, roles.created_at, roles.updated_at 
FROM roles 
WHERE roles.id IN ($1::INTEGER, $2::INTEGER, $3::INTEGER)
2026-09-18 11:50:29,370 INFO sqlalchemy.engine.Engine [cached since 512s ago] (2, 19, 7)
2026-09-18 11:50:29,375 INFO sqlalchemy.engine.Engine SELECT roles.id, roles.name, roles.display_name, roles.level, roles.is_active, roles.created_at, roles.updated_at 
FROM roles 
WHERE roles.id IN ($1::INTEGER, $2::INTEGER, $3::INTEGER)
2026-09-18 11:50:29,375 INFO sqlalchemy.engine.Engine [cached since 512s ago] (2, 19, 7)
2026-09-18 11:50:29,379 INFO sqlalchemy.engine.Engine SELECT isb_employees.id, isb_employees.citizen_id, isb_employees.service_number, isb_employees.rank_name, isb_employees.rank_short, isb_employees.branch, isb_employees.level, isb_employees.access_level, isb_employees.position, isb_employees.enlisted_at, isb_employees.promoted_at, isb_employees.discharged_at, isb_employees.is_active, isb_employees.can_arrest, isb_employees.can_conduct_searches, isb_employees.can_issue_warrants, isb_employees.can_command, isb_employees.notes, isb_employees.created_at, isb_employees.updated_at 
FROM isb_employees 
WHERE isb_employees.citizen_id = $1::INTEGER
2026-09-18 11:50:29,380 INFO sqlalchemy.engine.Engine [cached since 512s ago] (2,)
2026-09-18 11:50:29,387 INFO sqlalchemy.engine.Engine SELECT roles.id, roles.name, roles.display_name, roles.level, roles.is_active, roles.created_at, roles.updated_at 
FROM roles 
WHERE roles.id IN ($1::INTEGER, $2::INTEGER, $3::INTEGER)
2026-09-18 11:50:29,388 INFO sqlalchemy.engine.Engine [cached since 512s ago] (2, 19, 7)
2026-09-18 11:50:29,392 INFO sqlalchemy.engine.Engine BEGIN (implicit)
2026-09-18 11:50:29,392 INFO sqlalchemy.engine.Engine SELECT count(citizens.id) AS count_1 
FROM citizens
2026-09-18 11:50:29,393 INFO sqlalchemy.engine.Engine [cached since 515.2s ago] ()
2026-09-18 11:50:29,399 INFO sqlalchemy.engine.Engine SELECT permissions.id, permissions.name, permissions.display_name, permissions.category, permissions.is_active, permissions.created_at, permissions.updated_at 
FROM permissions JOIN role_permissions ON permissions.id = role_permissions.permission_id 
WHERE role_permissions.role_id = $1::INTEGER
2026-09-18 11:50:29,400 INFO sqlalchemy.engine.Engine [cached since 512s ago] (2,)
2026-09-18 11:50:29,404 INFO sqlalchemy.engine.Engine SELECT permissions.id, permissions.name, permissions.display_name, permissions.category, permissions.is_active, permissions.created_at, permissions.updated_at 
FROM permissions JOIN role_permissions ON permissions.id = role_permissions.permission_id 
WHERE role_permissions.role_id = $1::INTEGER
2026-09-18 11:50:29,405 INFO sqlalchemy.engine.Engine [cached since 512s ago] (2,)
INFO:     127.0.0.1:57962 - "GET /api/isb/me/access HTTP/1.1" 200 OK
2026-09-18 11:50:29,408 INFO sqlalchemy.engine.Engine ROLLBACK
2026-09-18 11:50:29,414 INFO sqlalchemy.engine.Engine SELECT permissions.id, permissions.name, permissions.display_name, permissions.category, permissions.is_active, permissions.created_at, permissions.updated_at 
FROM permissions JOIN role_permissions ON permissions.id = role_permissions.permission_id 
WHERE role_permissions.role_id = $1::INTEGER
2026-09-18 11:50:29,414 INFO sqlalchemy.engine.Engine [cached since 512s ago] (2,)
2026-09-18 11:50:29,421 INFO sqlalchemy.engine.Engine SELECT permissions.id, permissions.name, permissions.display_name, permissions.category, permissions.is_active, permissions.created_at, permissions.updated_at 
FROM permissions JOIN role_permissions ON permissions.id = role_permissions.permission_id 
WHERE role_permissions.role_id = $1::INTEGER
2026-09-18 11:50:29,422 INFO sqlalchemy.engine.Engine [cached since 512s ago] (7,)
2026-09-18 11:50:29,426 INFO sqlalchemy.engine.Engine SELECT permissions.id, permissions.name, permissions.display_name, permissions.category, permissions.is_active, permissions.created_at, permissions.updated_at 
FROM permissions JOIN role_permissions ON permissions.id = role_permissions.permission_id 
WHERE role_permissions.role_id = $1::INTEGER
2026-09-18 11:50:29,426 INFO sqlalchemy.engine.Engine [cached since 512s ago] (7,)
2026-09-18 11:50:29,430 INFO sqlalchemy.engine.Engine SELECT roles.id, roles.name, roles.display_name, roles.level, roles.is_active, roles.created_at, roles.updated_at 
FROM roles ORDER BY roles.level DESC
2026-09-18 11:50:29,431 INFO sqlalchemy.engine.Engine [cached since 511.5s ago] ()
2026-09-18 11:50:29,435 INFO sqlalchemy.engine.Engine SELECT permissions.id, permissions.name, permissions.display_name, permissions.category, permissions.is_active, permissions.created_at, permissions.updated_at 
FROM permissions JOIN role_permissions ON permissions.id = role_permissions.permission_id 
WHERE role_permissions.role_id = $1::INTEGER
2026-09-18 11:50:29,435 INFO sqlalchemy.engine.Engine [cached since 512s ago] (7,)
2026-09-18 11:50:29,440 INFO sqlalchemy.engine.Engine SELECT permissions.id, permissions.name, permissions.display_name, permissions.category, permissions.is_active, permissions.created_at, permissions.updated_at 
FROM permissions JOIN role_permissions ON permissions.id = role_permissions.permission_id 
WHERE role_permissions.role_id = $1::INTEGER
2026-09-18 11:50:29,441 INFO sqlalchemy.engine.Engine [cached since 512s ago] (19,)
2026-09-18 11:50:29,444 INFO sqlalchemy.engine.Engine SELECT permissions.id, permissions.name, permissions.display_name, permissions.category, permissions.is_active, permissions.created_at, permissions.updated_at 
FROM permissions JOIN role_permissions ON permissions.id = role_permissions.permission_id 
WHERE role_permissions.role_id = $1::INTEGER
2026-09-18 11:50:29,445 INFO sqlalchemy.engine.Engine [cached since 512s ago] (19,)
2026-09-18 11:50:29,451 INFO sqlalchemy.engine.Engine SELECT roles_1.id AS roles_1_id, permissions.id AS permissions_id, permissions.name AS permissions_name, permissions.display_name AS permissions_display_name, permissions.category AS permissions_category, permissions.is_active AS permissions_is_active, permissions.created_at AS permissions_created_at, permissions.updated_at AS permissions_updated_at 
FROM roles AS roles_1 JOIN role_permissions AS role_permissions_1 ON roles_1.id = role_permissions_1.role_id JOIN permissions ON permissions.id = role_permissions_1.permission_id 
WHERE roles_1.id IN ($1::INTEGER, $2::INTEGER, $3::INTEGER, $4::INTEGER, $5::INTEGER, $6::INTEGER, $7::INTEGER)
2026-09-18 11:50:29,452 INFO sqlalchemy.engine.Engine [cached since 511.5s ago] (2, 15, 16, 17, 18, 19, 7)
2026-09-18 11:50:29,456 INFO sqlalchemy.engine.Engine SELECT permissions.id, permissions.name, permissions.display_name, permissions.category, permissions.is_active, permissions.created_at, permissions.updated_at 
FROM permissions JOIN role_permissions ON permissions.id = role_permissions.permission_id 
WHERE role_permissions.role_id = $1::INTEGER
2026-09-18 11:50:29,456 INFO sqlalchemy.engine.Engine [cached since 512s ago] (19,)
2026-09-18 11:50:29,461 INFO sqlalchemy.engine.Engine SELECT isb_logs.id, isb_logs.created_at, isb_logs.severity, isb_logs.category, isb_logs.message, isb_logs.actor_id, isb_logs.sector_id, isb_logs.meta 
FROM isb_logs ORDER BY isb_logs.created_at DESC 
 LIMIT $1::INTEGER
2026-09-18 11:50:29,462 INFO sqlalchemy.engine.Engine [cached since 511.4s ago] (30,)
2026-09-18 11:50:29,464 INFO sqlalchemy.engine.Engine SELECT isb_sectors.id, isb_sectors.number, isb_sectors.name, isb_sectors.description, isb_sectors.center_x, isb_sectors.center_z, isb_sectors.threat_level, isb_sectors.is_active, isb_sectors.created_at 
FROM isb_sectors ORDER BY isb_sectors.number
2026-09-18 11:50:29,465 INFO sqlalchemy.engine.Engine [cached since 511.4s ago] ()
2026-09-18 11:50:29,468 INFO sqlalchemy.engine.Engine SELECT isb_employees.id, isb_employees.citizen_id, isb_employees.service_number, isb_employees.rank_name, isb_employees.rank_short, isb_employees.branch, isb_employees.level, isb_employees.access_level, isb_employees.position, isb_employees.enlisted_at, isb_employees.promoted_at, isb_employees.discharged_at, isb_employees.is_active, isb_employees.can_arrest, isb_employees.can_conduct_searches, isb_employees.can_issue_warrants, isb_employees.can_command, isb_employees.notes, isb_employees.created_at, isb_employees.updated_at 
FROM isb_employees ORDER BY isb_employees.level DESC
2026-09-18 11:50:29,469 INFO sqlalchemy.engine.Engine [cached since 511.6s ago] ()
2026-09-18 11:50:29,474 INFO sqlalchemy.engine.Engine SELECT citizens.id, citizens.discord_id, citizens.username, citizens.minecraft_uuid, citizens.role_ids, citizens.main_role_id, citizens.reputation, citizens.citizenship_date, citizens.last_login, citizens.created_at, citizens.updated_at, citizens.is_active, citizens.is_verified 
FROM citizens ORDER BY citizens.citizenship_date DESC 
 LIMIT $1::INTEGER OFFSET $2::INTEGER
2026-09-18 11:50:29,475 INFO sqlalchemy.engine.Engine [cached since 511.5s ago] (10000, 0)
2026-09-18 11:50:29,478 INFO sqlalchemy.engine.Engine SELECT citizens.id, citizens.discord_id, citizens.username, citizens.minecraft_uuid, citizens.role_ids, citizens.main_role_id, citizens.reputation, citizens.citizenship_date, citizens.last_login, citizens.created_at, citizens.updated_at, citizens.is_active, citizens.is_verified 
FROM citizens 
WHERE citizens.id = $1::INTEGER
2026-09-18 11:50:29,478 INFO sqlalchemy.engine.Engine [cached since 511.4s ago] (2,)
2026-09-18 11:50:29,480 INFO sqlalchemy.engine.Engine SELECT isb_sector_assignments.id, isb_sector_assignments.sector_id, isb_sector_assignments.employee_id, isb_sector_assignments.assigned_at, isb_sector_assignments.is_leader, isb_sector_assignments.notes 
FROM isb_sector_assignments 
WHERE isb_sector_assignments.sector_id = $1::INTEGER
2026-09-18 11:50:29,481 INFO sqlalchemy.engine.Engine [cached since 511.4s ago] (1,)
2026-09-18 11:50:29,484 INFO sqlalchemy.engine.Engine SELECT citizens.id, citizens.discord_id, citizens.username, citizens.minecraft_uuid, citizens.role_ids, citizens.main_role_id, citizens.reputation, citizens.citizenship_date, citizens.last_login, citizens.created_at, citizens.updated_at, citizens.is_active, citizens.is_verified 
FROM citizens 
WHERE citizens.id IN ($1::INTEGER, $2::INTEGER)
2026-09-18 11:50:29,484 INFO sqlalchemy.engine.Engine [cached since 511.6s ago] (2, 4)
INFO:     127.0.0.1:57950 - "GET /api/stats HTTP/1.1" 200 OK
2026-09-18 11:50:29,487 INFO sqlalchemy.engine.Engine ROLLBACK
2026-09-18 11:50:29,492 INFO sqlalchemy.engine.Engine SELECT isb_employees.id, isb_employees.citizen_id, isb_employees.service_number, isb_employees.rank_name, isb_employees.rank_short, isb_employees.branch, isb_employees.level, isb_employees.access_level, isb_employees.position, isb_employees.enlisted_at, isb_employees.promoted_at, isb_employees.discharged_at, isb_employees.is_active, isb_employees.can_arrest, isb_employees.can_conduct_searches, isb_employees.can_issue_warrants, isb_employees.can_command, isb_employees.notes, isb_employees.created_at, isb_employees.updated_at 
FROM isb_employees 
WHERE isb_employees.id = $1::INTEGER
2026-09-18 11:50:29,492 INFO sqlalchemy.engine.Engine [cached since 511.4s ago] (2,)
2026-09-18 11:50:29,494 INFO sqlalchemy.engine.Engine SELECT isb_sectors.id, isb_sectors.number, isb_sectors.name, isb_sectors.description, isb_sectors.center_x, isb_sectors.center_z, isb_sectors.threat_level, isb_sectors.is_active, isb_sectors.created_at 
FROM isb_sectors 
WHERE isb_sectors.id = $1::INTEGER
2026-09-18 11:50:29,495 INFO sqlalchemy.engine.Engine [cached since 511.4s ago] (1,)
INFO:     127.0.0.1:57954 - "GET /api/admin/isb/employees HTTP/1.1" 200 OK
2026-09-18 11:50:29,497 INFO sqlalchemy.engine.Engine ROLLBACK
2026-09-18 11:50:29,499 INFO sqlalchemy.engine.Engine SELECT citizens.id, citizens.discord_id, citizens.username, citizens.minecraft_uuid, citizens.role_ids, citizens.main_role_id, citizens.reputation, citizens.citizenship_date, citizens.last_login, citizens.created_at, citizens.updated_at, citizens.is_active, citizens.is_verified 
FROM citizens 
WHERE citizens.id = $1::INTEGER
2026-09-18 11:50:29,499 INFO sqlalchemy.engine.Engine [cached since 511.5s ago] (2,)
2026-09-18 11:50:29,501 INFO sqlalchemy.engine.Engine SELECT citizens.id, citizens.discord_id, citizens.username, citizens.minecraft_uuid, citizens.role_ids, citizens.main_role_id, citizens.reputation, citizens.citizenship_date, citizens.last_login, citizens.created_at, citizens.updated_at, citizens.is_active, citizens.is_verified 
FROM citizens 
WHERE citizens.id = $1::INTEGER
2026-09-18 11:50:29,501 INFO sqlalchemy.engine.Engine [cached since 511.5s ago] (4,)
2026-09-18 11:50:29,506 INFO sqlalchemy.engine.Engine BEGIN (implicit)
2026-09-18 11:50:29,507 INFO sqlalchemy.engine.Engine SELECT citizens.id, citizens.discord_id, citizens.username, citizens.minecraft_uuid, citizens.role_ids, citizens.main_role_id, citizens.reputation, citizens.citizenship_date, citizens.last_login, citizens.created_at, citizens.updated_at, citizens.is_active, citizens.is_verified 
FROM citizens 
WHERE citizens.discord_id = $1::BIGINT
2026-09-18 11:50:29,507 INFO sqlalchemy.engine.Engine [cached since 512.2s ago] (436507782263603200,)
2026-09-18 11:50:29,510 INFO sqlalchemy.engine.Engine SELECT isb_employees.id, isb_employees.citizen_id, isb_employees.service_number, isb_employees.rank_name, isb_employees.rank_short, isb_employees.branch, isb_employees.level, isb_employees.access_level, isb_employees.position, isb_employees.enlisted_at, isb_employees.promoted_at, isb_employees.discharged_at, isb_employees.is_active, isb_employees.can_arrest, isb_employees.can_conduct_searches, isb_employees.can_issue_warrants, isb_employees.can_command, isb_employees.notes, isb_employees.created_at, isb_employees.updated_at 
FROM isb_employees 
WHERE isb_employees.id = $1::INTEGER
2026-09-18 11:50:29,510 INFO sqlalchemy.engine.Engine [cached since 511.5s ago] (1,)
2026-09-18 11:50:29,512 INFO sqlalchemy.engine.Engine SELECT isb_sectors.id, isb_sectors.number, isb_sectors.name, isb_sectors.description, isb_sectors.center_x, isb_sectors.center_z, isb_sectors.threat_level, isb_sectors.is_active, isb_sectors.created_at 
FROM isb_sectors 
WHERE isb_sectors.id = $1::INTEGER
2026-09-18 11:50:29,512 INFO sqlalchemy.engine.Engine [cached since 511.5s ago] (1,)
2026-09-18 11:50:29,516 INFO sqlalchemy.engine.Engine SELECT citizens.id, citizens.discord_id, citizens.username, citizens.minecraft_uuid, citizens.role_ids, citizens.main_role_id, citizens.reputation, citizens.citizenship_date, citizens.last_login, citizens.created_at, citizens.updated_at, citizens.is_active, citizens.is_verified 
FROM citizens 
WHERE citizens.id = $1::INTEGER
2026-09-18 11:50:29,516 INFO sqlalchemy.engine.Engine [cached since 511.5s ago] (2,)
2026-09-18 11:50:29,518 INFO sqlalchemy.engine.Engine SELECT citizens.id, citizens.discord_id, citizens.username, citizens.minecraft_uuid, citizens.role_ids, citizens.main_role_id, citizens.reputation, citizens.citizenship_date, citizens.last_login, citizens.created_at, citizens.updated_at, citizens.is_active, citizens.is_verified 
FROM citizens 
WHERE citizens.id = $1::INTEGER
2026-09-18 11:50:29,518 INFO sqlalchemy.engine.Engine [cached since 511.5s ago] (2,)
2026-09-18 11:50:29,522 INFO sqlalchemy.engine.Engine SELECT roles.id, roles.name, roles.display_name, roles.level, roles.is_active, roles.created_at, roles.updated_at 
FROM roles 
WHERE roles.id IN ($1::INTEGER, $2::INTEGER, $3::INTEGER)
2026-09-18 11:50:29,522 INFO sqlalchemy.engine.Engine [cached since 512.1s ago] (2, 19, 7)
2026-09-18 11:50:29,524 INFO sqlalchemy.engine.Engine SELECT isb_sector_assignments.id, isb_sector_assignments.sector_id, isb_sector_assignments.employee_id, isb_sector_assignments.assigned_at, isb_sector_assignments.is_leader, isb_sector_assignments.notes 
FROM isb_sector_assignments 
WHERE isb_sector_assignments.sector_id = $1::INTEGER
2026-09-18 11:50:29,525 INFO sqlalchemy.engine.Engine [cached since 511.5s ago] (2,)
2026-09-18 11:50:29,526 INFO sqlalchemy.engine.Engine SELECT isb_sectors.id, isb_sectors.number, isb_sectors.name, isb_sectors.description, isb_sectors.center_x, isb_sectors.center_z, isb_sectors.threat_level, isb_sectors.is_active, isb_sectors.created_at 
FROM isb_sectors 
WHERE isb_sectors.id = $1::INTEGER
2026-09-18 11:50:29,527 INFO sqlalchemy.engine.Engine [cached since 511.5s ago] (10,)
2026-09-18 11:50:29,529 INFO sqlalchemy.engine.Engine SELECT permissions.id, permissions.name, permissions.display_name, permissions.category, permissions.is_active, permissions.created_at, permissions.updated_at 
FROM permissions JOIN role_permissions ON permissions.id = role_permissions.permission_id 
WHERE role_permissions.role_id = $1::INTEGER
2026-09-18 11:50:29,529 INFO sqlalchemy.engine.Engine [cached since 512.1s ago] (2,)
2026-09-18 11:50:29,532 INFO sqlalchemy.engine.Engine SELECT isb_sector_assignments.id, isb_sector_assignments.sector_id, isb_sector_assignments.employee_id, isb_sector_assignments.assigned_at, isb_sector_assignments.is_leader, isb_sector_assignments.notes 
FROM isb_sector_assignments 
WHERE isb_sector_assignments.sector_id = $1::INTEGER
2026-09-18 11:50:29,532 INFO sqlalchemy.engine.Engine [cached since 511.5s ago] (3,)
INFO:     127.0.0.1:57946 - "GET /api/isb/logs?limit=30 HTTP/1.1" 200 OK
2026-09-18 11:50:29,534 INFO sqlalchemy.engine.Engine ROLLBACK
2026-09-18 11:50:29,539 INFO sqlalchemy.engine.Engine SELECT permissions.id, permissions.name, permissions.display_name, permissions.category, permissions.is_active, permissions.created_at, permissions.updated_at 
FROM permissions JOIN role_permissions ON permissions.id = role_permissions.permission_id 
WHERE role_permissions.role_id = $1::INTEGER
2026-09-18 11:50:29,539 INFO sqlalchemy.engine.Engine [cached since 512.1s ago] (7,)
2026-09-18 11:50:29,541 INFO sqlalchemy.engine.Engine SELECT isb_sector_assignments.id, isb_sector_assignments.sector_id, isb_sector_assignments.employee_id, isb_sector_assignments.assigned_at, isb_sector_assignments.is_leader, isb_sector_assignments.notes 
FROM isb_sector_assignments 
WHERE isb_sector_assignments.sector_id = $1::INTEGER
2026-09-18 11:50:29,541 INFO sqlalchemy.engine.Engine [cached since 511.5s ago] (4,)
2026-09-18 11:50:29,544 INFO sqlalchemy.engine.Engine SELECT permissions.id, permissions.name, permissions.display_name, permissions.category, permissions.is_active, permissions.created_at, permissions.updated_at 
FROM permissions JOIN role_permissions ON permissions.id = role_permissions.permission_id 
WHERE role_permissions.role_id = $1::INTEGER
2026-09-18 11:50:29,545 INFO sqlalchemy.engine.Engine [cached since 512.1s ago] (19,)
2026-09-18 11:50:29,547 INFO sqlalchemy.engine.Engine SELECT isb_sector_assignments.id, isb_sector_assignments.sector_id, isb_sector_assignments.employee_id, isb_sector_assignments.assigned_at, isb_sector_assignments.is_leader, isb_sector_assignments.notes 
FROM isb_sector_assignments 
WHERE isb_sector_assignments.sector_id = $1::INTEGER
2026-09-18 11:50:29,547 INFO sqlalchemy.engine.Engine [cached since 511.5s ago] (5,)
2026-09-18 11:50:29,550 INFO sqlalchemy.engine.Engine SELECT roles.id, roles.name, roles.display_name, roles.level, roles.is_active, roles.created_at, roles.updated_at 
FROM roles 
WHERE roles.id IN ($1::INTEGER, $2::INTEGER, $3::INTEGER)
2026-09-18 11:50:29,551 INFO sqlalchemy.engine.Engine [cached since 512.2s ago] (2, 19, 7)
2026-09-18 11:50:29,553 INFO sqlalchemy.engine.Engine SELECT isb_sector_assignments.id, isb_sector_assignments.sector_id, isb_sector_assignments.employee_id, isb_sector_assignments.assigned_at, isb_sector_assignments.is_leader, isb_sector_assignments.notes 
FROM isb_sector_assignments 
WHERE isb_sector_assignments.sector_id = $1::INTEGER
2026-09-18 11:50:29,553 INFO sqlalchemy.engine.Engine [cached since 511.5s ago] (6,)
2026-09-18 11:50:29,556 INFO sqlalchemy.engine.Engine SELECT permissions.id, permissions.name, permissions.display_name, permissions.category, permissions.is_active, permissions.created_at, permissions.updated_at 
FROM permissions JOIN role_permissions ON permissions.id = role_permissions.permission_id 
WHERE role_permissions.role_id = $1::INTEGER
2026-09-18 11:50:29,556 INFO sqlalchemy.engine.Engine [cached since 512.1s ago] (2,)
2026-09-18 11:50:29,558 INFO sqlalchemy.engine.Engine SELECT isb_sector_assignments.id, isb_sector_assignments.sector_id, isb_sector_assignments.employee_id, isb_sector_assignments.assigned_at, isb_sector_assignments.is_leader, isb_sector_assignments.notes 
FROM isb_sector_assignments 
WHERE isb_sector_assignments.sector_id = $1::INTEGER
2026-09-18 11:50:29,558 INFO sqlalchemy.engine.Engine [cached since 511.5s ago] (7,)
2026-09-18 11:50:29,560 INFO sqlalchemy.engine.Engine SELECT permissions.id, permissions.name, permissions.display_name, permissions.category, permissions.is_active, permissions.created_at, permissions.updated_at 
FROM permissions JOIN role_permissions ON permissions.id = role_permissions.permission_id 
WHERE role_permissions.role_id = $1::INTEGER
2026-09-18 11:50:29,561 INFO sqlalchemy.engine.Engine [cached since 512.1s ago] (7,)
2026-09-18 11:50:29,562 INFO sqlalchemy.engine.Engine SELECT isb_sector_assignments.id, isb_sector_assignments.sector_id, isb_sector_assignments.employee_id, isb_sector_assignments.assigned_at, isb_sector_assignments.is_leader, isb_sector_assignments.notes 
FROM isb_sector_assignments 
WHERE isb_sector_assignments.sector_id = $1::INTEGER
2026-09-18 11:50:29,562 INFO sqlalchemy.engine.Engine [cached since 511.5s ago] (8,)
2026-09-18 11:50:29,565 INFO sqlalchemy.engine.Engine SELECT permissions.id, permissions.name, permissions.display_name, permissions.category, permissions.is_active, permissions.created_at, permissions.updated_at 
FROM permissions JOIN role_permissions ON permissions.id = role_permissions.permission_id 
WHERE role_permissions.role_id = $1::INTEGER
2026-09-18 11:50:29,565 INFO sqlalchemy.engine.Engine [cached since 512.2s ago] (19,)
2026-09-18 11:50:29,567 INFO sqlalchemy.engine.Engine SELECT isb_sector_assignments.id, isb_sector_assignments.sector_id, isb_sector_assignments.employee_id, isb_sector_assignments.assigned_at, isb_sector_assignments.is_leader, isb_sector_assignments.notes 
FROM isb_sector_assignments 
WHERE isb_sector_assignments.sector_id = $1::INTEGER
2026-09-18 11:50:29,567 INFO sqlalchemy.engine.Engine [cached since 511.5s ago] (9,)
2026-09-18 11:50:29,570 INFO sqlalchemy.engine.Engine SELECT algorithms.id, algorithms.number, algorithms.title, algorithms.description, algorithms.task_type, algorithms.scope, algorithms.status, algorithms.deadline, algorithms.reward_reputation, algorithms.created_by, algorithms.max_participants, algorithms.created_at, algorithms.updated_at 
FROM algorithms ORDER BY algorithms.created_at DESC 
 LIMIT $1::INTEGER OFFSET $2::INTEGER
2026-09-18 11:50:29,570 INFO sqlalchemy.engine.Engine [cached since 511.4s ago] (200, 0)
2026-09-18 11:50:29,572 INFO sqlalchemy.engine.Engine SELECT isb_sector_assignments.id, isb_sector_assignments.sector_id, isb_sector_assignments.employee_id, isb_sector_assignments.assigned_at, isb_sector_assignments.is_leader, isb_sector_assignments.notes 
FROM isb_sector_assignments 
WHERE isb_sector_assignments.sector_id = $1::INTEGER
2026-09-18 11:50:29,572 INFO sqlalchemy.engine.Engine [cached since 511.5s ago] (10,)
INFO:     127.0.0.1:57950 - "GET /api/algorithms HTTP/1.1" 200 OK
2026-09-18 11:50:29,574 INFO sqlalchemy.engine.Engine ROLLBACK
2026-09-18 11:50:29,576 INFO sqlalchemy.engine.Engine SELECT isb_employees.id, isb_employees.citizen_id, isb_employees.service_number, isb_employees.rank_name, isb_employees.rank_short, isb_employees.branch, isb_employees.level, isb_employees.access_level, isb_employees.position, isb_employees.enlisted_at, isb_employees.promoted_at, isb_employees.discharged_at, isb_employees.is_active, isb_employees.can_arrest, isb_employees.can_conduct_searches, isb_employees.can_issue_warrants, isb_employees.can_command, isb_employees.notes, isb_employees.created_at, isb_employees.updated_at 
FROM isb_employees 
WHERE isb_employees.id = $1::INTEGER
2026-09-18 11:50:29,576 INFO sqlalchemy.engine.Engine [cached since 511.5s ago] (2,)
2026-09-18 11:50:29,579 INFO sqlalchemy.engine.Engine SELECT citizens.id, citizens.discord_id, citizens.username, citizens.minecraft_uuid, citizens.role_ids, citizens.main_role_id, citizens.reputation, citizens.citizenship_date, citizens.last_login, citizens.created_at, citizens.updated_at, citizens.is_active, citizens.is_verified 
FROM citizens 
WHERE citizens.id = $1::INTEGER
2026-09-18 11:50:29,580 INFO sqlalchemy.engine.Engine [cached since 511.5s ago] (4,)
INFO:     127.0.0.1:57958 - "GET /api/isb/sectors HTTP/1.1" 200 OK
2026-09-18 11:50:29,584 INFO sqlalchemy.engine.Engine ROLLBACK
2026-09-18 11:50:29,592 INFO sqlalchemy.engine.Engine BEGIN (implicit)
2026-09-18 11:50:29,593 INFO sqlalchemy.engine.Engine SELECT citizens.id, citizens.discord_id, citizens.username, citizens.minecraft_uuid, citizens.role_ids, citizens.main_role_id, citizens.reputation, citizens.citizenship_date, citizens.last_login, citizens.created_at, citizens.updated_at, citizens.is_active, citizens.is_verified 
FROM citizens 
WHERE citizens.username ILIKE $1::VARCHAR OR citizens.minecraft_uuid ILIKE $2::VARCHAR 
 LIMIT $3::INTEGER
2026-09-18 11:50:29,593 INFO sqlalchemy.engine.Engine [cached since 511.4s ago] ('%test%', '%test%', 10)
2026-09-18 11:50:29,596 INFO sqlalchemy.engine.Engine SELECT roles.id, roles.name, roles.display_name, roles.level, roles.is_active, roles.created_at, roles.updated_at 
FROM roles 
WHERE roles.name ILIKE $1::VARCHAR OR roles.display_name ILIKE $2::VARCHAR 
 LIMIT $3::INTEGER
2026-09-18 11:50:29,596 INFO sqlalchemy.engine.Engine [cached since 511.4s ago] ('%test%', '%test%', 5)
2026-09-18 11:50:29,598 INFO sqlalchemy.engine.Engine SELECT isb_awards.id, isb_awards.name, isb_awards.display_name, isb_awards.description, isb_awards.icon, isb_awards.rarity, isb_awards.category, isb_awards.is_active, isb_awards.created_at 
FROM isb_awards 
WHERE isb_awards.name ILIKE $1::VARCHAR OR isb_awards.display_name ILIKE $2::VARCHAR OR isb_awards.description ILIKE $3::VARCHAR 
 LIMIT $4::INTEGER
2026-09-18 11:50:29,598 INFO sqlalchemy.engine.Engine [cached since 511.4s ago] ('%test%', '%test%', '%test%', 5)
2026-09-18 11:50:29,600 INFO sqlalchemy.engine.Engine SELECT isb_employees.id, isb_employees.citizen_id, isb_employees.service_number, isb_employees.rank_name, isb_employees.rank_short, isb_employees.branch, isb_employees.level, isb_employees.access_level, isb_employees.position, isb_employees.enlisted_at, isb_employees.promoted_at, isb_employees.discharged_at, isb_employees.is_active, isb_employees.can_arrest, isb_employees.can_conduct_searches, isb_employees.can_issue_warrants, isb_employees.can_command, isb_employees.notes, isb_employees.created_at, isb_employees.updated_at 
FROM isb_employees 
WHERE isb_employees.service_number ILIKE $1::VARCHAR OR isb_employees.rank_name ILIKE $2::VARCHAR OR isb_employees.position ILIKE $3::VARCHAR 
 LIMIT $4::INTEGER
2026-09-18 11:50:29,601 INFO sqlalchemy.engine.Engine [cached since 511.4s ago] ('%test%', '%test%', '%test%', 10)
INFO:     127.0.0.1:57950 - "GET /api/search?q=test HTTP/1.1" 200 OK
2026-09-18 11:50:29,603 INFO sqlalchemy.engine.Engine ROLLBACK
2026-09-18 11:50:29,609 INFO sqlalchemy.engine.Engine BEGIN (implicit)
2026-09-18 11:50:29,609 INFO sqlalchemy.engine.Engine SELECT citizens.id, citizens.discord_id, citizens.username, citizens.minecraft_uuid, citizens.role_ids, citizens.main_role_id, citizens.reputation, citizens.citizenship_date, citizens.last_login, citizens.created_at, citizens.updated_at, citizens.is_active, citizens.is_verified 
FROM citizens 
WHERE citizens.discord_id = $1::BIGINT
2026-09-18 11:50:29,609 INFO sqlalchemy.engine.Engine [cached since 512.3s ago] (436507782263603200,)
2026-09-18 11:50:29,612 INFO sqlalchemy.engine.Engine SELECT roles.id, roles.name, roles.display_name, roles.level, roles.is_active, roles.created_at, roles.updated_at 
FROM roles 
WHERE roles.id IN ($1::INTEGER, $2::INTEGER, $3::INTEGER)
2026-09-18 11:50:29,612 INFO sqlalchemy.engine.Engine [cached since 512.2s ago] (2, 19, 7)
2026-09-18 11:50:29,613 INFO sqlalchemy.engine.Engine SELECT permissions.id, permissions.name, permissions.display_name, permissions.category, permissions.is_active, permissions.created_at, permissions.updated_at 
FROM permissions JOIN role_permissions ON permissions.id = role_permissions.permission_id 
WHERE role_permissions.role_id = $1::INTEGER
2026-09-18 11:50:29,614 INFO sqlalchemy.engine.Engine [cached since 512.2s ago] (2,)
2026-09-18 11:50:29,616 INFO sqlalchemy.engine.Engine SELECT permissions.id, permissions.name, permissions.display_name, permissions.category, permissions.is_active, permissions.created_at, permissions.updated_at 
FROM permissions JOIN role_permissions ON permissions.id = role_permissions.permission_id 
WHERE role_permissions.role_id = $1::INTEGER
2026-09-18 11:50:29,616 INFO sqlalchemy.engine.Engine [cached since 512.2s ago] (7,)
2026-09-18 11:50:29,617 INFO sqlalchemy.engine.Engine SELECT permissions.id, permissions.name, permissions.display_name, permissions.category, permissions.is_active, permissions.created_at, permissions.updated_at 
FROM permissions JOIN role_permissions ON permissions.id = role_permissions.permission_id 
WHERE role_permissions.role_id = $1::INTEGER
2026-09-18 11:50:29,617 INFO sqlalchemy.engine.Engine [cached since 512.2s ago] (19,)
2026-09-18 11:50:29,620 INFO sqlalchemy.engine.Engine SELECT roles.id, roles.name, roles.display_name, roles.level, roles.is_active, roles.created_at, roles.updated_at 
FROM roles 
WHERE roles.id IN ($1::INTEGER, $2::INTEGER, $3::INTEGER)
2026-09-18 11:50:29,620 INFO sqlalchemy.engine.Engine [cached since 512.2s ago] (2, 19, 7)
2026-09-18 11:50:29,622 INFO sqlalchemy.engine.Engine SELECT permissions.id, permissions.name, permissions.display_name, permissions.category, permissions.is_active, permissions.created_at, permissions.updated_at 
FROM permissions JOIN role_permissions ON permissions.id = role_permissions.permission_id 
WHERE role_permissions.role_id = $1::INTEGER
2026-09-18 11:50:29,622 INFO sqlalchemy.engine.Engine [cached since 512.2s ago] (2,)
2026-09-18 11:50:29,624 INFO sqlalchemy.engine.Engine SELECT permissions.id, permissions.name, permissions.display_name, permissions.category, permissions.is_active, permissions.created_at, permissions.updated_at 
FROM permissions JOIN role_permissions ON permissions.id = role_permissions.permission_id 
WHERE role_permissions.role_id = $1::INTEGER
2026-09-18 11:50:29,624 INFO sqlalchemy.engine.Engine [cached since 512.2s ago] (7,)
2026-09-18 11:50:29,626 INFO sqlalchemy.engine.Engine SELECT permissions.id, permissions.name, permissions.display_name, permissions.category, permissions.is_active, permissions.created_at, permissions.updated_at 
FROM permissions JOIN role_permissions ON permissions.id = role_permissions.permission_id 
WHERE role_permissions.role_id = $1::INTEGER
2026-09-18 11:50:29,626 INFO sqlalchemy.engine.Engine [cached since 512.2s ago] (19,)
2026-09-18 11:50:29,628 INFO sqlalchemy.engine.Engine SELECT algorithms.id, algorithms.number, algorithms.title, algorithms.description, algorithms.task_type, algorithms.scope, algorithms.status, algorithms.deadline, algorithms.reward_reputation, algorithms.created_by, algorithms.max_participants, algorithms.created_at, algorithms.updated_at 
FROM algorithms ORDER BY algorithms.created_at DESC 
 LIMIT $1::INTEGER OFFSET $2::INTEGER
2026-09-18 11:50:29,629 INFO sqlalchemy.engine.Engine [cached since 511.5s ago] (200, 0)
INFO:     127.0.0.1:57950 - "GET /api/algorithms HTTP/1.1" 200 OK
2026-09-18 11:50:29,630 INFO sqlalchemy.engine.Engine ROLLBACK
